ISO-10303-21;
HEADER;
/* Generated by software containing ST-Developer
 * from STEP Tools, Inc. (www.steptools.com) 
 */
/* OPTION: using custom renumber hook */

FILE_DESCRIPTION(
/* description */ ('STEP AP242 Edition 2',
'CAx-IF Rec.Pracs.---Representation and Presentation of Product Manufa
cturing Information (PMI)---4.0---2014-10-13',
'CAx-IF Rec.Pracs.---3D Tessellated Geometry---0.4---2014-09-14','2;1',
'CAx-IF Rec.Pracs.---User Defined Attributes---1.5---2016-08-15'),
/* implementation_level */ '2;1');

FILE_NAME(
/* name */ 'Part Studio 1 - Duct',
/* time_stamp */ '2026-04-19T07:41:25Z',
/* author */ (''),
/* organization */ (''),
/* preprocessor_version */ 'ST-DEVELOPER v20',
/* originating_system */ 'ONSHAPE BY PTC INC, 1.213',
/* authorisation */ '  ');

FILE_SCHEMA (('AP242_MANAGED_MODEL_BASED_3D_ENGINEERING_MIM_LF { 1 0 10303 442 3 1 4 }'));
ENDSEC;

DATA;
#10=SHAPE_REPRESENTATION_RELATIONSHIP('','',#8836,#11);
#11=ADVANCED_BREP_SHAPE_REPRESENTATION('',(#8834),#15803);
#12=ORIENTED_CLOSED_SHELL('',*,#8825,.F.);
#13=DEGENERATE_TOROIDAL_SURFACE('',#9246,0.000999999999998752,0.00100000000000013,
 .T.);
#14=SPHERICAL_SURFACE('',#9042,0.001);
#15=SPHERICAL_SURFACE('',#9049,0.001);
#16=SPHERICAL_SURFACE('',#9059,0.001);
#17=SPHERICAL_SURFACE('',#9065,0.001);
#18=TOROIDAL_SURFACE('',#9036,0.00525002525335929,0.001);
#19=TOROIDAL_SURFACE('',#9086,0.00525002525335929,0.001);
#20=TOROIDAL_SURFACE('',#9213,0.0009,0.0006);
#21=TOROIDAL_SURFACE('',#9217,0.0009,0.0006);
#22=TOROIDAL_SURFACE('',#9238,0.00100000000000064,0.000999999999999665);
#23=CYLINDRICAL_SURFACE('',#8862,0.0008);
#24=CYLINDRICAL_SURFACE('',#8914,0.0025);
#25=CYLINDRICAL_SURFACE('',#8922,0.005);
#26=CYLINDRICAL_SURFACE('',#8928,0.0115423812519878);
#27=CYLINDRICAL_SURFACE('',#8933,0.005);
#28=CYLINDRICAL_SURFACE('',#8937,0.0115423812519878);
#29=CYLINDRICAL_SURFACE('',#8942,0.005);
#30=CYLINDRICAL_SURFACE('',#8954,0.00145);
#31=CYLINDRICAL_SURFACE('',#8957,0.0247504936697048);
#32=CYLINDRICAL_SURFACE('',#8961,0.0025);
#33=CYLINDRICAL_SURFACE('',#8976,0.0115423812519878);
#34=CYLINDRICAL_SURFACE('',#8979,0.012);
#35=CYLINDRICAL_SURFACE('',#8981,0.012);
#36=CYLINDRICAL_SURFACE('',#8983,0.012);
#37=CYLINDRICAL_SURFACE('',#8992,0.012);
#38=CYLINDRICAL_SURFACE('',#9006,0.00235);
#39=CYLINDRICAL_SURFACE('',#9046,0.001);
#40=CYLINDRICAL_SURFACE('',#9047,0.001);
#41=CYLINDRICAL_SURFACE('',#9048,0.001);
#42=CYLINDRICAL_SURFACE('',#9053,0.001);
#43=CYLINDRICAL_SURFACE('',#9054,0.001);
#44=CYLINDRICAL_SURFACE('',#9055,0.001);
#45=CYLINDRICAL_SURFACE('',#9056,0.001);
#46=CYLINDRICAL_SURFACE('',#9063,0.001);
#47=CYLINDRICAL_SURFACE('',#9069,0.001);
#48=CYLINDRICAL_SURFACE('',#9070,0.001);
#49=CYLINDRICAL_SURFACE('',#9073,0.001);
#50=CYLINDRICAL_SURFACE('',#9075,0.001);
#51=CYLINDRICAL_SURFACE('',#9077,0.001);
#52=CYLINDRICAL_SURFACE('',#9078,0.001);
#53=CYLINDRICAL_SURFACE('',#9079,0.001);
#54=CYLINDRICAL_SURFACE('',#9089,0.001);
#55=CYLINDRICAL_SURFACE('',#9090,0.001);
#56=CYLINDRICAL_SURFACE('',#9092,0.001);
#57=CYLINDRICAL_SURFACE('',#9097,0.0031);
#58=CYLINDRICAL_SURFACE('',#9104,0.0031);
#59=CYLINDRICAL_SURFACE('',#9110,0.014000263758886);
#60=CYLINDRICAL_SURFACE('',#9114,0.014000263758886);
#61=CYLINDRICAL_SURFACE('',#9122,0.0140002640201693);
#62=CYLINDRICAL_SURFACE('',#9176,0.0017);
#63=CYLINDRICAL_SURFACE('',#9196,0.0039);
#64=CYLINDRICAL_SURFACE('',#9200,0.0039);
#65=CYLINDRICAL_SURFACE('',#9230,0.00059);
#66=CYLINDRICAL_SURFACE('',#9233,0.00059);
#67=CYLINDRICAL_SURFACE('',#9235,0.00059);
#68=CYLINDRICAL_SURFACE('',#9241,0.001);
#69=CYLINDRICAL_SURFACE('',#9243,0.00059);
#70=CYLINDRICAL_SURFACE('',#9249,0.001);
#71=CYLINDRICAL_SURFACE('',#9274,0.00235);
#72=CYLINDRICAL_SURFACE('',#9278,0.00235);
#73=CYLINDRICAL_SURFACE('',#9286,0.00500492752001078);
#74=CYLINDRICAL_SURFACE('',#9291,0.0017);
#75=CYLINDRICAL_SURFACE('',#9293,0.001);
#76=CYLINDRICAL_SURFACE('',#9295,0.001);
#77=CYLINDRICAL_SURFACE('',#9297,0.001);
#78=CYLINDRICAL_SURFACE('',#9298,0.0010010877011649);
#79=CYLINDRICAL_SURFACE('',#9299,0.00100118354259352);
#80=CYLINDRICAL_SURFACE('',#9300,0.001);
#81=CYLINDRICAL_SURFACE('',#9309,0.001);
#82=CYLINDRICAL_SURFACE('',#9311,0.001);
#83=CYLINDRICAL_SURFACE('',#9314,0.001);
#84=CYLINDRICAL_SURFACE('',#9322,0.001);
#85=CYLINDRICAL_SURFACE('',#9331,0.000839015435430164);
#86=CYLINDRICAL_SURFACE('',#9341,0.00158717035655404);
#87=CYLINDRICAL_SURFACE('',#9342,0.00126930048469849);
#88=CYLINDRICAL_SURFACE('',#9343,0.00152953800428609);
#89=CYLINDRICAL_SURFACE('',#9346,0.00104560093556393);
#90=CYLINDRICAL_SURFACE('',#9371,0.0008);
#91=CYLINDRICAL_SURFACE('',#9423,0.0025);
#92=CYLINDRICAL_SURFACE('',#9431,0.005);
#93=CYLINDRICAL_SURFACE('',#9437,0.0115423812519878);
#94=CYLINDRICAL_SURFACE('',#9442,0.005);
#95=CYLINDRICAL_SURFACE('',#9446,0.0115423812519878);
#96=CYLINDRICAL_SURFACE('',#9451,0.005);
#97=CYLINDRICAL_SURFACE('',#9463,0.00145);
#98=CYLINDRICAL_SURFACE('',#9466,0.0247504936697048);
#99=CYLINDRICAL_SURFACE('',#9471,0.0025);
#100=CYLINDRICAL_SURFACE('',#9486,0.0115423812519878);
#101=CYLINDRICAL_SURFACE('',#9489,0.012);
#102=CYLINDRICAL_SURFACE('',#9491,0.012);
#103=CYLINDRICAL_SURFACE('',#9493,0.012);
#104=CYLINDRICAL_SURFACE('',#9502,0.012);
#105=CYLINDRICAL_SURFACE('',#9516,0.00235);
#106=CONICAL_SURFACE('',#8860,0.000999999994407529,0.785398163397876);
#107=CONICAL_SURFACE('',#8864,0.00055000011687468,0.785398163397412);
#108=CONICAL_SURFACE('',#8896,0.0095,0.785398163397448);
#109=CONICAL_SURFACE('',#8916,0.0249504936697048,0.785398163397447);
#110=CONICAL_SURFACE('',#8948,0.00165,0.785398163397448);
#111=CONICAL_SURFACE('',#8950,0.0027,0.78539816339747);
#112=CONICAL_SURFACE('',#8960,0.0237504936697048,0.785398163397453);
#113=CONICAL_SURFACE('',#8986,0.0118000000000116,0.785403541380201);
#114=CONICAL_SURFACE('',#8999,0.0118000000000116,0.785403541380201);
#115=CONICAL_SURFACE('',#9008,0.00255,0.785398163397448);
#116=CONICAL_SURFACE('',#9095,0.0033,0.785398163397557);
#117=CONICAL_SURFACE('',#9102,0.0033,0.785398163397345);
#118=CONICAL_SURFACE('',#9109,0.0142,0.785398163397491);
#119=CONICAL_SURFACE('',#9276,0.00255,0.785398163397448);
#120=CONICAL_SURFACE('',#9280,0.00255,0.785398163397448);
#121=CONICAL_SURFACE('',#9318,0.001,0.785398163397449);
#122=CONICAL_SURFACE('',#9369,0.000999999994407529,0.785398163397876);
#123=CONICAL_SURFACE('',#9373,0.00055000011687468,0.785398163397412);
#124=CONICAL_SURFACE('',#9405,0.0095,0.785398163397448);
#125=CONICAL_SURFACE('',#9425,0.0249504936697048,0.785398163397447);
#126=CONICAL_SURFACE('',#9457,0.00165,0.785398163397448);
#127=CONICAL_SURFACE('',#9459,0.0027,0.78539816339747);
#128=CONICAL_SURFACE('',#9470,0.0237504936697048,0.785398163397453);
#129=CONICAL_SURFACE('',#9496,0.0118000000000116,0.785403541380201);
#130=CONICAL_SURFACE('',#9509,0.0118000000000116,0.785403541380201);
#131=CONICAL_SURFACE('',#9518,0.00255,0.785398163397448);
#132=B_SPLINE_SURFACE_WITH_KNOTS('',3,3,((#11926,#11927,#11928,#11929,#11930,
#11931,#11932,#11933,#11934,#11935),(#11936,#11937,#11938,#11939,#11940,
#11941,#11942,#11943,#11944,#11945),(#11946,#11947,#11948,#11949,#11950,
#11951,#11952,#11953,#11954,#11955),(#11956,#11957,#11958,#11959,#11960,
#11961,#11962,#11963,#11964,#11965),(#11966,#11967,#11968,#11969,#11970,
#11971,#11972,#11973,#11974,#11975),(#11976,#11977,#11978,#11979,#11980,
#11981,#11982,#11983,#11984,#11985),(#11986,#11987,#11988,#11989,#11990,
#11991,#11992,#11993,#11994,#11995)),.UNSPECIFIED.,.F.,.F.,.F.,(4,3,4),
(4,3,3,4),(0.3111421743266,1.13742923629292,1.14560854361341),(-0.227736950367226,
0.0378164364688696,1.42437010344101,1.44629969132304),
 .PIECEWISE_BEZIER_KNOTS.);
#133=B_SPLINE_SURFACE_WITH_KNOTS('',3,3,((#12022,#12023,#12024,#12025,#12026,
#12027,#12028,#12029,#12030,#12031),(#12032,#12033,#12034,#12035,#12036,
#12037,#12038,#12039,#12040,#12041),(#12042,#12043,#12044,#12045,#12046,
#12047,#12048,#12049,#12050,#12051),(#12052,#12053,#12054,#12055,#12056,
#12057,#12058,#12059,#12060,#12061),(#12062,#12063,#12064,#12065,#12066,
#12067,#12068,#12069,#12070,#12071),(#12072,#12073,#12074,#12075,#12076,
#12077,#12078,#12079,#12080,#12081),(#12082,#12083,#12084,#12085,#12086,
#12087,#12088,#12089,#12090,#12091)),.UNSPECIFIED.,.F.,.F.,.F.,(4,3,4),
(4,3,3,4),(-0.956443645588519,0.0162556469363909,0.801062190931318),(-0.2404025071695,
0.037815788644935,1.22098946728587,1.58561304216888),
 .PIECEWISE_BEZIER_KNOTS.);
#134=B_SPLINE_SURFACE_WITH_KNOTS('',3,3,((#12116,#12117,#12118,#12119,#12120,
#12121,#12122,#12123,#12124,#12125),(#12126,#12127,#12128,#12129,#12130,
#12131,#12132,#12133,#12134,#12135),(#12136,#12137,#12138,#12139,#12140,
#12141,#12142,#12143,#12144,#12145),(#12146,#12147,#12148,#12149,#12150,
#12151,#12152,#12153,#12154,#12155),(#12156,#12157,#12158,#12159,#12160,
#12161,#12162,#12163,#12164,#12165),(#12166,#12167,#12168,#12169,#12170,
#12171,#12172,#12173,#12174,#12175),(#12176,#12177,#12178,#12179,#12180,
#12181,#12182,#12183,#12184,#12185),(#12186,#12187,#12188,#12189,#12190,
#12191,#12192,#12193,#12194,#12195),(#12196,#12197,#12198,#12199,#12200,
#12201,#12202,#12203,#12204,#12205),(#12206,#12207,#12208,#12209,#12210,
#12211,#12212,#12213,#12214,#12215)),.UNSPECIFIED.,.F.,.F.,.F.,(4,3,3,4),
(4,3,3,4),(-0.952991356038596,-0.63273840175706,0.0163934426224715,0.766702977528932),
(-0.240401859342897,0.0378164364715748,1.21428621458844,1.58561368998815),
 .PIECEWISE_BEZIER_KNOTS.);
#135=B_SPLINE_SURFACE_WITH_KNOTS('',3,1,((#12323,#12324),(#12325,#12326),
(#12327,#12328),(#12329,#12330),(#12331,#12332),(#12333,#12334)),
 .SURF_OF_LINEAR_EXTRUSION.,.F.,.F.,.F.,(4,1,1,4),(2,2),(-3.44276941607867,
-3.13027469650907,-2.97402733672427,-2.81777997693947),(0.,1.),
 .UNSPECIFIED.);
#136=B_SPLINE_SURFACE_WITH_KNOTS('',3,1,((#12642,#12643),(#12644,#12645),
(#12646,#12647),(#12648,#12649),(#12650,#12651),(#12652,#12653),(#12654,
#12655),(#12656,#12657),(#12658,#12659),(#12660,#12661),(#12662,#12663)),
 .SURF_OF_LINEAR_EXTRUSION.,.F.,.F.,.F.,(4,1,1,1,1,1,1,1,4),(2,2),(-3.38580030726043,
-2.62105099846708,-2.23867634407041,-1.85630168967373,-1.47392703527706,
-1.09155238088039,-0.900365053682049,-0.709177726483712,-0.326803072087039),
(0.,1.),.UNSPECIFIED.);
#137=B_SPLINE_SURFACE_WITH_KNOTS('',3,3,((#12951,#12952,#12953,#12954,#12955,
#12956),(#12957,#12958,#12959,#12960,#12961,#12962),(#12963,#12964,#12965,
#12966,#12967,#12968),(#12969,#12970,#12971,#12972,#12973,#12974),(#12975,
#12976,#12977,#12978,#12979,#12980),(#12981,#12982,#12983,#12984,#12985,
#12986),(#12987,#12988,#12989,#12990,#12991,#12992),(#12993,#12994,#12995,
#12996,#12997,#12998)),.UNSPECIFIED.,.F.,.F.,.F.,(4,3,1,4),(4,1,1,4),(-0.01,
0.,0.571428571428571,1.),(3.46944695195362E-16,0.448798950512826,0.897597901025651,
1.57079632679489),.UNSPECIFIED.);
#138=B_SPLINE_SURFACE_WITH_KNOTS('',3,3,((#13032,#13033,#13034,#13035,#13036,
#13037),(#13038,#13039,#13040,#13041,#13042,#13043),(#13044,#13045,#13046,
#13047,#13048,#13049),(#13050,#13051,#13052,#13053,#13054,#13055),(#13056,
#13057,#13058,#13059,#13060,#13061),(#13062,#13063,#13064,#13065,#13066,
#13067),(#13068,#13069,#13070,#13071,#13072,#13073),(#13074,#13075,#13076,
#13077,#13078,#13079)),.UNSPECIFIED.,.F.,.F.,.F.,(4,3,1,4),(4,1,1,4),(-0.01,
0.,0.571428571428571,1.),(-1.57079632679489,-0.897597901025654,-0.448798950512827,
-2.08166817117217E-16),.UNSPECIFIED.);
#139=B_SPLINE_SURFACE_WITH_KNOTS('',3,3,((#13162,#13163,#13164,#13165,#13166,
#13167),(#13168,#13169,#13170,#13171,#13172,#13173),(#13174,#13175,#13176,
#13177,#13178,#13179),(#13180,#13181,#13182,#13183,#13184,#13185),(#13186,
#13187,#13188,#13189,#13190,#13191),(#13192,#13193,#13194,#13195,#13196,
#13197),(#13198,#13199,#13200,#13201,#13202,#13203),(#13204,#13205,#13206,
#13207,#13208,#13209)),.UNSPECIFIED.,.F.,.F.,.F.,(4,3,1,4),(4,1,1,4),(-0.01,
0.,0.571428571428571,1.),(-1.5707963267949,-0.897597901025657,-0.448798950512831,
-4.73026509872845E-15),.UNSPECIFIED.);
#140=B_SPLINE_SURFACE_WITH_KNOTS('',3,3,((#13245,#13246,#13247,#13248,#13249,
#13250),(#13251,#13252,#13253,#13254,#13255,#13256),(#13257,#13258,#13259,
#13260,#13261,#13262),(#13263,#13264,#13265,#13266,#13267,#13268),(#13269,
#13270,#13271,#13272,#13273,#13274),(#13275,#13276,#13277,#13278,#13279,
#13280),(#13281,#13282,#13283,#13284,#13285,#13286),(#13287,#13288,#13289,
#13290,#13291,#13292)),.UNSPECIFIED.,.F.,.F.,.F.,(4,3,1,4),(4,1,1,4),(-0.01,
0.,0.571428571428571,1.),(4.16333634234423E-15,0.44879895051284,0.897597901025675,
1.57079632679493),.UNSPECIFIED.);
#141=B_SPLINE_SURFACE_WITH_KNOTS('',3,1,((#14370,#14371),(#14372,#14373),
(#14374,#14375),(#14376,#14377)),.SURF_OF_LINEAR_EXTRUSION.,.F.,.F.,.F.,
(4,4),(2,2),(-0.999999986505094,1.57274215969176E-8),(0.,1.),
 .PIECEWISE_BEZIER_KNOTS.);
#142=B_SPLINE_SURFACE_WITH_KNOTS('',3,1,((#14379,#14380),(#14381,#14382),
(#14383,#14384),(#14385,#14386)),.SURF_OF_LINEAR_EXTRUSION.,.F.,.F.,.F.,
(4,4),(2,2),(-1.00000000000259,-5.72888615452398E-10),(0.,1.),
 .PIECEWISE_BEZIER_KNOTS.);
#143=B_SPLINE_SURFACE_WITH_KNOTS('',3,1,((#14388,#14389),(#14390,#14391),
(#14392,#14393),(#14394,#14395)),.SURF_OF_LINEAR_EXTRUSION.,.F.,.F.,.F.,
(4,4),(2,2),(-1.00000000344042,-4.63446923126193E-9),(0.,1.),
 .PIECEWISE_BEZIER_KNOTS.);
#144=B_SPLINE_SURFACE_WITH_KNOTS('',3,1,((#14397,#14398),(#14399,#14400),
(#14401,#14402),(#14403,#14404)),.SURF_OF_LINEAR_EXTRUSION.,.F.,.F.,.F.,
(4,4),(2,2),(-0.999999999185969,3.06391201397306E-9),(0.,1.),
 .PIECEWISE_BEZIER_KNOTS.);
#145=B_SPLINE_SURFACE_WITH_KNOTS('',3,1,((#14406,#14407),(#14408,#14409),
(#14410,#14411),(#14412,#14413)),.SURF_OF_LINEAR_EXTRUSION.,.F.,.F.,.F.,
(4,4),(2,2),(-0.999999999627404,1.60875895664824E-9),(0.,1.),
 .PIECEWISE_BEZIER_KNOTS.);
#146=B_SPLINE_SURFACE_WITH_KNOTS('',3,1,((#14415,#14416),(#14417,#14418),
(#14419,#14420),(#14421,#14422)),.SURF_OF_LINEAR_EXTRUSION.,.F.,.F.,.F.,
(4,4),(2,2),(-1.00000000239439,-4.02527405741049E-10),(0.,1.),
 .PIECEWISE_BEZIER_KNOTS.);
#147=B_SPLINE_SURFACE_WITH_KNOTS('',3,1,((#14424,#14425),(#14426,#14427),
(#14428,#14429),(#14430,#14431)),.SURF_OF_LINEAR_EXTRUSION.,.F.,.F.,.F.,
(4,4),(2,2),(-1.00000000955654,-4.93061771791055E-9),(0.,1.),
 .PIECEWISE_BEZIER_KNOTS.);
#148=B_SPLINE_SURFACE_WITH_KNOTS('',3,1,((#14470,#14471),(#14472,#14473),
(#14474,#14475),(#14476,#14477)),.SURF_OF_LINEAR_EXTRUSION.,.F.,.F.,.F.,
(4,4),(2,2),(1.60166774396649E-8,1.00000002666322),(0.,1.),
 .PIECEWISE_BEZIER_KNOTS.);
#149=B_SPLINE_SURFACE_WITH_KNOTS('',3,1,((#14479,#14480),(#14481,#14482),
(#14483,#14484),(#14485,#14486)),.SURF_OF_LINEAR_EXTRUSION.,.F.,.F.,.F.,
(4,4),(2,2),(4.07299975860237E-10,1.00000000000623),(0.,1.),
 .PIECEWISE_BEZIER_KNOTS.);
#150=B_SPLINE_SURFACE_WITH_KNOTS('',3,1,((#14488,#14489),(#14490,#14491),
(#14492,#14493),(#14494,#14495)),.SURF_OF_LINEAR_EXTRUSION.,.F.,.F.,.F.,
(4,4),(2,2),(-5.71293827572779E-12,0.999999999672497),(0.,1.),
 .PIECEWISE_BEZIER_KNOTS.);
#151=B_SPLINE_SURFACE_WITH_KNOTS('',3,1,((#14497,#14498),(#14499,#14500),
(#14501,#14502),(#14503,#14504)),.SURF_OF_LINEAR_EXTRUSION.,.F.,.F.,.F.,
(4,4),(2,2),(5.20246492615939E-11,1.00000012034641),(0.,1.),
 .PIECEWISE_BEZIER_KNOTS.);
#152=B_SPLINE_SURFACE_WITH_KNOTS('',3,1,((#14511,#14512),(#14513,#14514),
(#14515,#14516),(#14517,#14518)),.SURF_OF_LINEAR_EXTRUSION.,.F.,.F.,.F.,
(4,4),(2,2),(-3.05957716339928E-5,0.999999981132838),(0.,1.),
 .PIECEWISE_BEZIER_KNOTS.);
#153=B_SPLINE_SURFACE_WITH_KNOTS('',3,1,((#14561,#14562),(#14563,#14564),
(#14565,#14566),(#14567,#14568)),.SURF_OF_LINEAR_EXTRUSION.,.F.,.F.,.F.,
(4,4),(2,2),(2.06013736255864E-8,1.00000005202593),(0.,1.),
 .PIECEWISE_BEZIER_KNOTS.);
#154=B_SPLINE_SURFACE_WITH_KNOTS('',3,1,((#14570,#14571),(#14572,#14573),
(#14574,#14575),(#14576,#14577)),.SURF_OF_LINEAR_EXTRUSION.,.F.,.F.,.F.,
(4,4),(2,2),(4.52368563988677E-10,1.00000000496365),(0.,1.),
 .PIECEWISE_BEZIER_KNOTS.);
#155=B_SPLINE_SURFACE_WITH_KNOTS('',3,1,((#14579,#14580),(#14581,#14582),
(#14583,#14584),(#14585,#14586)),.SURF_OF_LINEAR_EXTRUSION.,.F.,.F.,.F.,
(4,4),(2,2),(-3.04009872255319E-12,0.999999999925012),(0.,1.),
 .PIECEWISE_BEZIER_KNOTS.);
#156=B_SPLINE_SURFACE_WITH_KNOTS('',3,1,((#14588,#14589),(#14590,#14591),
(#14592,#14593),(#14594,#14595)),.SURF_OF_LINEAR_EXTRUSION.,.F.,.F.,.F.,
(4,4),(2,2),(-1.30082453948536E-10,0.999999999926525),(0.,1.),
 .PIECEWISE_BEZIER_KNOTS.);
#157=B_SPLINE_SURFACE_WITH_KNOTS('',3,1,((#14597,#14598),(#14599,#14600),
(#14601,#14602),(#14603,#14604)),.SURF_OF_LINEAR_EXTRUSION.,.F.,.F.,.F.,
(4,4),(2,2),(6.03747021977731E-11,1.00000000000468),(0.,1.),
 .PIECEWISE_BEZIER_KNOTS.);
#158=B_SPLINE_SURFACE_WITH_KNOTS('',3,1,((#14606,#14607),(#14608,#14609),
(#14610,#14611),(#14612,#14613)),.SURF_OF_LINEAR_EXTRUSION.,.F.,.F.,.F.,
(4,4),(2,2),(-3.76521995497375E-12,0.999999999990183),(0.,1.),
 .PIECEWISE_BEZIER_KNOTS.);
#159=B_SPLINE_SURFACE_WITH_KNOTS('',3,1,((#14615,#14616),(#14617,#14618),
(#14619,#14620),(#14621,#14622)),.SURF_OF_LINEAR_EXTRUSION.,.F.,.F.,.F.,
(4,4),(2,2),(-1.24272830951837E-8,0.999999992953006),(0.,1.),
 .PIECEWISE_BEZIER_KNOTS.);
#160=B_SPLINE_SURFACE_WITH_KNOTS('',3,1,((#14656,#14657),(#14658,#14659),
(#14660,#14661),(#14662,#14663)),.SURF_OF_LINEAR_EXTRUSION.,.F.,.F.,.F.,
(4,4),(2,2),(-3.75708805836232E-12,1.00000000000012),(0.,1.),
 .PIECEWISE_BEZIER_KNOTS.);
#161=B_SPLINE_SURFACE_WITH_KNOTS('',3,1,((#14684,#14685),(#14686,#14687),
(#14688,#14689),(#14690,#14691)),.SURF_OF_LINEAR_EXTRUSION.,.F.,.F.,.F.,
(4,4),(2,2),(-3.62444748574131E-13,1.00000000000384),(0.,1.),
 .PIECEWISE_BEZIER_KNOTS.);
#162=B_SPLINE_SURFACE_WITH_KNOTS('',3,1,((#14693,#14694),(#14695,#14696),
(#14697,#14698),(#14699,#14700)),.SURF_OF_LINEAR_EXTRUSION.,.F.,.F.,.F.,
(4,4),(2,2),(-4.56238447442723E-12,0.99999999996202),(0.,1.),
 .PIECEWISE_BEZIER_KNOTS.);
#163=B_SPLINE_SURFACE_WITH_KNOTS('',3,1,((#14702,#14703),(#14704,#14705),
(#14706,#14707),(#14708,#14709)),.SURF_OF_LINEAR_EXTRUSION.,.F.,.F.,.F.,
(4,4),(2,2),(2.20021106538224E-11,1.00000000000398),(0.,1.),
 .PIECEWISE_BEZIER_KNOTS.);
#164=B_SPLINE_SURFACE_WITH_KNOTS('',3,1,((#14711,#14712),(#14713,#14714),
(#14715,#14716),(#14717,#14718)),.SURF_OF_LINEAR_EXTRUSION.,.F.,.F.,.F.,
(4,4),(2,2),(-4.18172888267662E-12,0.99999999997324),(0.,1.),
 .PIECEWISE_BEZIER_KNOTS.);
#165=B_SPLINE_SURFACE_WITH_KNOTS('',3,1,((#14720,#14721),(#14722,#14723),
(#14724,#14725),(#14726,#14727)),.SURF_OF_LINEAR_EXTRUSION.,.F.,.F.,.F.,
(4,4),(2,2),(2.22410138757753E-11,1.00000000000446),(0.,1.),
 .PIECEWISE_BEZIER_KNOTS.);
#166=B_SPLINE_SURFACE_WITH_KNOTS('',3,1,((#14759,#14760),(#14761,#14762),
(#14763,#14764),(#14765,#14766)),.SURF_OF_LINEAR_EXTRUSION.,.F.,.F.,.F.,
(4,4),(2,2),(1.49280256701216E-12,1.00000000000315),(0.,1.),
 .PIECEWISE_BEZIER_KNOTS.);
#167=B_SPLINE_SURFACE_WITH_KNOTS('',3,1,((#14769,#14770),(#14771,#14772),
(#14773,#14774),(#14775,#14776)),.SURF_OF_LINEAR_EXTRUSION.,.F.,.F.,.F.,
(4,4),(2,2),(7.30682155126428E-11,1.00000000000621),(0.,1.),
 .PIECEWISE_BEZIER_KNOTS.);
#168=B_SPLINE_SURFACE_WITH_KNOTS('',3,1,((#14778,#14779),(#14780,#14781),
(#14782,#14783),(#14784,#14785)),.SURF_OF_LINEAR_EXTRUSION.,.F.,.F.,.F.,
(4,4),(2,2),(-5.9921716111293E-12,0.999999999856769),(0.,1.),
 .PIECEWISE_BEZIER_KNOTS.);
#169=B_SPLINE_SURFACE_WITH_KNOTS('',3,1,((#14787,#14788),(#14789,#14790),
(#14791,#14792),(#14793,#14794)),.SURF_OF_LINEAR_EXTRUSION.,.F.,.F.,.F.,
(4,4),(2,2),(1.04930103387251E-10,0.999999999999569),(0.,1.),
 .PIECEWISE_BEZIER_KNOTS.);
#170=B_SPLINE_SURFACE_WITH_KNOTS('',3,1,((#14804,#14805),(#14806,#14807),
(#14808,#14809),(#14810,#14811)),.SURF_OF_LINEAR_EXTRUSION.,.F.,.F.,.F.,
(4,4),(2,2),(-1.57760786385492E-5,1.00000000000347),(0.,1.),
 .PIECEWISE_BEZIER_KNOTS.);
#171=B_SPLINE_SURFACE_WITH_KNOTS('',3,1,((#14813,#14814),(#14815,#14816),
(#14817,#14818),(#14819,#14820)),.SURF_OF_LINEAR_EXTRUSION.,.F.,.F.,.F.,
(4,4),(2,2),(-4.74639114463212E-12,0.999999999984309),(0.,1.),
 .PIECEWISE_BEZIER_KNOTS.);
#172=B_SPLINE_SURFACE_WITH_KNOTS('',3,1,((#14822,#14823),(#14824,#14825),
(#14826,#14827),(#14828,#14829)),.SURF_OF_LINEAR_EXTRUSION.,.F.,.F.,.F.,
(4,4),(2,2),(4.03512551605707E-11,1.00000000000654),(0.,1.),
 .PIECEWISE_BEZIER_KNOTS.);
#173=B_SPLINE_SURFACE_WITH_KNOTS('',3,3,((#14988,#14989,#14990,#14991,#14992,
#14993,#14994,#14995,#14996,#14997),(#14998,#14999,#15000,#15001,#15002,
#15003,#15004,#15005,#15006,#15007),(#15008,#15009,#15010,#15011,#15012,
#15013,#15014,#15015,#15016,#15017),(#15018,#15019,#15020,#15021,#15022,
#15023,#15024,#15025,#15026,#15027),(#15028,#15029,#15030,#15031,#15032,
#15033,#15034,#15035,#15036,#15037),(#15038,#15039,#15040,#15041,#15042,
#15043,#15044,#15045,#15046,#15047),(#15048,#15049,#15050,#15051,#15052,
#15053,#15054,#15055,#15056,#15057)),.UNSPECIFIED.,.F.,.F.,.F.,(4,3,4),
(4,3,3,4),(0.3111421743266,1.13742923629292,1.14560854361341),(-0.227736950367226,
0.0378164364688696,1.42437010344101,1.44629969132304),
 .PIECEWISE_BEZIER_KNOTS.);
#174=B_SPLINE_SURFACE_WITH_KNOTS('',3,3,((#15084,#15085,#15086,#15087,#15088,
#15089,#15090,#15091,#15092,#15093),(#15094,#15095,#15096,#15097,#15098,
#15099,#15100,#15101,#15102,#15103),(#15104,#15105,#15106,#15107,#15108,
#15109,#15110,#15111,#15112,#15113),(#15114,#15115,#15116,#15117,#15118,
#15119,#15120,#15121,#15122,#15123),(#15124,#15125,#15126,#15127,#15128,
#15129,#15130,#15131,#15132,#15133),(#15134,#15135,#15136,#15137,#15138,
#15139,#15140,#15141,#15142,#15143),(#15144,#15145,#15146,#15147,#15148,
#15149,#15150,#15151,#15152,#15153)),.UNSPECIFIED.,.F.,.F.,.F.,(4,3,4),
(4,3,3,4),(-0.956443645588519,0.0162556469363909,0.801062190931318),(-0.2404025071695,
0.037815788644935,1.22098946728587,1.58561304216888),
 .PIECEWISE_BEZIER_KNOTS.);
#175=B_SPLINE_SURFACE_WITH_KNOTS('',3,3,((#15178,#15179,#15180,#15181,#15182,
#15183,#15184,#15185,#15186,#15187),(#15188,#15189,#15190,#15191,#15192,
#15193,#15194,#15195,#15196,#15197),(#15198,#15199,#15200,#15201,#15202,
#15203,#15204,#15205,#15206,#15207),(#15208,#15209,#15210,#15211,#15212,
#15213,#15214,#15215,#15216,#15217),(#15218,#15219,#15220,#15221,#15222,
#15223,#15224,#15225,#15226,#15227),(#15228,#15229,#15230,#15231,#15232,
#15233,#15234,#15235,#15236,#15237),(#15238,#15239,#15240,#15241,#15242,
#15243,#15244,#15245,#15246,#15247),(#15248,#15249,#15250,#15251,#15252,
#15253,#15254,#15255,#15256,#15257),(#15258,#15259,#15260,#15261,#15262,
#15263,#15264,#15265,#15266,#15267),(#15268,#15269,#15270,#15271,#15272,
#15273,#15274,#15275,#15276,#15277)),.UNSPECIFIED.,.F.,.F.,.F.,(4,3,3,4),
(4,3,3,4),(-0.952991356038596,-0.63273840175706,0.0163934426224715,0.766702977528932),
(-0.240401859342897,0.0378164364715748,1.21428621458844,1.58561368998815),
 .PIECEWISE_BEZIER_KNOTS.);
#176=B_SPLINE_SURFACE_WITH_KNOTS('',3,1,((#15385,#15386),(#15387,#15388),
(#15389,#15390),(#15391,#15392),(#15393,#15394),(#15395,#15396)),
 .SURF_OF_LINEAR_EXTRUSION.,.F.,.F.,.F.,(4,1,1,4),(2,2),(-3.44276941607867,
-3.13027469650908,-2.97402733672428,-2.81777997693948),(0.,1.),
 .UNSPECIFIED.);
#177=B_SPLINE_SURFACE_WITH_KNOTS('',3,1,((#15716,#15717),(#15718,#15719),
(#15720,#15721),(#15722,#15723),(#15724,#15725),(#15726,#15727),(#15728,
#15729),(#15730,#15731),(#15732,#15733),(#15734,#15735),(#15736,#15737)),
 .SURF_OF_LINEAR_EXTRUSION.,.F.,.F.,.F.,(4,1,1,1,1,1,1,1,4),(2,2),(-3.38580030726043,
-2.62105099846708,-2.23867634407041,-1.85630168967373,-1.47392703527706,
-1.09155238088039,-0.900365053682049,-0.709177726483712,-0.326803072087039),
(0.,1.),.UNSPECIFIED.);
#178=(
BOUNDED_CURVE()
B_SPLINE_CURVE(2,(#11843,#11844,#11845),.UNSPECIFIED.,.F.,.F.)
B_SPLINE_CURVE_WITH_KNOTS((3,3),(0.100279411403103,0.308521876655071),
 .UNSPECIFIED.)
CURVE()
GEOMETRIC_REPRESENTATION_ITEM()
RATIONAL_B_SPLINE_CURVE((1.01444694743338,1.02778173800145,1.03419873360225))
REPRESENTATION_ITEM('')
);
#179=(
BOUNDED_CURVE()
B_SPLINE_CURVE(2,(#11857,#11858,#11859),.UNSPECIFIED.,.F.,.F.)
B_SPLINE_CURVE_WITH_KNOTS((3,3),(0.308521876655072,0.586098745631491),
 .UNSPECIFIED.)
CURVE()
GEOMETRIC_REPRESENTATION_ITEM()
RATIONAL_B_SPLINE_CURVE((1.03419873360225,1.04275227019697,1.03901456849999))
REPRESENTATION_ITEM('')
);
#180=(
BOUNDED_CURVE()
B_SPLINE_CURVE(2,(#11880,#11881,#11882),.UNSPECIFIED.,.F.,.F.)
B_SPLINE_CURVE_WITH_KNOTS((3,3),(2.00048044042793,2.35959570865917),
 .UNSPECIFIED.)
CURVE()
GEOMETRIC_REPRESENTATION_ITEM()
RATIONAL_B_SPLINE_CURVE((1.13587122773137,1.11630761102471,1.08534157536801))
REPRESENTATION_ITEM('')
);
#181=(
BOUNDED_CURVE()
B_SPLINE_CURVE(2,(#12003,#12004,#12005),.UNSPECIFIED.,.F.,.F.)
B_SPLINE_CURVE_WITH_KNOTS((3,3),(0.264981963257706,0.371748428318104),
 .UNSPECIFIED.)
CURVE()
GEOMETRIC_REPRESENTATION_ITEM()
RATIONAL_B_SPLINE_CURVE((1.00647542806225,1.0066076883705,1.00579528028681))
REPRESENTATION_ITEM('')
);
#182=(
BOUNDED_CURVE()
B_SPLINE_CURVE(2,(#12008,#12009,#12010),.UNSPECIFIED.,.F.,.F.)
B_SPLINE_CURVE_WITH_KNOTS((3,3),(0.0430589635716424,0.0759282056188083),
 .UNSPECIFIED.)
CURVE()
GEOMETRIC_REPRESENTATION_ITEM()
RATIONAL_B_SPLINE_CURVE((1.00671846226085,1.00592351442848,1.))
REPRESENTATION_ITEM('')
);
#183=(
BOUNDED_CURVE()
B_SPLINE_CURVE(2,(#12355,#12356,#12357),.UNSPECIFIED.,.F.,.F.)
B_SPLINE_CURVE_WITH_KNOTS((3,3),(0.,0.244238117237833),.UNSPECIFIED.)
CURVE()
GEOMETRIC_REPRESENTATION_ITEM()
RATIONAL_B_SPLINE_CURVE((1.,1.01561236481901,1.02143945350193))
REPRESENTATION_ITEM('')
);
#184=(
BOUNDED_CURVE()
B_SPLINE_CURVE(2,(#12369,#12370,#12371),.UNSPECIFIED.,.F.,.F.)
B_SPLINE_CURVE_WITH_KNOTS((3,3),(0.0124947473814634,0.184993282197031),
 .UNSPECIFIED.)
CURVE()
GEOMETRIC_REPRESENTATION_ITEM()
RATIONAL_B_SPLINE_CURVE((1.00031372050762,1.00242464003813,1.00302677567914))
REPRESENTATION_ITEM('')
);
#185=(
BOUNDED_CURVE()
B_SPLINE_CURVE(2,(#12372,#12373,#12374),.UNSPECIFIED.,.F.,.F.)
B_SPLINE_CURVE_WITH_KNOTS((3,3),(0.0120438340269417,0.511942233226897),
 .UNSPECIFIED.)
CURVE()
GEOMETRIC_REPRESENTATION_ITEM()
RATIONAL_B_SPLINE_CURVE((1.00073474817187,1.01575953327794,1.01221776286794))
REPRESENTATION_ITEM('')
);
#186=(
BOUNDED_CURVE()
B_SPLINE_CURVE(2,(#12378,#12379,#12380,#12381,#12382),.UNSPECIFIED.,.F.,
 .F.)
B_SPLINE_CURVE_WITH_KNOTS((3,2,3),(11.3586243744694,11.6363654119321,12.7404150848745),
 .UNSPECIFIED.)
CURVE()
GEOMETRIC_REPRESENTATION_ITEM()
RATIONAL_B_SPLINE_CURVE((4.18568408465419,4.1875,4.1875,4.1875,4.15880589264773))
REPRESENTATION_ITEM('')
);
#187=(
BOUNDED_CURVE()
B_SPLINE_CURVE(2,(#14905,#14906,#14907),.UNSPECIFIED.,.F.,.F.)
B_SPLINE_CURVE_WITH_KNOTS((3,3),(0.100279411403103,0.308521876655071),
 .UNSPECIFIED.)
CURVE()
GEOMETRIC_REPRESENTATION_ITEM()
RATIONAL_B_SPLINE_CURVE((1.01444694743338,1.02778173800145,1.03419873360225))
REPRESENTATION_ITEM('')
);
#188=(
BOUNDED_CURVE()
B_SPLINE_CURVE(2,(#14910,#14911,#14912),.UNSPECIFIED.,.F.,.F.)
B_SPLINE_CURVE_WITH_KNOTS((3,3),(0.308521876655072,0.586098745631491),
 .UNSPECIFIED.)
CURVE()
GEOMETRIC_REPRESENTATION_ITEM()
RATIONAL_B_SPLINE_CURVE((1.03419873360225,1.04275227019697,1.03901456849999))
REPRESENTATION_ITEM('')
);
#189=(
BOUNDED_CURVE()
B_SPLINE_CURVE(2,(#14960,#14961,#14962),.UNSPECIFIED.,.F.,.F.)
B_SPLINE_CURVE_WITH_KNOTS((3,3),(2.00048044042793,2.35959570865917),
 .UNSPECIFIED.)
CURVE()
GEOMETRIC_REPRESENTATION_ITEM()
RATIONAL_B_SPLINE_CURVE((1.13587122773137,1.11630761102471,1.08534157536801))
REPRESENTATION_ITEM('')
);
#190=(
BOUNDED_CURVE()
B_SPLINE_CURVE(2,(#15066,#15067,#15068),.UNSPECIFIED.,.F.,.F.)
B_SPLINE_CURVE_WITH_KNOTS((3,3),(0.264981963257706,0.371748428318104),
 .UNSPECIFIED.)
CURVE()
GEOMETRIC_REPRESENTATION_ITEM()
RATIONAL_B_SPLINE_CURVE((1.00647542806225,1.0066076883705,1.00579528028681))
REPRESENTATION_ITEM('')
);
#191=(
BOUNDED_CURVE()
B_SPLINE_CURVE(2,(#15070,#15071,#15072),.UNSPECIFIED.,.F.,.F.)
B_SPLINE_CURVE_WITH_KNOTS((3,3),(0.0430589635716424,0.0759282056188083),
 .UNSPECIFIED.)
CURVE()
GEOMETRIC_REPRESENTATION_ITEM()
RATIONAL_B_SPLINE_CURVE((1.00671846226085,1.00592351442848,1.))
REPRESENTATION_ITEM('')
);
#192=(
BOUNDED_CURVE()
B_SPLINE_CURVE(2,(#15417,#15418,#15419,#15420,#15421),.UNSPECIFIED.,.F.,
 .F.)
B_SPLINE_CURVE_WITH_KNOTS((3,2,3),(11.3586243744694,11.6363654119321,12.7404150848745),
 .UNSPECIFIED.)
CURVE()
GEOMETRIC_REPRESENTATION_ITEM()
RATIONAL_B_SPLINE_CURVE((4.18568408465419,4.1875,4.1875,4.1875,4.15880589264773))
REPRESENTATION_ITEM('')
);
#193=(
BOUNDED_CURVE()
B_SPLINE_CURVE(2,(#15425,#15426,#15427),.UNSPECIFIED.,.F.,.F.)
B_SPLINE_CURVE_WITH_KNOTS((3,3),(0.0120438340269417,0.511942233226897),
 .UNSPECIFIED.)
CURVE()
GEOMETRIC_REPRESENTATION_ITEM()
RATIONAL_B_SPLINE_CURVE((1.00073474817187,1.01575953327794,1.01221776286794))
REPRESENTATION_ITEM('')
);
#194=(
BOUNDED_CURVE()
B_SPLINE_CURVE(2,(#15428,#15429,#15430),.UNSPECIFIED.,.F.,.F.)
B_SPLINE_CURVE_WITH_KNOTS((3,3),(0.0124947473814634,0.184993282197031),
 .UNSPECIFIED.)
CURVE()
GEOMETRIC_REPRESENTATION_ITEM()
RATIONAL_B_SPLINE_CURVE((1.00031372050762,1.00242464003813,1.00302677567914))
REPRESENTATION_ITEM('')
);
#195=(
BOUNDED_CURVE()
B_SPLINE_CURVE(2,(#15445,#15446,#15447),.UNSPECIFIED.,.F.,.F.)
B_SPLINE_CURVE_WITH_KNOTS((3,3),(0.,0.244238117237833),.UNSPECIFIED.)
CURVE()
GEOMETRIC_REPRESENTATION_ITEM()
RATIONAL_B_SPLINE_CURVE((1.,1.01561236481901,1.02143945350193))
REPRESENTATION_ITEM('')
);
#196=B_SPLINE_CURVE_WITH_KNOTS('',3,(#11777,#11778,#11779,#11780),
 .UNSPECIFIED.,.F.,.F.,(4,4),(1.01585750584721E-6,1.),.UNSPECIFIED.);
#197=B_SPLINE_CURVE_WITH_KNOTS('',3,(#11786,#11787,#11788,#11789),
 .UNSPECIFIED.,.F.,.F.,(4,4),(0.,1.),.UNSPECIFIED.);
#198=B_SPLINE_CURVE_WITH_KNOTS('',3,(#11793,#11794,#11795,#11796),
 .UNSPECIFIED.,.F.,.F.,(4,4),(0.,1.),.UNSPECIFIED.);
#199=B_SPLINE_CURVE_WITH_KNOTS('',3,(#11798,#11799,#11800,#11801),
 .UNSPECIFIED.,.F.,.F.,(4,4),(9.85975734339541E-8,1.),.UNSPECIFIED.);
#200=B_SPLINE_CURVE_WITH_KNOTS('',3,(#11806,#11807,#11808,#11809),
 .UNSPECIFIED.,.F.,.F.,(4,4),(0.,1.),.UNSPECIFIED.);
#201=B_SPLINE_CURVE_WITH_KNOTS('',3,(#11811,#11812,#11813,#11814),
 .UNSPECIFIED.,.F.,.F.,(4,4),(0.,0.999997030457392),.UNSPECIFIED.);
#202=B_SPLINE_CURVE_WITH_KNOTS('',3,(#11816,#11817,#11818,#11819),
 .UNSPECIFIED.,.F.,.F.,(4,4),(1.08592711942787E-6,0.999999919448529),
 .UNSPECIFIED.);
#203=B_SPLINE_CURVE_WITH_KNOTS('',3,(#11822,#11823,#11824,#11825),
 .UNSPECIFIED.,.F.,.F.,(4,4),(0.,0.999992103535571),.UNSPECIFIED.);
#204=B_SPLINE_CURVE_WITH_KNOTS('',3,(#11827,#11828,#11829,#11830),
 .UNSPECIFIED.,.F.,.F.,(4,4),(1.19804822372843E-7,1.),.UNSPECIFIED.);
#205=B_SPLINE_CURVE_WITH_KNOTS('',3,(#12252,#12253,#12254,#12255),
 .UNSPECIFIED.,.F.,.F.,(4,4),(2.35610090648731E-6,1.),.UNSPECIFIED.);
#206=B_SPLINE_CURVE_WITH_KNOTS('',3,(#12261,#12262,#12263,#12264),
 .UNSPECIFIED.,.F.,.F.,(4,4),(0.,1.),.UNSPECIFIED.);
#207=B_SPLINE_CURVE_WITH_KNOTS('',3,(#12335,#12336,#12337,#12338),
 .UNSPECIFIED.,.F.,.F.,(4,4),(-0.221107775960726,-0.000341550115957278),
 .UNSPECIFIED.);
#208=B_SPLINE_CURVE_WITH_KNOTS('',3,(#12341,#12342,#12343,#12344,#12345),
 .UNSPECIFIED.,.F.,.F.,(4,1,4),(0.,0.5,1.),.UNSPECIFIED.);
#209=B_SPLINE_CURVE_WITH_KNOTS('',3,(#12349,#12350,#12351,#12352,#12353),
 .UNSPECIFIED.,.F.,.F.,(4,1,4),(1.61841426228473E-16,0.00392936202143109,
0.00785872404286202),.UNSPECIFIED.);
#210=B_SPLINE_CURVE_WITH_KNOTS('',3,(#12362,#12363,#12364,#12365,#12366,
#12367,#12368),.UNSPECIFIED.,.F.,.F.,(4,1,1,1,4),(6.0911672243414E-15,0.00336533752373043,
0.00673067504745476,0.0100960125711791,0.0134613500949034),
 .UNSPECIFIED.);
#211=B_SPLINE_CURVE_WITH_KNOTS('',3,(#12462,#12463,#12464,#12465),
 .UNSPECIFIED.,.F.,.F.,(4,4),(0.,0.0644101689357858),.UNSPECIFIED.);
#212=B_SPLINE_CURVE_WITH_KNOTS('',3,(#12562,#12563,#12564,#12565,#12566,
#12567,#12568,#12569,#12570,#12571,#12572),.UNSPECIFIED.,.F.,.F.,(4,1,1,
1,1,1,1,1,4),(0.,0.00127223423146646,0.00254446846293293,0.00381670269439939,
0.00508893692586585,0.00636117115733232,0.00763340538879878,0.00890563962026525,
0.0101778738517317),.UNSPECIFIED.);
#213=B_SPLINE_CURVE_WITH_KNOTS('',3,(#12577,#12578,#12579,#12580),
 .UNSPECIFIED.,.F.,.F.,(4,4),(0.,1.),.UNSPECIFIED.);
#214=B_SPLINE_CURVE_WITH_KNOTS('',3,(#12588,#12589,#12590,#12591),
 .UNSPECIFIED.,.F.,.F.,(4,4),(5.11031688526404E-7,0.999999535769931),
 .UNSPECIFIED.);
#215=B_SPLINE_CURVE_WITH_KNOTS('',3,(#12607,#12608,#12609,#12610),
 .UNSPECIFIED.,.F.,.F.,(4,4),(4.73835698035002E-7,0.999999385946129),
 .UNSPECIFIED.);
#216=B_SPLINE_CURVE_WITH_KNOTS('',3,(#12620,#12621,#12622,#12623,#12624,
#12625),.UNSPECIFIED.,.F.,.F.,(4,1,1,4),(0.,0.00447296406200317,0.00670944609300476,
0.00894592812400634),.UNSPECIFIED.);
#217=B_SPLINE_CURVE_WITH_KNOTS('',3,(#12695,#12696,#12697,#12698),
 .UNSPECIFIED.,.F.,.F.,(4,4),(-0.0901594462408867,0.),.UNSPECIFIED.);
#218=B_SPLINE_CURVE_WITH_KNOTS('',3,(#12999,#13000,#13001,#13002),
 .UNSPECIFIED.,.F.,.F.,(4,4),(0.,1.),.UNSPECIFIED.);
#219=B_SPLINE_CURVE_WITH_KNOTS('',3,(#13004,#13005,#13006,#13007,#13008,
#13009,#13010,#13011,#13012,#13013,#13014,#13015),.UNSPECIFIED.,.F.,.F.,
(4,1,1,1,1,1,1,1,1,4),(0.,0.125,0.1875,0.25,0.3125,0.375,0.5,0.625,0.75,
1.),.UNSPECIFIED.);
#220=B_SPLINE_CURVE_WITH_KNOTS('',3,(#13017,#13018,#13019,#13020,#13021),
 .UNSPECIFIED.,.F.,.F.,(4,1,4),(0.,0.5,1.),.UNSPECIFIED.);
#221=B_SPLINE_CURVE_WITH_KNOTS('',3,(#13080,#13081,#13082,#13083,#13084,
#13085,#13086,#13087,#13088,#13089,#13090,#13091),.UNSPECIFIED.,.F.,.F.,
(4,1,1,1,1,1,1,1,1,4),(0.,0.25,0.375,0.5,0.625,0.6875,0.75,0.8125,0.875,
1.),.UNSPECIFIED.);
#222=B_SPLINE_CURVE_WITH_KNOTS('',3,(#13094,#13095,#13096,#13097),
 .UNSPECIFIED.,.F.,.F.,(4,4),(0.,1.),.UNSPECIFIED.);
#223=B_SPLINE_CURVE_WITH_KNOTS('',3,(#13098,#13099,#13100,#13101,#13102),
 .UNSPECIFIED.,.F.,.F.,(4,1,4),(0.,0.5,1.),.UNSPECIFIED.);
#224=B_SPLINE_CURVE_WITH_KNOTS('',3,(#13213,#13214,#13215,#13216,#13217),
 .UNSPECIFIED.,.F.,.F.,(4,1,4),(0.,0.5,1.),.UNSPECIFIED.);
#225=B_SPLINE_CURVE_WITH_KNOTS('',3,(#13219,#13220,#13221,#13222,#13223,
#13224,#13225,#13226,#13227,#13228,#13229,#13230),.UNSPECIFIED.,.F.,.F.,
(4,1,1,1,1,1,1,1,1,4),(0.,0.25,0.375,0.5,0.625,0.6875,0.75,0.8125,0.875,
1.),.UNSPECIFIED.);
#226=B_SPLINE_CURVE_WITH_KNOTS('',3,(#13232,#13233,#13234,#13235),
 .UNSPECIFIED.,.F.,.F.,(4,4),(0.,1.),.UNSPECIFIED.);
#227=B_SPLINE_CURVE_WITH_KNOTS('',3,(#13296,#13297,#13298,#13299),
 .UNSPECIFIED.,.F.,.F.,(4,4),(0.,1.),.UNSPECIFIED.);
#228=B_SPLINE_CURVE_WITH_KNOTS('',3,(#13301,#13302,#13303,#13304,#13305,
#13306,#13307,#13308,#13309,#13310,#13311,#13312),.UNSPECIFIED.,.F.,.F.,
(4,1,1,1,1,1,1,1,1,4),(0.,0.125,0.1875,0.25,0.3125,0.375,0.5,0.625,0.75,
1.),.UNSPECIFIED.);
#229=B_SPLINE_CURVE_WITH_KNOTS('',3,(#13314,#13315,#13316,#13317,#13318),
 .UNSPECIFIED.,.F.,.F.,(4,1,4),(0.,0.5,1.),.UNSPECIFIED.);
#230=B_SPLINE_CURVE_WITH_KNOTS('',3,(#13408,#13409,#13410,#13411,#13412,
#13413,#13414,#13415,#13416,#13417,#13418,#13419,#13420,#13421,#13422,#13423,
#13424,#13425,#13426),.UNSPECIFIED.,.T.,.F.,(1,1,1,1,1,1,1,1,1,1,1,1,1,
1,1,1,1,1,1,1,1,1,1),(-0.0164638500900409,-0.0109759000599389,-0.00548795002983693,
2.65086622932234E-13,0.0054879500303671,0.0109759000604691,0.0164638500905711,
0.0219518001206732,0.0274397501507752,0.0329277001808772,0.0384156502109792,
0.0439036002410812,0.0493915502711832,0.0548795003012853,0.0603674503313873,
0.0658554003614893,0.0713433503915913,0.0768313004216933,0.0823192504517953,
0.0878072004818974,0.0932951505119994,0.0987831005421014,0.104271050572203),
 .UNSPECIFIED.);
#231=B_SPLINE_CURVE_WITH_KNOTS('',3,(#13448,#13449,#13450,#13451),
 .UNSPECIFIED.,.F.,.F.,(4,4),(0.,0.999999972222303),.UNSPECIFIED.);
#232=B_SPLINE_CURVE_WITH_KNOTS('',3,(#13473,#13474,#13475,#13476),
 .UNSPECIFIED.,.F.,.F.,(4,4),(0.,1.),.UNSPECIFIED.);
#233=B_SPLINE_CURVE_WITH_KNOTS('',2,(#13489,#13490,#13491),
 .UNSPECIFIED.,.F.,.F.,(3,3),(0.,1.),.UNSPECIFIED.);
#234=B_SPLINE_CURVE_WITH_KNOTS('',2,(#13493,#13494,#13495),
 .UNSPECIFIED.,.F.,.F.,(3,3),(0.,1.),.UNSPECIFIED.);
#235=B_SPLINE_CURVE_WITH_KNOTS('',2,(#13497,#13498,#13499),
 .UNSPECIFIED.,.F.,.F.,(3,3),(0.,1.),.UNSPECIFIED.);
#236=B_SPLINE_CURVE_WITH_KNOTS('',2,(#13501,#13502,#13503),
 .UNSPECIFIED.,.F.,.F.,(3,3),(0.,1.),.UNSPECIFIED.);
#237=B_SPLINE_CURVE_WITH_KNOTS('',2,(#13505,#13506,#13507),
 .UNSPECIFIED.,.F.,.F.,(3,3),(0.,1.),.UNSPECIFIED.);
#238=B_SPLINE_CURVE_WITH_KNOTS('',2,(#13509,#13510,#13511),
 .UNSPECIFIED.,.F.,.F.,(3,3),(0.,1.),.UNSPECIFIED.);
#239=B_SPLINE_CURVE_WITH_KNOTS('',2,(#13513,#13514,#13515),
 .UNSPECIFIED.,.F.,.F.,(3,3),(0.,1.),.UNSPECIFIED.);
#240=B_SPLINE_CURVE_WITH_KNOTS('',2,(#13521,#13522,#13523),
 .UNSPECIFIED.,.F.,.F.,(3,3),(-1.,0.),.UNSPECIFIED.);
#241=B_SPLINE_CURVE_WITH_KNOTS('',2,(#13527,#13528,#13529),
 .UNSPECIFIED.,.F.,.F.,(3,3),(-1.,0.),.UNSPECIFIED.);
#242=B_SPLINE_CURVE_WITH_KNOTS('',2,(#13531,#13532,#13533),
 .UNSPECIFIED.,.F.,.F.,(3,3),(-1.,0.),.UNSPECIFIED.);
#243=B_SPLINE_CURVE_WITH_KNOTS('',2,(#13535,#13536,#13537),
 .UNSPECIFIED.,.F.,.F.,(3,3),(-1.,0.),.UNSPECIFIED.);
#244=B_SPLINE_CURVE_WITH_KNOTS('',2,(#13539,#13540,#13541),
 .UNSPECIFIED.,.F.,.F.,(3,3),(-1.,0.),.UNSPECIFIED.);
#245=B_SPLINE_CURVE_WITH_KNOTS('',2,(#13549,#13550,#13551),
 .UNSPECIFIED.,.F.,.F.,(3,3),(-1.,0.),.UNSPECIFIED.);
#246=B_SPLINE_CURVE_WITH_KNOTS('',2,(#13553,#13554,#13555),
 .UNSPECIFIED.,.F.,.F.,(3,3),(-1.,0.),.UNSPECIFIED.);
#247=B_SPLINE_CURVE_WITH_KNOTS('',2,(#13557,#13558,#13559),
 .UNSPECIFIED.,.F.,.F.,(3,3),(-1.,0.),.UNSPECIFIED.);
#248=B_SPLINE_CURVE_WITH_KNOTS('',2,(#13561,#13562,#13563),
 .UNSPECIFIED.,.F.,.F.,(3,3),(-1.,0.),.UNSPECIFIED.);
#249=B_SPLINE_CURVE_WITH_KNOTS('',2,(#13565,#13566,#13567),
 .UNSPECIFIED.,.F.,.F.,(3,3),(-1.,0.),.UNSPECIFIED.);
#250=B_SPLINE_CURVE_WITH_KNOTS('',2,(#13569,#13570,#13571),
 .UNSPECIFIED.,.F.,.F.,(3,3),(-1.,0.),.UNSPECIFIED.);
#251=B_SPLINE_CURVE_WITH_KNOTS('',2,(#13573,#13574,#13575),
 .UNSPECIFIED.,.F.,.F.,(3,3),(-1.,0.),.UNSPECIFIED.);
#252=B_SPLINE_CURVE_WITH_KNOTS('',2,(#13580,#13581,#13582),
 .UNSPECIFIED.,.F.,.F.,(3,3),(-1.,0.),.UNSPECIFIED.);
#253=B_SPLINE_CURVE_WITH_KNOTS('',2,(#13585,#13586,#13587),
 .UNSPECIFIED.,.F.,.F.,(3,3),(-1.,0.),.UNSPECIFIED.);
#254=B_SPLINE_CURVE_WITH_KNOTS('',2,(#13589,#13590,#13591),
 .UNSPECIFIED.,.F.,.F.,(3,3),(-1.,0.),.UNSPECIFIED.);
#255=B_SPLINE_CURVE_WITH_KNOTS('',2,(#13593,#13594,#13595),
 .UNSPECIFIED.,.F.,.F.,(3,3),(-1.,0.),.UNSPECIFIED.);
#256=B_SPLINE_CURVE_WITH_KNOTS('',2,(#13597,#13598,#13599),
 .UNSPECIFIED.,.F.,.F.,(3,3),(-1.,0.),.UNSPECIFIED.);
#257=B_SPLINE_CURVE_WITH_KNOTS('',2,(#13607,#13608,#13609),
 .UNSPECIFIED.,.F.,.F.,(3,3),(-1.,0.),.UNSPECIFIED.);
#258=B_SPLINE_CURVE_WITH_KNOTS('',2,(#13610,#13611,#13612),
 .UNSPECIFIED.,.F.,.F.,(3,3),(-1.,0.),.UNSPECIFIED.);
#259=B_SPLINE_CURVE_WITH_KNOTS('',2,(#13615,#13616,#13617),
 .UNSPECIFIED.,.F.,.F.,(3,3),(-1.,0.),.UNSPECIFIED.);
#260=B_SPLINE_CURVE_WITH_KNOTS('',2,(#13619,#13620,#13621),
 .UNSPECIFIED.,.F.,.F.,(3,3),(-1.,0.),.UNSPECIFIED.);
#261=B_SPLINE_CURVE_WITH_KNOTS('',2,(#13625,#13626,#13627),
 .UNSPECIFIED.,.F.,.F.,(3,3),(-1.,0.),.UNSPECIFIED.);
#262=B_SPLINE_CURVE_WITH_KNOTS('',2,(#13629,#13630,#13631),
 .UNSPECIFIED.,.F.,.F.,(3,3),(-1.,0.),.UNSPECIFIED.);
#263=B_SPLINE_CURVE_WITH_KNOTS('',2,(#13633,#13634,#13635),
 .UNSPECIFIED.,.F.,.F.,(3,3),(-1.,0.),.UNSPECIFIED.);
#264=B_SPLINE_CURVE_WITH_KNOTS('',2,(#13637,#13638,#13639),
 .UNSPECIFIED.,.F.,.F.,(3,3),(-1.,0.),.UNSPECIFIED.);
#265=B_SPLINE_CURVE_WITH_KNOTS('',3,(#14035,#14036,#14037,#14038,#14039),
 .UNSPECIFIED.,.F.,.F.,(4,1,4),(0.,0.5,1.),.UNSPECIFIED.);
#266=B_SPLINE_CURVE_WITH_KNOTS('',3,(#14061,#14062,#14063,#14064,#14065),
 .UNSPECIFIED.,.F.,.F.,(4,1,4),(0.,0.5,1.),.UNSPECIFIED.);
#267=B_SPLINE_CURVE_WITH_KNOTS('',3,(#14150,#14151,#14152,#14153),
 .UNSPECIFIED.,.F.,.F.,(4,4),(4.16663925593758E-8,0.999999958338261),
 .UNSPECIFIED.);
#268=B_SPLINE_CURVE_WITH_KNOTS('',3,(#14162,#14163,#14164,#14165),
 .UNSPECIFIED.,.F.,.F.,(4,4),(0.000151340707138303,1.),.UNSPECIFIED.);
#269=B_SPLINE_CURVE_WITH_KNOTS('',3,(#14168,#14169,#14170,#14171),
 .UNSPECIFIED.,.F.,.F.,(4,4),(0.0194329119457022,0.999671729767167),
 .UNSPECIFIED.);
#270=B_SPLINE_CURVE_WITH_KNOTS('',3,(#14173,#14174,#14175,#14176),
 .UNSPECIFIED.,.F.,.F.,(4,4),(-1.86477352656645E-15,0.000260002203452641),
 .UNSPECIFIED.);
#271=B_SPLINE_CURVE_WITH_KNOTS('',3,(#14180,#14181,#14182,#14183),
 .UNSPECIFIED.,.F.,.F.,(4,4),(2.17321396845261E-10,0.000357361776603437),
 .UNSPECIFIED.);
#272=B_SPLINE_CURVE_WITH_KNOTS('',3,(#14185,#14186,#14187,#14188),
 .UNSPECIFIED.,.F.,.F.,(4,4),(0.,0.999992835570026),.UNSPECIFIED.);
#273=B_SPLINE_CURVE_WITH_KNOTS('',3,(#14190,#14191,#14192,#14193),
 .UNSPECIFIED.,.F.,.F.,(4,4),(2.64068281130569E-15,0.000357173563104142),
 .UNSPECIFIED.);
#274=B_SPLINE_CURVE_WITH_KNOTS('',3,(#14194,#14195,#14196,#14197),
 .UNSPECIFIED.,.F.,.F.,(4,4),(2.35341288179853E-9,0.000270420818407684),
 .UNSPECIFIED.);
#275=B_SPLINE_CURVE_WITH_KNOTS('',3,(#14199,#14200,#14201,#14202),
 .UNSPECIFIED.,.F.,.F.,(4,4),(0.00028509309202508,1.),.UNSPECIFIED.);
#276=B_SPLINE_CURVE_WITH_KNOTS('',3,(#14207,#14208,#14209,#14210),
 .UNSPECIFIED.,.F.,.F.,(4,4),(4.16671535238565E-8,0.999999958333776),
 .UNSPECIFIED.);
#277=B_SPLINE_CURVE_WITH_KNOTS('',3,(#14219,#14220,#14221,#14222),
 .UNSPECIFIED.,.F.,.F.,(4,4),(1.98699682586406E-16,0.00136136414965424),
 .UNSPECIFIED.);
#278=B_SPLINE_CURVE_WITH_KNOTS('',3,(#14228,#14229,#14230,#14231,#14232,
#14233,#14234,#14235,#14236),.UNSPECIFIED.,.F.,.F.,(4,1,1,1,1,1,4),(0.,
0.2499999831242,0.4999999662484,0.6249999578105,0.68749995359155,0.7499999493726,
0.9999999324968),.UNSPECIFIED.);
#279=B_SPLINE_CURVE_WITH_KNOTS('',3,(#14240,#14241,#14242,#14243,#14244,
#14245,#14246,#14247,#14248,#14249),.UNSPECIFIED.,.F.,.F.,(4,1,1,1,1,1,
1,4),(0.,0.249999985583905,0.374999978375858,0.499999971167811,0.624999963959764,
0.68749996035574,0.749999956751716,0.999999942335622),.UNSPECIFIED.);
#280=B_SPLINE_CURVE_WITH_KNOTS('',3,(#14251,#14252,#14253,#14254,#14255,
#14256,#14257,#14258,#14259),.UNSPECIFIED.,.F.,.F.,(4,1,1,1,1,1,4),(7.09434918994466E-8,
0.250000053207619,0.375000044339682,0.500000035471746,0.625000026603809,
0.750000017735873,1.),.UNSPECIFIED.);
#281=B_SPLINE_CURVE_WITH_KNOTS('',3,(#14262,#14263,#14264,#14265,#14266,
#14267,#14268,#14269),.UNSPECIFIED.,.F.,.F.,(4,1,1,1,1,4),(0.,0.249999984763177,
0.499999969526353,0.74999995428953,0.874999946671118,0.999999939052707),
 .UNSPECIFIED.);
#282=B_SPLINE_CURVE_WITH_KNOTS('',2,(#14336,#14337,#14338),
 .UNSPECIFIED.,.F.,.F.,(3,3),(0.,1.),.UNSPECIFIED.);
#283=B_SPLINE_CURVE_WITH_KNOTS('',2,(#14340,#14341,#14342),
 .UNSPECIFIED.,.F.,.F.,(3,3),(0.,1.),.UNSPECIFIED.);
#284=B_SPLINE_CURVE_WITH_KNOTS('',2,(#14344,#14345,#14346),
 .UNSPECIFIED.,.F.,.F.,(3,3),(0.,1.),.UNSPECIFIED.);
#285=B_SPLINE_CURVE_WITH_KNOTS('',2,(#14348,#14349,#14350),
 .UNSPECIFIED.,.F.,.F.,(3,3),(0.,1.),.UNSPECIFIED.);
#286=B_SPLINE_CURVE_WITH_KNOTS('',2,(#14352,#14353,#14354),
 .UNSPECIFIED.,.F.,.F.,(3,3),(0.,1.),.UNSPECIFIED.);
#287=B_SPLINE_CURVE_WITH_KNOTS('',2,(#14356,#14357,#14358),
 .UNSPECIFIED.,.F.,.F.,(3,3),(0.,1.),.UNSPECIFIED.);
#288=B_SPLINE_CURVE_WITH_KNOTS('',2,(#14360,#14361,#14362),
 .UNSPECIFIED.,.F.,.F.,(3,3),(0.,1.),.UNSPECIFIED.);
#289=B_SPLINE_CURVE_WITH_KNOTS('',2,(#14442,#14443,#14444),
 .UNSPECIFIED.,.F.,.F.,(3,3),(-1.,0.),.UNSPECIFIED.);
#290=B_SPLINE_CURVE_WITH_KNOTS('',2,(#14446,#14447,#14448),
 .UNSPECIFIED.,.F.,.F.,(3,3),(-1.,0.),.UNSPECIFIED.);
#291=B_SPLINE_CURVE_WITH_KNOTS('',2,(#14450,#14451,#14452),
 .UNSPECIFIED.,.F.,.F.,(3,3),(-1.,0.),.UNSPECIFIED.);
#292=B_SPLINE_CURVE_WITH_KNOTS('',2,(#14454,#14455,#14456),
 .UNSPECIFIED.,.F.,.F.,(3,3),(-1.,0.),.UNSPECIFIED.);
#293=B_SPLINE_CURVE_WITH_KNOTS('',2,(#14460,#14461,#14462),
 .UNSPECIFIED.,.F.,.F.,(3,3),(-1.,0.),.UNSPECIFIED.);
#294=B_SPLINE_CURVE_WITH_KNOTS('',3,(#14507,#14508,#14509,#14510),
 .UNSPECIFIED.,.F.,.F.,(4,4),(0.,1.),.UNSPECIFIED.);
#295=B_SPLINE_CURVE_WITH_KNOTS('',2,(#14527,#14528,#14529),
 .UNSPECIFIED.,.F.,.F.,(3,3),(-1.,0.),.UNSPECIFIED.);
#296=B_SPLINE_CURVE_WITH_KNOTS('',2,(#14531,#14532,#14533),
 .UNSPECIFIED.,.F.,.F.,(3,3),(-1.,0.),.UNSPECIFIED.);
#297=B_SPLINE_CURVE_WITH_KNOTS('',2,(#14535,#14536,#14537),
 .UNSPECIFIED.,.F.,.F.,(3,3),(-1.,0.),.UNSPECIFIED.);
#298=B_SPLINE_CURVE_WITH_KNOTS('',2,(#14539,#14540,#14541),
 .UNSPECIFIED.,.F.,.F.,(3,3),(-1.,0.),.UNSPECIFIED.);
#299=B_SPLINE_CURVE_WITH_KNOTS('',2,(#14543,#14544,#14545),
 .UNSPECIFIED.,.F.,.F.,(3,3),(-1.,0.),.UNSPECIFIED.);
#300=B_SPLINE_CURVE_WITH_KNOTS('',2,(#14547,#14548,#14549),
 .UNSPECIFIED.,.F.,.F.,(3,3),(-1.,0.),.UNSPECIFIED.);
#301=B_SPLINE_CURVE_WITH_KNOTS('',2,(#14551,#14552,#14553),
 .UNSPECIFIED.,.F.,.F.,(3,3),(-1.,0.),.UNSPECIFIED.);
#302=B_SPLINE_CURVE_WITH_KNOTS('',2,(#14626,#14627,#14628),
 .UNSPECIFIED.,.F.,.F.,(3,3),(-1.,0.),.UNSPECIFIED.);
#303=B_SPLINE_CURVE_WITH_KNOTS('',2,(#14637,#14638,#14639),
 .UNSPECIFIED.,.F.,.F.,(3,3),(-1.,0.),.UNSPECIFIED.);
#304=B_SPLINE_CURVE_WITH_KNOTS('',2,(#14641,#14642,#14643),
 .UNSPECIFIED.,.F.,.F.,(3,3),(-1.,0.),.UNSPECIFIED.);
#305=B_SPLINE_CURVE_WITH_KNOTS('',2,(#14645,#14646,#14647),
 .UNSPECIFIED.,.F.,.F.,(3,3),(-1.,0.),.UNSPECIFIED.);
#306=B_SPLINE_CURVE_WITH_KNOTS('',2,(#14649,#14650,#14651),
 .UNSPECIFIED.,.F.,.F.,(3,3),(-1.,0.),.UNSPECIFIED.);
#307=B_SPLINE_CURVE_WITH_KNOTS('',2,(#14653,#14654,#14655),
 .UNSPECIFIED.,.F.,.F.,(3,3),(-1.,0.),.UNSPECIFIED.);
#308=B_SPLINE_CURVE_WITH_KNOTS('',3,(#14665,#14666,#14667,#14668),
 .UNSPECIFIED.,.F.,.F.,(4,4),(0.,1.),.UNSPECIFIED.);
#309=B_SPLINE_CURVE_WITH_KNOTS('',3,(#14670,#14671,#14672,#14673),
 .UNSPECIFIED.,.F.,.F.,(4,4),(0.,1.),.UNSPECIFIED.);
#310=B_SPLINE_CURVE_WITH_KNOTS('',3,(#14675,#14676,#14677,#14678),
 .UNSPECIFIED.,.F.,.F.,(4,4),(0.,1.),.UNSPECIFIED.);
#311=B_SPLINE_CURVE_WITH_KNOTS('',3,(#14680,#14681,#14682,#14683),
 .UNSPECIFIED.,.F.,.F.,(4,4),(0.,1.),.UNSPECIFIED.);
#312=B_SPLINE_CURVE_WITH_KNOTS('',2,(#14729,#14730,#14731),
 .UNSPECIFIED.,.F.,.F.,(3,3),(-1.,0.),.UNSPECIFIED.);
#313=B_SPLINE_CURVE_WITH_KNOTS('',2,(#14734,#14735,#14736),
 .UNSPECIFIED.,.F.,.F.,(3,3),(-1.,0.),.UNSPECIFIED.);
#314=B_SPLINE_CURVE_WITH_KNOTS('',2,(#14738,#14739,#14740),
 .UNSPECIFIED.,.F.,.F.,(3,3),(-1.,0.),.UNSPECIFIED.);
#315=B_SPLINE_CURVE_WITH_KNOTS('',2,(#14742,#14743,#14744),
 .UNSPECIFIED.,.F.,.F.,(3,3),(-1.,0.),.UNSPECIFIED.);
#316=B_SPLINE_CURVE_WITH_KNOTS('',2,(#14748,#14749,#14750),
 .UNSPECIFIED.,.F.,.F.,(3,3),(-1.,0.),.UNSPECIFIED.);
#317=B_SPLINE_CURVE_WITH_KNOTS('',2,(#14752,#14753,#14754),
 .UNSPECIFIED.,.F.,.F.,(3,3),(-1.,0.),.UNSPECIFIED.);
#318=B_SPLINE_CURVE_WITH_KNOTS('',2,(#14756,#14757,#14758),
 .UNSPECIFIED.,.F.,.F.,(3,3),(-1.,0.),.UNSPECIFIED.);
#319=B_SPLINE_CURVE_WITH_KNOTS('',3,(#14795,#14796,#14797,#14798),
 .UNSPECIFIED.,.F.,.F.,(4,4),(0.,1.),.UNSPECIFIED.);
#320=B_SPLINE_CURVE_WITH_KNOTS('',3,(#14800,#14801,#14802,#14803),
 .UNSPECIFIED.,.F.,.F.,(4,4),(0.,1.),.UNSPECIFIED.);
#321=B_SPLINE_CURVE_WITH_KNOTS('',3,(#14841,#14842,#14843,#14844),
 .UNSPECIFIED.,.F.,.F.,(4,4),(1.01585750584721E-6,1.),.UNSPECIFIED.);
#322=B_SPLINE_CURVE_WITH_KNOTS('',3,(#14848,#14849,#14850,#14851),
 .UNSPECIFIED.,.F.,.F.,(4,4),(0.,1.),.UNSPECIFIED.);
#323=B_SPLINE_CURVE_WITH_KNOTS('',3,(#14853,#14854,#14855,#14856),
 .UNSPECIFIED.,.F.,.F.,(4,4),(0.,1.),.UNSPECIFIED.);
#324=B_SPLINE_CURVE_WITH_KNOTS('',3,(#14860,#14861,#14862,#14863),
 .UNSPECIFIED.,.F.,.F.,(4,4),(9.85975734339541E-8,1.),.UNSPECIFIED.);
#325=B_SPLINE_CURVE_WITH_KNOTS('',3,(#14866,#14867,#14868,#14869),
 .UNSPECIFIED.,.F.,.F.,(4,4),(0.,0.999997030457392),.UNSPECIFIED.);
#326=B_SPLINE_CURVE_WITH_KNOTS('',3,(#14871,#14872,#14873,#14874),
 .UNSPECIFIED.,.F.,.F.,(4,4),(0.,1.),.UNSPECIFIED.);
#327=B_SPLINE_CURVE_WITH_KNOTS('',3,(#14878,#14879,#14880,#14881),
 .UNSPECIFIED.,.F.,.F.,(4,4),(1.08592711942787E-6,0.999999919448529),
 .UNSPECIFIED.);
#328=B_SPLINE_CURVE_WITH_KNOTS('',3,(#14886,#14887,#14888,#14889),
 .UNSPECIFIED.,.F.,.F.,(4,4),(1.19804822372843E-7,1.),.UNSPECIFIED.);
#329=B_SPLINE_CURVE_WITH_KNOTS('',3,(#14891,#14892,#14893,#14894),
 .UNSPECIFIED.,.F.,.F.,(4,4),(0.,0.999992103535571),.UNSPECIFIED.);
#330=B_SPLINE_CURVE_WITH_KNOTS('',3,(#15314,#15315,#15316,#15317),
 .UNSPECIFIED.,.F.,.F.,(4,4),(2.35610090648731E-6,1.),.UNSPECIFIED.);
#331=B_SPLINE_CURVE_WITH_KNOTS('',3,(#15323,#15324,#15325,#15326),
 .UNSPECIFIED.,.F.,.F.,(4,4),(0.,1.),.UNSPECIFIED.);
#332=B_SPLINE_CURVE_WITH_KNOTS('',3,(#15397,#15398,#15399,#15400),
 .UNSPECIFIED.,.F.,.F.,(4,4),(-0.221107775960726,-0.000341550115957278),
 .UNSPECIFIED.);
#333=B_SPLINE_CURVE_WITH_KNOTS('',3,(#15403,#15404,#15405,#15406,#15407),
 .UNSPECIFIED.,.F.,.F.,(4,1,4),(3.68023128809906E-16,0.00392936202143116,
0.00785872404286194),.UNSPECIFIED.);
#334=B_SPLINE_CURVE_WITH_KNOTS('',3,(#15411,#15412,#15413,#15414,#15415),
 .UNSPECIFIED.,.F.,.F.,(4,1,4),(0.,0.5,1.),.UNSPECIFIED.);
#335=B_SPLINE_CURVE_WITH_KNOTS('',3,(#15431,#15432,#15433,#15434,#15435,
#15436,#15437),.UNSPECIFIED.,.F.,.F.,(4,1,1,1,4),(5.92113344729028E-15,
0.00336533752373036,0.00673067504745479,0.0100960125711792,0.0134613500949037),
 .UNSPECIFIED.);
#336=B_SPLINE_CURVE_WITH_KNOTS('',3,(#15529,#15530,#15531,#15532),
 .UNSPECIFIED.,.F.,.F.,(4,4),(0.,0.0644101689357858),.UNSPECIFIED.);
#337=B_SPLINE_CURVE_WITH_KNOTS('',3,(#15636,#15637,#15638,#15639,#15640,
#15641,#15642,#15643,#15644,#15645,#15646),.UNSPECIFIED.,.F.,.F.,(4,1,1,
1,1,1,1,1,4),(1.38777878078145E-17,0.00127223423146646,0.0025444684629329,
0.00381670269439935,0.0050889369258658,0.00636117115733224,0.00763340538879869,
0.00890563962026513,0.0101778738517316),.UNSPECIFIED.);
#338=B_SPLINE_CURVE_WITH_KNOTS('',3,(#15651,#15652,#15653,#15654),
 .UNSPECIFIED.,.F.,.F.,(4,4),(0.,1.),.UNSPECIFIED.);
#339=B_SPLINE_CURVE_WITH_KNOTS('',3,(#15664,#15665,#15666,#15667),
 .UNSPECIFIED.,.F.,.F.,(4,4),(5.11031688526404E-7,0.999999535769931),
 .UNSPECIFIED.);
#340=B_SPLINE_CURVE_WITH_KNOTS('',3,(#15681,#15682,#15683,#15684),
 .UNSPECIFIED.,.F.,.F.,(4,4),(4.73835698035002E-7,0.999999385946129),
 .UNSPECIFIED.);
#341=B_SPLINE_CURVE_WITH_KNOTS('',3,(#15694,#15695,#15696,#15697,#15698,
#15699),.UNSPECIFIED.,.F.,.F.,(4,1,1,4),(0.,0.00447296406200317,0.00670944609300476,
0.00894592812400634),.UNSPECIFIED.);
#342=B_SPLINE_CURVE_WITH_KNOTS('',3,(#15766,#15767,#15768,#15769),
 .UNSPECIFIED.,.F.,.F.,(4,4),(-0.0901594462408867,0.),.UNSPECIFIED.);
#343=ELLIPSE('',#8841,0.0120001921918236,0.012);
#344=ELLIPSE('',#8857,0.0172881364194836,0.0172419250996919);
#345=ELLIPSE('',#8889,0.0120001921918236,0.012);
#346=ELLIPSE('',#8892,0.0120001921918236,0.012);
#347=ELLIPSE('',#8895,0.0120001921918236,0.012);
#348=ELLIPSE('',#8902,0.0132406702557086,0.012);
#349=ELLIPSE('',#8904,0.0120000184061771,0.012);
#350=ELLIPSE('',#8906,0.035002483823126,0.0247504936697048);
#351=ELLIPSE('',#8923,0.00610387294380728,0.005);
#352=ELLIPSE('',#8924,0.00501909918771674,0.005);
#353=ELLIPSE('',#8926,0.0140906457262234,0.0115423812519878);
#354=ELLIPSE('',#8927,0.0061038729438073,0.005);
#355=ELLIPSE('',#8929,0.0140906457262233,0.0115423812519878);
#356=ELLIPSE('',#8932,0.00610387294380728,0.005);
#357=ELLIPSE('',#8935,0.00606002866367083,0.005);
#358=ELLIPSE('',#8936,0.0139894322468125,0.0115423812519878);
#359=ELLIPSE('',#8939,0.0140906457262234,0.0115423812519878);
#360=ELLIPSE('',#8941,0.0061038729438073,0.005);
#361=ELLIPSE('',#8963,0.0120000000918748,0.012);
#362=ELLIPSE('',#8966,0.0120143982438266,0.012);
#363=ELLIPSE('',#8969,0.0120000000918748,0.012);
#364=ELLIPSE('',#8971,0.0120000000918748,0.012);
#365=ELLIPSE('',#8973,0.0120000000918748,0.012);
#366=ELLIPSE('',#8975,0.0140906457262233,0.0115423812519878);
#367=ELLIPSE('',#8977,0.0115864712732337,0.0115423812519878);
#368=ELLIPSE('',#8980,0.0120137421896933,0.012);
#369=ELLIPSE('',#8984,0.0120145501617,0.012);
#370=ELLIPSE('',#9017,0.00282842712474619,0.002);
#371=ELLIPSE('',#9018,0.00282842712474619,0.002);
#372=ELLIPSE('',#9072,0.00282842712474613,0.002);
#373=ELLIPSE('',#9074,0.00141421356237309,0.001);
#374=ELLIPSE('',#9076,0.00282842712474617,0.002);
#375=ELLIPSE('',#9113,0.0197993628846171,0.014000263758886);
#376=ELLIPSE('',#9115,0.0342935024736501,0.014000263758886);
#377=ELLIPSE('',#9119,0.0197993632541275,0.0140002640201693);
#378=ELLIPSE('',#9121,0.0342935031136613,0.0140002640201693);
#379=ELLIPSE('',#9205,0.00100000656309804,0.001);
#380=ELLIPSE('',#9206,0.00100000656309804,0.001);
#381=ELLIPSE('',#9283,0.00100000656309804,0.001);
#382=ELLIPSE('',#9285,0.00500492789113374,0.00500492752001078);
#383=ELLIPSE('',#9287,0.00500492789113374,0.00500492752001078);
#384=ELLIPSE('',#9294,0.0014142135623731,0.001);
#385=ELLIPSE('',#9296,0.0014142135623731,0.001);
#386=ELLIPSE('',#9312,0.0014142135623731,0.001);
#387=ELLIPSE('',#9320,0.0014142135623731,0.001);
#388=ELLIPSE('',#9350,0.0120001921918236,0.012);
#389=ELLIPSE('',#9366,0.0172881364194836,0.0172419250996919);
#390=ELLIPSE('',#9398,0.0120001921918236,0.012);
#391=ELLIPSE('',#9401,0.0120001921918236,0.012);
#392=ELLIPSE('',#9404,0.0120001921918236,0.012);
#393=ELLIPSE('',#9411,0.0132406702557086,0.012);
#394=ELLIPSE('',#9413,0.0120000184061771,0.012);
#395=ELLIPSE('',#9415,0.035002483823126,0.0247504936697048);
#396=ELLIPSE('',#9432,0.00501909918771674,0.005);
#397=ELLIPSE('',#9433,0.00610387294380728,0.005);
#398=ELLIPSE('',#9435,0.0140906457262234,0.0115423812519878);
#399=ELLIPSE('',#9436,0.0061038729438073,0.005);
#400=ELLIPSE('',#9439,0.0140906457262233,0.0115423812519878);
#401=ELLIPSE('',#9441,0.00610387294380728,0.005);
#402=ELLIPSE('',#9444,0.0139894322468125,0.0115423812519878);
#403=ELLIPSE('',#9445,0.00606002866367083,0.005);
#404=ELLIPSE('',#9447,0.0140906457262234,0.0115423812519878);
#405=ELLIPSE('',#9450,0.0061038729438073,0.005);
#406=ELLIPSE('',#9473,0.0120000000918748,0.012);
#407=ELLIPSE('',#9476,0.0120143982438266,0.012);
#408=ELLIPSE('',#9479,0.0120000000918748,0.012);
#409=ELLIPSE('',#9481,0.0120000000918748,0.012);
#410=ELLIPSE('',#9483,0.0120000000918748,0.012);
#411=ELLIPSE('',#9485,0.0140906457262233,0.0115423812519878);
#412=ELLIPSE('',#9487,0.0115864712732337,0.0115423812519878);
#413=ELLIPSE('',#9490,0.0120137421896933,0.012);
#414=ELLIPSE('',#9494,0.0120145501617,0.012);
#415=CIRCLE('',#8839,0.0247588846370943);
#416=CIRCLE('',#8849,0.00119999998881506);
#417=CIRCLE('',#8850,6.72793650476078);
#418=CIRCLE('',#8851,6.74854223599653);
#419=CIRCLE('',#8853,0.738341974960895);
#420=CIRCLE('',#8854,0.746446078279461);
#421=CIRCLE('',#8856,67.3832607012046);
#422=CIRCLE('',#8858,0.0250180615468345);
#423=CIRCLE('',#8861,0.0008);
#424=CIRCLE('',#8863,0.0008);
#425=CIRCLE('',#8865,0.00030000023374936);
#426=CIRCLE('',#8867,0.746448961196666);
#427=CIRCLE('',#8868,25.6293256110604);
#428=CIRCLE('',#8871,0.0572181066986262);
#429=CIRCLE('',#8872,25.6407121023694);
#430=CIRCLE('',#8897,0.007);
#431=CIRCLE('',#8898,0.313730965602202);
#432=CIRCLE('',#8899,0.0120257206901205);
#433=CIRCLE('',#8910,0.00185);
#434=CIRCLE('',#8911,0.0025);
#435=CIRCLE('',#8912,0.0025);
#436=CIRCLE('',#8913,0.0247504936697048);
#437=CIRCLE('',#8915,0.0025);
#438=CIRCLE('',#8917,0.0251504936697048);
#439=CIRCLE('',#8918,0.291487988340649);
#440=CIRCLE('',#8919,0.0247504936697048);
#441=CIRCLE('',#8921,0.0594288693308417);
#442=CIRCLE('',#8930,0.0115423812519878);
#443=CIRCLE('',#8938,0.0115423812519878);
#444=CIRCLE('',#8949,0.00145);
#445=CIRCLE('',#8951,0.0029);
#446=CIRCLE('',#8955,0.00145);
#447=CIRCLE('',#8958,0.0247504936697048);
#448=CIRCLE('',#8982,0.012);
#449=CIRCLE('',#8987,0.0116);
#450=CIRCLE('',#8988,0.318967232511435);
#451=CIRCLE('',#8993,0.012);
#452=CIRCLE('',#9000,0.0116000000000232);
#453=CIRCLE('',#9003,0.00235);
#454=CIRCLE('',#9005,0.00275);
#455=CIRCLE('',#9007,0.00235);
#456=CIRCLE('',#9010,0.00525002525335929);
#457=CIRCLE('',#9012,0.0035);
#458=CIRCLE('',#9013,0.0144);
#459=CIRCLE('',#9014,0.0035);
#460=CIRCLE('',#9019,0.00425002525335929);
#461=CIRCLE('',#9021,0.001);
#462=CIRCLE('',#9022,0.001);
#463=CIRCLE('',#9023,0.001);
#464=CIRCLE('',#9024,0.001);
#465=CIRCLE('',#9025,0.001);
#466=CIRCLE('',#9026,0.001);
#467=CIRCLE('',#9037,0.00425002525335929);
#468=CIRCLE('',#9038,0.001);
#469=CIRCLE('',#9039,0.00525002525335929);
#470=CIRCLE('',#9040,0.001);
#471=CIRCLE('',#9043,0.001);
#472=CIRCLE('',#9044,0.001);
#473=CIRCLE('',#9045,0.001);
#474=CIRCLE('',#9050,0.001);
#475=CIRCLE('',#9051,0.001);
#476=CIRCLE('',#9052,0.001);
#477=CIRCLE('',#9060,0.001);
#478=CIRCLE('',#9061,0.001);
#479=CIRCLE('',#9062,0.00100000000000002);
#480=CIRCLE('',#9064,0.001);
#481=CIRCLE('',#9066,0.001);
#482=CIRCLE('',#9067,0.001);
#483=CIRCLE('',#9068,0.001);
#484=CIRCLE('',#9071,0.001);
#485=CIRCLE('',#9080,0.001);
#486=CIRCLE('',#9087,0.001);
#487=CIRCLE('',#9088,0.001);
#488=CIRCLE('',#9091,0.001);
#489=CIRCLE('',#9093,0.001);
#490=CIRCLE('',#9096,0.0031);
#491=CIRCLE('',#9098,0.0031);
#492=CIRCLE('',#9099,0.0031);
#493=CIRCLE('',#9100,0.0031);
#494=CIRCLE('',#9101,0.0031);
#495=CIRCLE('',#9103,0.0031);
#496=CIRCLE('',#9105,0.0031);
#497=CIRCLE('',#9106,0.0031);
#498=CIRCLE('',#9107,0.0031);
#499=CIRCLE('',#9108,0.0031);
#500=CIRCLE('',#9111,0.014000263758886);
#501=CIRCLE('',#9116,0.014000263758886);
#502=CIRCLE('',#9123,0.0140002640201693);
#503=CIRCLE('',#9126,0.000839015435430164);
#504=CIRCLE('',#9127,0.00152953800428609);
#505=CIRCLE('',#9128,0.00126930048469849);
#506=CIRCLE('',#9129,0.00158717035655404);
#507=CIRCLE('',#9130,0.00104560093556393);
#508=CIRCLE('',#9145,0.0017);
#509=CIRCLE('',#9147,0.0017);
#510=CIRCLE('',#9149,0.0017);
#511=CIRCLE('',#9151,0.0017);
#512=CIRCLE('',#9161,0.0017);
#513=CIRCLE('',#9163,0.0017);
#514=CIRCLE('',#9165,0.0017);
#515=CIRCLE('',#9167,0.0017);
#516=CIRCLE('',#9177,0.0017);
#517=CIRCLE('',#9197,0.0039);
#518=CIRCLE('',#9198,0.0039);
#519=CIRCLE('',#9201,0.0039);
#520=CIRCLE('',#9202,0.0039);
#521=CIRCLE('',#9212,0.0009);
#522=CIRCLE('',#9214,0.0015);
#523=CIRCLE('',#9216,0.0009);
#524=CIRCLE('',#9218,0.0015);
#525=CIRCLE('',#9221,0.001);
#526=CIRCLE('',#9224,0.00059);
#527=CIRCLE('',#9225,0.00059);
#528=CIRCLE('',#9227,0.00059);
#529=CIRCLE('',#9228,0.00059);
#530=CIRCLE('',#9231,0.000576697390830512);
#531=CIRCLE('',#9232,0.00059);
#532=CIRCLE('',#9236,0.000576697390805891);
#533=CIRCLE('',#9237,0.00059);
#534=CIRCLE('',#9239,0.00100000000000002);
#535=CIRCLE('',#9240,0.001);
#536=CIRCLE('',#9245,0.001);
#537=CIRCLE('',#9247,0.000999999999999979);
#538=CIRCLE('',#9248,0.001);
#539=CIRCLE('',#9271,0.00235);
#540=CIRCLE('',#9273,0.00235);
#541=CIRCLE('',#9275,0.00235);
#542=CIRCLE('',#9277,0.00275);
#543=CIRCLE('',#9279,0.00235);
#544=CIRCLE('',#9281,0.00275);
#545=CIRCLE('',#9289,0.0017);
#546=CIRCLE('',#9290,0.001);
#547=CIRCLE('',#9304,0.001);
#548=CIRCLE('',#9315,0.001);
#549=CIRCLE('',#9328,0.000839015435430164);
#550=CIRCLE('',#9338,0.00158717035655404);
#551=CIRCLE('',#9339,0.00126930048469849);
#552=CIRCLE('',#9340,0.00152953800428609);
#553=CIRCLE('',#9345,0.00104560093556393);
#554=CIRCLE('',#9358,6.74854223599653);
#555=CIRCLE('',#9359,6.72793650476078);
#556=CIRCLE('',#9360,0.00119999998881506);
#557=CIRCLE('',#9362,0.738341974960895);
#558=CIRCLE('',#9363,0.746446078279461);
#559=CIRCLE('',#9365,67.3832607012046);
#560=CIRCLE('',#9367,0.0250180615468345);
#561=CIRCLE('',#9370,0.0008);
#562=CIRCLE('',#9372,0.0008);
#563=CIRCLE('',#9374,0.00030000023374936);
#564=CIRCLE('',#9376,25.6293256110604);
#565=CIRCLE('',#9377,0.746448961196666);
#566=CIRCLE('',#9380,0.0572181066986262);
#567=CIRCLE('',#9381,25.6407121023694);
#568=CIRCLE('',#9406,0.0120257206901205);
#569=CIRCLE('',#9407,0.313730965602202);
#570=CIRCLE('',#9408,0.007);
#571=CIRCLE('',#9419,0.00185);
#572=CIRCLE('',#9420,0.0025);
#573=CIRCLE('',#9421,0.0247504936697048);
#574=CIRCLE('',#9422,0.0025);
#575=CIRCLE('',#9424,0.0025);
#576=CIRCLE('',#9426,0.0251504936697048);
#577=CIRCLE('',#9427,0.0247504936697048);
#578=CIRCLE('',#9428,0.291487988340649);
#579=CIRCLE('',#9430,0.0594288693308417);
#580=CIRCLE('',#9438,0.0115423812519878);
#581=CIRCLE('',#9448,0.0115423812519878);
#582=CIRCLE('',#9458,0.00145);
#583=CIRCLE('',#9460,0.0029);
#584=CIRCLE('',#9464,0.00145);
#585=CIRCLE('',#9467,0.0247504936697048);
#586=CIRCLE('',#9469,0.0247588846370943);
#587=CIRCLE('',#9492,0.012);
#588=CIRCLE('',#9497,0.318967232511435);
#589=CIRCLE('',#9498,0.0116);
#590=CIRCLE('',#9503,0.012);
#591=CIRCLE('',#9510,0.0116000000000232);
#592=CIRCLE('',#9513,0.00235);
#593=CIRCLE('',#9515,0.00275);
#594=CIRCLE('',#9517,0.00235);
#595=ORIENTED_EDGE('',*,*,#3139,.F.);
#596=ORIENTED_EDGE('',*,*,#3140,.T.);
#597=ORIENTED_EDGE('',*,*,#3141,.T.);
#598=ORIENTED_EDGE('',*,*,#3142,.F.);
#599=ORIENTED_EDGE('',*,*,#3143,.F.);
#600=ORIENTED_EDGE('',*,*,#3144,.T.);
#601=ORIENTED_EDGE('',*,*,#3145,.T.);
#602=ORIENTED_EDGE('',*,*,#3146,.F.);
#603=ORIENTED_EDGE('',*,*,#3147,.T.);
#604=ORIENTED_EDGE('',*,*,#3148,.F.);
#605=ORIENTED_EDGE('',*,*,#3149,.F.);
#606=ORIENTED_EDGE('',*,*,#3150,.F.);
#607=ORIENTED_EDGE('',*,*,#3151,.T.);
#608=ORIENTED_EDGE('',*,*,#3152,.F.);
#609=ORIENTED_EDGE('',*,*,#3153,.F.);
#610=ORIENTED_EDGE('',*,*,#3154,.F.);
#611=ORIENTED_EDGE('',*,*,#3149,.T.);
#612=ORIENTED_EDGE('',*,*,#3155,.F.);
#613=ORIENTED_EDGE('',*,*,#3156,.F.);
#614=ORIENTED_EDGE('',*,*,#3157,.F.);
#615=ORIENTED_EDGE('',*,*,#3158,.T.);
#616=ORIENTED_EDGE('',*,*,#3159,.F.);
#617=ORIENTED_EDGE('',*,*,#3160,.F.);
#618=ORIENTED_EDGE('',*,*,#3161,.F.);
#619=ORIENTED_EDGE('',*,*,#3162,.T.);
#620=ORIENTED_EDGE('',*,*,#3163,.F.);
#621=ORIENTED_EDGE('',*,*,#3164,.F.);
#622=ORIENTED_EDGE('',*,*,#3165,.F.);
#623=ORIENTED_EDGE('',*,*,#3166,.T.);
#624=ORIENTED_EDGE('',*,*,#3167,.F.);
#625=ORIENTED_EDGE('',*,*,#3168,.F.);
#626=ORIENTED_EDGE('',*,*,#3169,.T.);
#627=ORIENTED_EDGE('',*,*,#3170,.T.);
#628=ORIENTED_EDGE('',*,*,#3171,.T.);
#629=ORIENTED_EDGE('',*,*,#3163,.T.);
#630=ORIENTED_EDGE('',*,*,#3172,.F.);
#631=ORIENTED_EDGE('',*,*,#3173,.F.);
#632=ORIENTED_EDGE('',*,*,#3174,.F.);
#633=ORIENTED_EDGE('',*,*,#3175,.T.);
#634=ORIENTED_EDGE('',*,*,#3176,.F.);
#635=ORIENTED_EDGE('',*,*,#3177,.T.);
#636=ORIENTED_EDGE('',*,*,#3178,.F.);
#637=ORIENTED_EDGE('',*,*,#3179,.T.);
#638=ORIENTED_EDGE('',*,*,#3180,.T.);
#639=ORIENTED_EDGE('',*,*,#3181,.F.);
#640=ORIENTED_EDGE('',*,*,#3182,.T.);
#641=ORIENTED_EDGE('',*,*,#3183,.T.);
#642=ORIENTED_EDGE('',*,*,#3184,.F.);
#643=ORIENTED_EDGE('',*,*,#3185,.T.);
#644=ORIENTED_EDGE('',*,*,#3186,.T.);
#645=ORIENTED_EDGE('',*,*,#3187,.F.);
#646=ORIENTED_EDGE('',*,*,#3188,.T.);
#647=ORIENTED_EDGE('',*,*,#3189,.F.);
#648=ORIENTED_EDGE('',*,*,#3190,.T.);
#649=ORIENTED_EDGE('',*,*,#3191,.T.);
#650=ORIENTED_EDGE('',*,*,#3192,.T.);
#651=ORIENTED_EDGE('',*,*,#3193,.T.);
#652=ORIENTED_EDGE('',*,*,#3194,.T.);
#653=ORIENTED_EDGE('',*,*,#3195,.F.);
#654=ORIENTED_EDGE('',*,*,#3196,.T.);
#655=ORIENTED_EDGE('',*,*,#3197,.F.);
#656=ORIENTED_EDGE('',*,*,#3198,.F.);
#657=ORIENTED_EDGE('',*,*,#3199,.F.);
#658=ORIENTED_EDGE('',*,*,#3200,.F.);
#659=ORIENTED_EDGE('',*,*,#3201,.T.);
#660=ORIENTED_EDGE('',*,*,#3202,.F.);
#661=ORIENTED_EDGE('',*,*,#3203,.F.);
#662=ORIENTED_EDGE('',*,*,#3184,.T.);
#663=ORIENTED_EDGE('',*,*,#3204,.F.);
#664=ORIENTED_EDGE('',*,*,#3205,.F.);
#665=ORIENTED_EDGE('',*,*,#3161,.T.);
#666=ORIENTED_EDGE('',*,*,#3206,.T.);
#667=ORIENTED_EDGE('',*,*,#3202,.T.);
#668=ORIENTED_EDGE('',*,*,#3207,.F.);
#669=ORIENTED_EDGE('',*,*,#3197,.T.);
#670=ORIENTED_EDGE('',*,*,#3208,.F.);
#671=ORIENTED_EDGE('',*,*,#3209,.T.);
#672=ORIENTED_EDGE('',*,*,#3182,.F.);
#673=ORIENTED_EDGE('',*,*,#3210,.T.);
#674=ORIENTED_EDGE('',*,*,#3211,.T.);
#675=ORIENTED_EDGE('',*,*,#3187,.T.);
#676=ORIENTED_EDGE('',*,*,#3212,.T.);
#677=ORIENTED_EDGE('',*,*,#3213,.T.);
#678=ORIENTED_EDGE('',*,*,#3213,.F.);
#679=ORIENTED_EDGE('',*,*,#3214,.F.);
#680=ORIENTED_EDGE('',*,*,#3214,.T.);
#681=ORIENTED_EDGE('',*,*,#3215,.T.);
#682=ORIENTED_EDGE('',*,*,#3215,.F.);
#683=ORIENTED_EDGE('',*,*,#3154,.T.);
#684=ORIENTED_EDGE('',*,*,#3216,.F.);
#685=ORIENTED_EDGE('',*,*,#3217,.F.);
#686=ORIENTED_EDGE('',*,*,#3218,.T.);
#687=ORIENTED_EDGE('',*,*,#3219,.T.);
#688=ORIENTED_EDGE('',*,*,#3195,.T.);
#689=ORIENTED_EDGE('',*,*,#3220,.F.);
#690=ORIENTED_EDGE('',*,*,#3150,.T.);
#691=ORIENTED_EDGE('',*,*,#3220,.T.);
#692=ORIENTED_EDGE('',*,*,#3194,.F.);
#693=ORIENTED_EDGE('',*,*,#3221,.T.);
#694=ORIENTED_EDGE('',*,*,#3222,.F.);
#695=ORIENTED_EDGE('',*,*,#3223,.F.);
#696=ORIENTED_EDGE('',*,*,#3224,.F.);
#697=ORIENTED_EDGE('',*,*,#3225,.F.);
#698=ORIENTED_EDGE('',*,*,#3218,.F.);
#699=ORIENTED_EDGE('',*,*,#3226,.T.);
#700=ORIENTED_EDGE('',*,*,#3227,.F.);
#701=ORIENTED_EDGE('',*,*,#3228,.F.);
#702=ORIENTED_EDGE('',*,*,#3229,.F.);
#703=ORIENTED_EDGE('',*,*,#3199,.T.);
#704=ORIENTED_EDGE('',*,*,#3157,.T.);
#705=ORIENTED_EDGE('',*,*,#3230,.F.);
#706=ORIENTED_EDGE('',*,*,#3200,.T.);
#707=ORIENTED_EDGE('',*,*,#3229,.T.);
#708=ORIENTED_EDGE('',*,*,#3231,.T.);
#709=ORIENTED_EDGE('',*,*,#3189,.T.);
#710=ORIENTED_EDGE('',*,*,#3232,.F.);
#711=ORIENTED_EDGE('',*,*,#3233,.T.);
#712=ORIENTED_EDGE('',*,*,#3185,.F.);
#713=ORIENTED_EDGE('',*,*,#3203,.T.);
#714=ORIENTED_EDGE('',*,*,#3234,.T.);
#715=ORIENTED_EDGE('',*,*,#3235,.T.);
#716=ORIENTED_EDGE('',*,*,#3232,.T.);
#717=ORIENTED_EDGE('',*,*,#3188,.F.);
#718=ORIENTED_EDGE('',*,*,#3211,.F.);
#719=ORIENTED_EDGE('',*,*,#3236,.T.);
#720=ORIENTED_EDGE('',*,*,#3237,.T.);
#721=ORIENTED_EDGE('',*,*,#3238,.T.);
#722=ORIENTED_EDGE('',*,*,#3234,.F.);
#723=ORIENTED_EDGE('',*,*,#3206,.F.);
#724=ORIENTED_EDGE('',*,*,#3239,.T.);
#725=ORIENTED_EDGE('',*,*,#3240,.T.);
#726=ORIENTED_EDGE('',*,*,#3241,.F.);
#727=ORIENTED_EDGE('',*,*,#3242,.T.);
#728=ORIENTED_EDGE('',*,*,#3243,.T.);
#729=ORIENTED_EDGE('',*,*,#3244,.F.);
#730=ORIENTED_EDGE('',*,*,#3245,.F.);
#731=ORIENTED_EDGE('',*,*,#3246,.T.);
#732=ORIENTED_EDGE('',*,*,#3176,.T.);
#733=ORIENTED_EDGE('',*,*,#3224,.T.);
#734=ORIENTED_EDGE('',*,*,#3247,.T.);
#735=ORIENTED_EDGE('',*,*,#3243,.F.);
#736=ORIENTED_EDGE('',*,*,#3248,.T.);
#737=ORIENTED_EDGE('',*,*,#3226,.F.);
#738=ORIENTED_EDGE('',*,*,#3217,.T.);
#739=ORIENTED_EDGE('',*,*,#3249,.T.);
#740=ORIENTED_EDGE('',*,*,#3241,.T.);
#741=ORIENTED_EDGE('',*,*,#3250,.T.);
#742=ORIENTED_EDGE('',*,*,#3251,.F.);
#743=ORIENTED_EDGE('',*,*,#3252,.F.);
#744=ORIENTED_EDGE('',*,*,#3253,.F.);
#745=ORIENTED_EDGE('',*,*,#3227,.T.);
#746=ORIENTED_EDGE('',*,*,#3248,.F.);
#747=ORIENTED_EDGE('',*,*,#3242,.F.);
#748=ORIENTED_EDGE('',*,*,#3249,.F.);
#749=ORIENTED_EDGE('',*,*,#3175,.F.);
#750=ORIENTED_EDGE('',*,*,#3196,.F.);
#751=ORIENTED_EDGE('',*,*,#3219,.F.);
#752=ORIENTED_EDGE('',*,*,#3225,.T.);
#753=ORIENTED_EDGE('',*,*,#3254,.T.);
#754=ORIENTED_EDGE('',*,*,#3251,.T.);
#755=ORIENTED_EDGE('',*,*,#3255,.T.);
#756=ORIENTED_EDGE('',*,*,#3192,.F.);
#757=ORIENTED_EDGE('',*,*,#3252,.T.);
#758=ORIENTED_EDGE('',*,*,#3254,.F.);
#759=ORIENTED_EDGE('',*,*,#3191,.F.);
#760=ORIENTED_EDGE('',*,*,#3256,.F.);
#761=ORIENTED_EDGE('',*,*,#3253,.T.);
#762=ORIENTED_EDGE('',*,*,#3228,.T.);
#763=ORIENTED_EDGE('',*,*,#3256,.T.);
#764=ORIENTED_EDGE('',*,*,#3190,.F.);
#765=ORIENTED_EDGE('',*,*,#3231,.F.);
#766=ORIENTED_EDGE('',*,*,#3257,.T.);
#767=ORIENTED_EDGE('',*,*,#3258,.F.);
#768=ORIENTED_EDGE('',*,*,#3170,.F.);
#769=ORIENTED_EDGE('',*,*,#3259,.F.);
#770=ORIENTED_EDGE('',*,*,#3171,.F.);
#771=ORIENTED_EDGE('',*,*,#3258,.T.);
#772=ORIENTED_EDGE('',*,*,#3260,.F.);
#773=ORIENTED_EDGE('',*,*,#3164,.T.);
#774=ORIENTED_EDGE('',*,*,#3261,.T.);
#775=ORIENTED_EDGE('',*,*,#3151,.F.);
#776=ORIENTED_EDGE('',*,*,#3221,.F.);
#777=ORIENTED_EDGE('',*,*,#3193,.F.);
#778=ORIENTED_EDGE('',*,*,#3255,.F.);
#779=ORIENTED_EDGE('',*,*,#3250,.F.);
#780=ORIENTED_EDGE('',*,*,#3240,.F.);
#781=ORIENTED_EDGE('',*,*,#3262,.T.);
#782=ORIENTED_EDGE('',*,*,#3263,.T.);
#783=ORIENTED_EDGE('',*,*,#3262,.F.);
#784=ORIENTED_EDGE('',*,*,#3239,.F.);
#785=ORIENTED_EDGE('',*,*,#3264,.T.);
#786=ORIENTED_EDGE('',*,*,#3265,.F.);
#787=ORIENTED_EDGE('',*,*,#3266,.T.);
#788=ORIENTED_EDGE('',*,*,#3267,.T.);
#789=ORIENTED_EDGE('',*,*,#3268,.F.);
#790=ORIENTED_EDGE('',*,*,#3269,.T.);
#791=ORIENTED_EDGE('',*,*,#3270,.T.);
#792=ORIENTED_EDGE('',*,*,#3271,.T.);
#793=ORIENTED_EDGE('',*,*,#3272,.T.);
#794=ORIENTED_EDGE('',*,*,#3273,.T.);
#795=ORIENTED_EDGE('',*,*,#3274,.T.);
#796=ORIENTED_EDGE('',*,*,#3275,.F.);
#797=ORIENTED_EDGE('',*,*,#3158,.F.);
#798=ORIENTED_EDGE('',*,*,#3235,.F.);
#799=ORIENTED_EDGE('',*,*,#3276,.T.);
#800=ORIENTED_EDGE('',*,*,#3277,.T.);
#801=ORIENTED_EDGE('',*,*,#3276,.F.);
#802=ORIENTED_EDGE('',*,*,#3236,.F.);
#803=ORIENTED_EDGE('',*,*,#3212,.F.);
#804=ORIENTED_EDGE('',*,*,#3186,.F.);
#805=ORIENTED_EDGE('',*,*,#3233,.F.);
#806=ORIENTED_EDGE('',*,*,#3238,.F.);
#807=ORIENTED_EDGE('',*,*,#3278,.T.);
#808=ORIENTED_EDGE('',*,*,#3279,.T.);
#809=ORIENTED_EDGE('',*,*,#3278,.F.);
#810=ORIENTED_EDGE('',*,*,#3237,.F.);
#811=ORIENTED_EDGE('',*,*,#3160,.T.);
#812=ORIENTED_EDGE('',*,*,#3280,.F.);
#813=ORIENTED_EDGE('',*,*,#3281,.T.);
#814=ORIENTED_EDGE('',*,*,#3282,.F.);
#815=ORIENTED_EDGE('',*,*,#3283,.F.);
#816=ORIENTED_EDGE('',*,*,#3284,.T.);
#817=ORIENTED_EDGE('',*,*,#3173,.T.);
#818=ORIENTED_EDGE('',*,*,#3285,.F.);
#819=ORIENTED_EDGE('',*,*,#3286,.F.);
#820=ORIENTED_EDGE('',*,*,#3145,.F.);
#821=ORIENTED_EDGE('',*,*,#3287,.F.);
#822=ORIENTED_EDGE('',*,*,#3288,.T.);
#823=ORIENTED_EDGE('',*,*,#3284,.F.);
#824=ORIENTED_EDGE('',*,*,#3289,.T.);
#825=ORIENTED_EDGE('',*,*,#3222,.T.);
#826=ORIENTED_EDGE('',*,*,#3198,.T.);
#827=ORIENTED_EDGE('',*,*,#3207,.T.);
#828=ORIENTED_EDGE('',*,*,#3204,.T.);
#829=ORIENTED_EDGE('',*,*,#3183,.F.);
#830=ORIENTED_EDGE('',*,*,#3209,.F.);
#831=ORIENTED_EDGE('',*,*,#3290,.F.);
#832=ORIENTED_EDGE('',*,*,#3291,.T.);
#833=ORIENTED_EDGE('',*,*,#3292,.T.);
#834=ORIENTED_EDGE('',*,*,#3168,.T.);
#835=ORIENTED_EDGE('',*,*,#3167,.T.);
#836=ORIENTED_EDGE('',*,*,#3293,.T.);
#837=ORIENTED_EDGE('',*,*,#3290,.T.);
#838=ORIENTED_EDGE('',*,*,#3208,.T.);
#839=ORIENTED_EDGE('',*,*,#3294,.T.);
#840=ORIENTED_EDGE('',*,*,#3295,.T.);
#841=ORIENTED_EDGE('',*,*,#3294,.F.);
#842=ORIENTED_EDGE('',*,*,#3210,.F.);
#843=ORIENTED_EDGE('',*,*,#3181,.T.);
#844=ORIENTED_EDGE('',*,*,#3296,.F.);
#845=ORIENTED_EDGE('',*,*,#3297,.T.);
#846=ORIENTED_EDGE('',*,*,#3296,.T.);
#847=ORIENTED_EDGE('',*,*,#3180,.F.);
#848=ORIENTED_EDGE('',*,*,#3298,.T.);
#849=ORIENTED_EDGE('',*,*,#3299,.F.);
#850=ORIENTED_EDGE('',*,*,#3143,.T.);
#851=ORIENTED_EDGE('',*,*,#3300,.T.);
#852=ORIENTED_EDGE('',*,*,#3301,.F.);
#853=ORIENTED_EDGE('',*,*,#3302,.F.);
#854=ORIENTED_EDGE('',*,*,#3303,.T.);
#855=ORIENTED_EDGE('',*,*,#3304,.T.);
#856=ORIENTED_EDGE('',*,*,#3305,.T.);
#857=ORIENTED_EDGE('',*,*,#3306,.F.);
#858=ORIENTED_EDGE('',*,*,#3307,.T.);
#859=ORIENTED_EDGE('',*,*,#3308,.T.);
#860=ORIENTED_EDGE('',*,*,#3309,.F.);
#861=ORIENTED_EDGE('',*,*,#3310,.F.);
#862=ORIENTED_EDGE('',*,*,#3311,.T.);
#863=ORIENTED_EDGE('',*,*,#3312,.T.);
#864=ORIENTED_EDGE('',*,*,#3313,.F.);
#865=ORIENTED_EDGE('',*,*,#3314,.T.);
#866=ORIENTED_EDGE('',*,*,#3287,.T.);
#867=ORIENTED_EDGE('',*,*,#3144,.F.);
#868=ORIENTED_EDGE('',*,*,#3299,.T.);
#869=ORIENTED_EDGE('',*,*,#3315,.F.);
#870=ORIENTED_EDGE('',*,*,#3286,.T.);
#871=ORIENTED_EDGE('',*,*,#3316,.T.);
#872=ORIENTED_EDGE('',*,*,#3317,.F.);
#873=ORIENTED_EDGE('',*,*,#3318,.F.);
#874=ORIENTED_EDGE('',*,*,#3146,.T.);
#875=ORIENTED_EDGE('',*,*,#3319,.F.);
#876=ORIENTED_EDGE('',*,*,#3320,.F.);
#877=ORIENTED_EDGE('',*,*,#3321,.F.);
#878=ORIENTED_EDGE('',*,*,#3322,.F.);
#879=ORIENTED_EDGE('',*,*,#3323,.F.);
#880=ORIENTED_EDGE('',*,*,#3324,.T.);
#881=ORIENTED_EDGE('',*,*,#3325,.F.);
#882=ORIENTED_EDGE('',*,*,#3326,.F.);
#883=ORIENTED_EDGE('',*,*,#3327,.T.);
#884=ORIENTED_EDGE('',*,*,#3324,.F.);
#885=ORIENTED_EDGE('',*,*,#3328,.T.);
#886=ORIENTED_EDGE('',*,*,#3329,.T.);
#887=ORIENTED_EDGE('',*,*,#3330,.F.);
#888=ORIENTED_EDGE('',*,*,#3331,.T.);
#889=ORIENTED_EDGE('',*,*,#3332,.T.);
#890=ORIENTED_EDGE('',*,*,#3333,.T.);
#891=ORIENTED_EDGE('',*,*,#3334,.T.);
#892=ORIENTED_EDGE('',*,*,#3313,.T.);
#893=ORIENTED_EDGE('',*,*,#3330,.T.);
#894=ORIENTED_EDGE('',*,*,#3335,.T.);
#895=ORIENTED_EDGE('',*,*,#3336,.T.);
#896=ORIENTED_EDGE('',*,*,#3311,.F.);
#897=ORIENTED_EDGE('',*,*,#3337,.F.);
#898=ORIENTED_EDGE('',*,*,#3338,.T.);
#899=ORIENTED_EDGE('',*,*,#3305,.F.);
#900=ORIENTED_EDGE('',*,*,#3339,.F.);
#901=ORIENTED_EDGE('',*,*,#3340,.T.);
#902=ORIENTED_EDGE('',*,*,#3341,.F.);
#903=ORIENTED_EDGE('',*,*,#3342,.T.);
#904=ORIENTED_EDGE('',*,*,#3273,.F.);
#905=ORIENTED_EDGE('',*,*,#3343,.F.);
#906=ORIENTED_EDGE('',*,*,#3306,.T.);
#907=ORIENTED_EDGE('',*,*,#3338,.F.);
#908=ORIENTED_EDGE('',*,*,#3344,.T.);
#909=ORIENTED_EDGE('',*,*,#3307,.F.);
#910=ORIENTED_EDGE('',*,*,#3343,.T.);
#911=ORIENTED_EDGE('',*,*,#3272,.F.);
#912=ORIENTED_EDGE('',*,*,#3345,.T.);
#913=ORIENTED_EDGE('',*,*,#3346,.T.);
#914=ORIENTED_EDGE('',*,*,#3347,.F.);
#915=ORIENTED_EDGE('',*,*,#3339,.T.);
#916=ORIENTED_EDGE('',*,*,#3308,.F.);
#917=ORIENTED_EDGE('',*,*,#3347,.T.);
#918=ORIENTED_EDGE('',*,*,#3348,.T.);
#919=ORIENTED_EDGE('',*,*,#3301,.T.);
#920=ORIENTED_EDGE('',*,*,#3349,.T.);
#921=ORIENTED_EDGE('',*,*,#3350,.T.);
#922=ORIENTED_EDGE('',*,*,#3351,.F.);
#923=ORIENTED_EDGE('',*,*,#3351,.T.);
#924=ORIENTED_EDGE('',*,*,#3352,.T.);
#925=ORIENTED_EDGE('',*,*,#3353,.F.);
#926=ORIENTED_EDGE('',*,*,#3302,.T.);
#927=ORIENTED_EDGE('',*,*,#3354,.T.);
#928=ORIENTED_EDGE('',*,*,#3355,.T.);
#929=ORIENTED_EDGE('',*,*,#3356,.F.);
#930=ORIENTED_EDGE('',*,*,#3303,.F.);
#931=ORIENTED_EDGE('',*,*,#3353,.T.);
#932=ORIENTED_EDGE('',*,*,#3357,.F.);
#933=ORIENTED_EDGE('',*,*,#3349,.F.);
#934=ORIENTED_EDGE('',*,*,#3304,.F.);
#935=ORIENTED_EDGE('',*,*,#3356,.T.);
#936=ORIENTED_EDGE('',*,*,#3358,.T.);
#937=ORIENTED_EDGE('',*,*,#3285,.T.);
#938=ORIENTED_EDGE('',*,*,#3172,.T.);
#939=ORIENTED_EDGE('',*,*,#3166,.F.);
#940=ORIENTED_EDGE('',*,*,#3359,.F.);
#941=ORIENTED_EDGE('',*,*,#3316,.F.);
#942=ORIENTED_EDGE('',*,*,#3360,.T.);
#943=ORIENTED_EDGE('',*,*,#3361,.F.);
#944=ORIENTED_EDGE('',*,*,#3362,.T.);
#945=ORIENTED_EDGE('',*,*,#3363,.F.);
#946=ORIENTED_EDGE('',*,*,#3362,.F.);
#947=ORIENTED_EDGE('',*,*,#3328,.F.);
#948=ORIENTED_EDGE('',*,*,#3323,.T.);
#949=ORIENTED_EDGE('',*,*,#3364,.F.);
#950=ORIENTED_EDGE('',*,*,#3335,.F.);
#951=ORIENTED_EDGE('',*,*,#3365,.T.);
#952=ORIENTED_EDGE('',*,*,#3366,.F.);
#953=ORIENTED_EDGE('',*,*,#3367,.T.);
#954=ORIENTED_EDGE('',*,*,#3358,.F.);
#955=ORIENTED_EDGE('',*,*,#3355,.F.);
#956=ORIENTED_EDGE('',*,*,#3368,.F.);
#957=ORIENTED_EDGE('',*,*,#3340,.F.);
#958=ORIENTED_EDGE('',*,*,#3348,.F.);
#959=ORIENTED_EDGE('',*,*,#3346,.F.);
#960=ORIENTED_EDGE('',*,*,#3369,.F.);
#961=ORIENTED_EDGE('',*,*,#3370,.F.);
#962=ORIENTED_EDGE('',*,*,#3350,.F.);
#963=ORIENTED_EDGE('',*,*,#3367,.F.);
#964=ORIENTED_EDGE('',*,*,#3371,.F.);
#965=ORIENTED_EDGE('',*,*,#3266,.F.);
#966=ORIENTED_EDGE('',*,*,#3344,.F.);
#967=ORIENTED_EDGE('',*,*,#3342,.F.);
#968=ORIENTED_EDGE('',*,*,#3372,.T.);
#969=ORIENTED_EDGE('',*,*,#3357,.T.);
#970=ORIENTED_EDGE('',*,*,#3352,.F.);
#971=ORIENTED_EDGE('',*,*,#3319,.T.);
#972=ORIENTED_EDGE('',*,*,#3373,.T.);
#973=ORIENTED_EDGE('',*,*,#3326,.T.);
#974=ORIENTED_EDGE('',*,*,#3361,.T.);
#975=ORIENTED_EDGE('',*,*,#3374,.T.);
#976=ORIENTED_EDGE('',*,*,#3332,.F.);
#977=ORIENTED_EDGE('',*,*,#3345,.F.);
#978=ORIENTED_EDGE('',*,*,#3271,.F.);
#979=ORIENTED_EDGE('',*,*,#3375,.T.);
#980=ORIENTED_EDGE('',*,*,#3369,.T.);
#981=ORIENTED_EDGE('',*,*,#3372,.F.);
#982=ORIENTED_EDGE('',*,*,#3341,.T.);
#983=ORIENTED_EDGE('',*,*,#3368,.T.);
#984=ORIENTED_EDGE('',*,*,#3354,.F.);
#985=ORIENTED_EDGE('',*,*,#3373,.F.);
#986=ORIENTED_EDGE('',*,*,#3376,.T.);
#987=ORIENTED_EDGE('',*,*,#3376,.F.);
#988=ORIENTED_EDGE('',*,*,#3377,.F.);
#989=ORIENTED_EDGE('',*,*,#3378,.T.);
#990=ORIENTED_EDGE('',*,*,#3325,.T.);
#991=ORIENTED_EDGE('',*,*,#3327,.F.);
#992=ORIENTED_EDGE('',*,*,#3331,.F.);
#993=ORIENTED_EDGE('',*,*,#3315,.T.);
#994=ORIENTED_EDGE('',*,*,#3300,.F.);
#995=ORIENTED_EDGE('',*,*,#3142,.T.);
#996=ORIENTED_EDGE('',*,*,#3379,.T.);
#997=ORIENTED_EDGE('',*,*,#3380,.F.);
#998=ORIENTED_EDGE('',*,*,#3321,.T.);
#999=ORIENTED_EDGE('',*,*,#3381,.F.);
#1000=ORIENTED_EDGE('',*,*,#3377,.T.);
#1001=ORIENTED_EDGE('',*,*,#3141,.F.);
#1002=ORIENTED_EDGE('',*,*,#3381,.T.);
#1003=ORIENTED_EDGE('',*,*,#3140,.F.);
#1004=ORIENTED_EDGE('',*,*,#3379,.F.);
#1005=ORIENTED_EDGE('',*,*,#3320,.T.);
#1006=ORIENTED_EDGE('',*,*,#3378,.F.);
#1007=ORIENTED_EDGE('',*,*,#3382,.F.);
#1008=ORIENTED_EDGE('',*,*,#3280,.T.);
#1009=ORIENTED_EDGE('',*,*,#3383,.T.);
#1010=ORIENTED_EDGE('',*,*,#3384,.F.);
#1011=ORIENTED_EDGE('',*,*,#3162,.F.);
#1012=ORIENTED_EDGE('',*,*,#3205,.T.);
#1013=ORIENTED_EDGE('',*,*,#3201,.F.);
#1014=ORIENTED_EDGE('',*,*,#3230,.T.);
#1015=ORIENTED_EDGE('',*,*,#3156,.T.);
#1016=ORIENTED_EDGE('',*,*,#3385,.T.);
#1017=ORIENTED_EDGE('',*,*,#3386,.T.);
#1018=ORIENTED_EDGE('',*,*,#3385,.F.);
#1019=ORIENTED_EDGE('',*,*,#3155,.T.);
#1020=ORIENTED_EDGE('',*,*,#3387,.T.);
#1021=ORIENTED_EDGE('',*,*,#3388,.T.);
#1022=ORIENTED_EDGE('',*,*,#3389,.F.);
#1023=ORIENTED_EDGE('',*,*,#3264,.F.);
#1024=ORIENTED_EDGE('',*,*,#3244,.T.);
#1025=ORIENTED_EDGE('',*,*,#3247,.F.);
#1026=ORIENTED_EDGE('',*,*,#3216,.T.);
#1027=ORIENTED_EDGE('',*,*,#3153,.T.);
#1028=ORIENTED_EDGE('',*,*,#3390,.T.);
#1029=ORIENTED_EDGE('',*,*,#3391,.T.);
#1030=ORIENTED_EDGE('',*,*,#3392,.F.);
#1031=ORIENTED_EDGE('',*,*,#3387,.F.);
#1032=ORIENTED_EDGE('',*,*,#3275,.T.);
#1033=ORIENTED_EDGE('',*,*,#3389,.T.);
#1034=ORIENTED_EDGE('',*,*,#3393,.F.);
#1035=ORIENTED_EDGE('',*,*,#3265,.T.);
#1036=ORIENTED_EDGE('',*,*,#3394,.F.);
#1037=ORIENTED_EDGE('',*,*,#3395,.F.);
#1038=ORIENTED_EDGE('',*,*,#3148,.T.);
#1039=ORIENTED_EDGE('',*,*,#3396,.T.);
#1040=ORIENTED_EDGE('',*,*,#3312,.F.);
#1041=ORIENTED_EDGE('',*,*,#3336,.F.);
#1042=ORIENTED_EDGE('',*,*,#3370,.T.);
#1043=ORIENTED_EDGE('',*,*,#3375,.F.);
#1044=ORIENTED_EDGE('',*,*,#3270,.F.);
#1045=ORIENTED_EDGE('',*,*,#3269,.F.);
#1046=ORIENTED_EDGE('',*,*,#3397,.T.);
#1047=ORIENTED_EDGE('',*,*,#3309,.T.);
#1048=ORIENTED_EDGE('',*,*,#3396,.F.);
#1049=ORIENTED_EDGE('',*,*,#3397,.F.);
#1050=ORIENTED_EDGE('',*,*,#3268,.T.);
#1051=ORIENTED_EDGE('',*,*,#3398,.F.);
#1052=ORIENTED_EDGE('',*,*,#3365,.F.);
#1053=ORIENTED_EDGE('',*,*,#3337,.T.);
#1054=ORIENTED_EDGE('',*,*,#3310,.T.);
#1055=ORIENTED_EDGE('',*,*,#3388,.F.);
#1056=ORIENTED_EDGE('',*,*,#3392,.T.);
#1057=ORIENTED_EDGE('',*,*,#3274,.F.);
#1058=ORIENTED_EDGE('',*,*,#3277,.F.);
#1059=ORIENTED_EDGE('',*,*,#3279,.F.);
#1060=ORIENTED_EDGE('',*,*,#3382,.T.);
#1061=ORIENTED_EDGE('',*,*,#3399,.F.);
#1062=ORIENTED_EDGE('',*,*,#3386,.F.);
#1063=ORIENTED_EDGE('',*,*,#3400,.F.);
#1064=ORIENTED_EDGE('',*,*,#3281,.F.);
#1065=ORIENTED_EDGE('',*,*,#3288,.F.);
#1066=ORIENTED_EDGE('',*,*,#3314,.F.);
#1067=ORIENTED_EDGE('',*,*,#3401,.F.);
#1068=ORIENTED_EDGE('',*,*,#3402,.F.);
#1069=ORIENTED_EDGE('',*,*,#3403,.F.);
#1070=ORIENTED_EDGE('',*,*,#3394,.T.);
#1071=ORIENTED_EDGE('',*,*,#3147,.F.);
#1072=ORIENTED_EDGE('',*,*,#3261,.F.);
#1073=ORIENTED_EDGE('',*,*,#3263,.F.);
#1074=ORIENTED_EDGE('',*,*,#3393,.T.);
#1075=ORIENTED_EDGE('',*,*,#3391,.F.);
#1076=ORIENTED_EDGE('',*,*,#3390,.F.);
#1077=ORIENTED_EDGE('',*,*,#3152,.T.);
#1078=ORIENTED_EDGE('',*,*,#3395,.T.);
#1079=ORIENTED_EDGE('',*,*,#3403,.T.);
#1080=ORIENTED_EDGE('',*,*,#3401,.T.);
#1081=ORIENTED_EDGE('',*,*,#3334,.F.);
#1082=ORIENTED_EDGE('',*,*,#3404,.T.);
#1083=ORIENTED_EDGE('',*,*,#3405,.F.);
#1084=ORIENTED_EDGE('',*,*,#3405,.T.);
#1085=ORIENTED_EDGE('',*,*,#3406,.T.);
#1086=ORIENTED_EDGE('',*,*,#3245,.T.);
#1087=ORIENTED_EDGE('',*,*,#3407,.T.);
#1088=ORIENTED_EDGE('',*,*,#3402,.T.);
#1089=ORIENTED_EDGE('',*,*,#3407,.F.);
#1090=ORIENTED_EDGE('',*,*,#3223,.T.);
#1091=ORIENTED_EDGE('',*,*,#3289,.F.);
#1092=ORIENTED_EDGE('',*,*,#3283,.T.);
#1093=ORIENTED_EDGE('',*,*,#3408,.T.);
#1094=ORIENTED_EDGE('',*,*,#3400,.T.);
#1095=ORIENTED_EDGE('',*,*,#3408,.F.);
#1096=ORIENTED_EDGE('',*,*,#3282,.T.);
#1097=ORIENTED_EDGE('',*,*,#3384,.T.);
#1098=ORIENTED_EDGE('',*,*,#3399,.T.);
#1099=ORIENTED_EDGE('',*,*,#3383,.F.);
#1100=ORIENTED_EDGE('',*,*,#3159,.T.);
#1101=ORIENTED_EDGE('',*,*,#3409,.F.);
#1102=ORIENTED_EDGE('',*,*,#3410,.F.);
#1103=ORIENTED_EDGE('',*,*,#3291,.F.);
#1104=ORIENTED_EDGE('',*,*,#3293,.F.);
#1105=ORIENTED_EDGE('',*,*,#3295,.F.);
#1106=ORIENTED_EDGE('',*,*,#3297,.F.);
#1107=ORIENTED_EDGE('',*,*,#3411,.F.);
#1108=ORIENTED_EDGE('',*,*,#3412,.F.);
#1109=ORIENTED_EDGE('',*,*,#3413,.T.);
#1110=ORIENTED_EDGE('',*,*,#3317,.T.);
#1111=ORIENTED_EDGE('',*,*,#3359,.T.);
#1112=ORIENTED_EDGE('',*,*,#3165,.T.);
#1113=ORIENTED_EDGE('',*,*,#3260,.T.);
#1114=ORIENTED_EDGE('',*,*,#3257,.F.);
#1115=ORIENTED_EDGE('',*,*,#3414,.T.);
#1116=ORIENTED_EDGE('',*,*,#3415,.F.);
#1117=ORIENTED_EDGE('',*,*,#3416,.F.);
#1118=ORIENTED_EDGE('',*,*,#3363,.T.);
#1119=ORIENTED_EDGE('',*,*,#3364,.T.);
#1120=ORIENTED_EDGE('',*,*,#3322,.T.);
#1121=ORIENTED_EDGE('',*,*,#3380,.T.);
#1122=ORIENTED_EDGE('',*,*,#3371,.T.);
#1123=ORIENTED_EDGE('',*,*,#3366,.T.);
#1124=ORIENTED_EDGE('',*,*,#3398,.T.);
#1125=ORIENTED_EDGE('',*,*,#3267,.F.);
#1126=ORIENTED_EDGE('',*,*,#3417,.F.);
#1127=ORIENTED_EDGE('',*,*,#3414,.F.);
#1128=ORIENTED_EDGE('',*,*,#3259,.T.);
#1129=ORIENTED_EDGE('',*,*,#3169,.F.);
#1130=ORIENTED_EDGE('',*,*,#3292,.F.);
#1131=ORIENTED_EDGE('',*,*,#3410,.T.);
#1132=ORIENTED_EDGE('',*,*,#3418,.F.);
#1133=ORIENTED_EDGE('',*,*,#3411,.T.);
#1134=ORIENTED_EDGE('',*,*,#3298,.F.);
#1135=ORIENTED_EDGE('',*,*,#3179,.F.);
#1136=ORIENTED_EDGE('',*,*,#3419,.F.);
#1137=ORIENTED_EDGE('',*,*,#3178,.T.);
#1138=ORIENTED_EDGE('',*,*,#3174,.T.);
#1139=ORIENTED_EDGE('',*,*,#3420,.T.);
#1140=ORIENTED_EDGE('',*,*,#3415,.T.);
#1141=ORIENTED_EDGE('',*,*,#3417,.T.);
#1142=ORIENTED_EDGE('',*,*,#3421,.F.);
#1143=ORIENTED_EDGE('',*,*,#3422,.T.);
#1144=ORIENTED_EDGE('',*,*,#3423,.T.);
#1145=ORIENTED_EDGE('',*,*,#3421,.T.);
#1146=ORIENTED_EDGE('',*,*,#3409,.T.);
#1147=ORIENTED_EDGE('',*,*,#3424,.F.);
#1148=ORIENTED_EDGE('',*,*,#3418,.T.);
#1149=ORIENTED_EDGE('',*,*,#3419,.T.);
#1150=ORIENTED_EDGE('',*,*,#3425,.T.);
#1151=ORIENTED_EDGE('',*,*,#3424,.T.);
#1152=ORIENTED_EDGE('',*,*,#3426,.F.);
#1153=ORIENTED_EDGE('',*,*,#3427,.F.);
#1154=ORIENTED_EDGE('',*,*,#3422,.F.);
#1155=ORIENTED_EDGE('',*,*,#3423,.F.);
#1156=ORIENTED_EDGE('',*,*,#3425,.F.);
#1157=ORIENTED_EDGE('',*,*,#3420,.F.);
#1158=ORIENTED_EDGE('',*,*,#3177,.F.);
#1159=ORIENTED_EDGE('',*,*,#3246,.F.);
#1160=ORIENTED_EDGE('',*,*,#3406,.F.);
#1161=ORIENTED_EDGE('',*,*,#3404,.F.);
#1162=ORIENTED_EDGE('',*,*,#3333,.F.);
#1163=ORIENTED_EDGE('',*,*,#3329,.F.);
#1164=ORIENTED_EDGE('',*,*,#3374,.F.);
#1165=ORIENTED_EDGE('',*,*,#3360,.F.);
#1166=ORIENTED_EDGE('',*,*,#3416,.T.);
#1167=ORIENTED_EDGE('',*,*,#3426,.T.);
#1168=ORIENTED_EDGE('',*,*,#3428,.F.);
#1169=ORIENTED_EDGE('',*,*,#3428,.T.);
#1170=ORIENTED_EDGE('',*,*,#3427,.T.);
#1171=ORIENTED_EDGE('',*,*,#3429,.F.);
#1172=ORIENTED_EDGE('',*,*,#3430,.T.);
#1173=ORIENTED_EDGE('',*,*,#3431,.F.);
#1174=ORIENTED_EDGE('',*,*,#3432,.F.);
#1175=ORIENTED_EDGE('',*,*,#3433,.F.);
#1176=ORIENTED_EDGE('',*,*,#3434,.F.);
#1177=ORIENTED_EDGE('',*,*,#3435,.F.);
#1178=ORIENTED_EDGE('',*,*,#3436,.F.);
#1179=ORIENTED_EDGE('',*,*,#3437,.F.);
#1180=ORIENTED_EDGE('',*,*,#3438,.F.);
#1181=ORIENTED_EDGE('',*,*,#3439,.F.);
#1182=ORIENTED_EDGE('',*,*,#3440,.F.);
#1183=ORIENTED_EDGE('',*,*,#3441,.F.);
#1184=ORIENTED_EDGE('',*,*,#3442,.F.);
#1185=ORIENTED_EDGE('',*,*,#3443,.F.);
#1186=ORIENTED_EDGE('',*,*,#3444,.F.);
#1187=ORIENTED_EDGE('',*,*,#3445,.F.);
#1188=ORIENTED_EDGE('',*,*,#3446,.F.);
#1189=ORIENTED_EDGE('',*,*,#3447,.F.);
#1190=ORIENTED_EDGE('',*,*,#3448,.F.);
#1191=ORIENTED_EDGE('',*,*,#3449,.F.);
#1192=ORIENTED_EDGE('',*,*,#3450,.F.);
#1193=ORIENTED_EDGE('',*,*,#3451,.F.);
#1194=ORIENTED_EDGE('',*,*,#3452,.F.);
#1195=ORIENTED_EDGE('',*,*,#3453,.T.);
#1196=ORIENTED_EDGE('',*,*,#3454,.T.);
#1197=ORIENTED_EDGE('',*,*,#3455,.T.);
#1198=ORIENTED_EDGE('',*,*,#3456,.T.);
#1199=ORIENTED_EDGE('',*,*,#3457,.T.);
#1200=ORIENTED_EDGE('',*,*,#3458,.T.);
#1201=ORIENTED_EDGE('',*,*,#3459,.T.);
#1202=ORIENTED_EDGE('',*,*,#3460,.T.);
#1203=ORIENTED_EDGE('',*,*,#3461,.F.);
#1204=ORIENTED_EDGE('',*,*,#3462,.T.);
#1205=ORIENTED_EDGE('',*,*,#3463,.F.);
#1206=ORIENTED_EDGE('',*,*,#3464,.T.);
#1207=ORIENTED_EDGE('',*,*,#3465,.F.);
#1208=ORIENTED_EDGE('',*,*,#3466,.T.);
#1209=ORIENTED_EDGE('',*,*,#3467,.T.);
#1210=ORIENTED_EDGE('',*,*,#3431,.T.);
#1211=ORIENTED_EDGE('',*,*,#3468,.T.);
#1212=ORIENTED_EDGE('',*,*,#3469,.T.);
#1213=ORIENTED_EDGE('',*,*,#3470,.T.);
#1214=ORIENTED_EDGE('',*,*,#3471,.T.);
#1215=ORIENTED_EDGE('',*,*,#3472,.T.);
#1216=ORIENTED_EDGE('',*,*,#3473,.T.);
#1217=ORIENTED_EDGE('',*,*,#3474,.F.);
#1218=ORIENTED_EDGE('',*,*,#3471,.F.);
#1219=ORIENTED_EDGE('',*,*,#3475,.T.);
#1220=ORIENTED_EDGE('',*,*,#3476,.F.);
#1221=ORIENTED_EDGE('',*,*,#3477,.F.);
#1222=ORIENTED_EDGE('',*,*,#3478,.F.);
#1223=ORIENTED_EDGE('',*,*,#3479,.F.);
#1224=ORIENTED_EDGE('',*,*,#3480,.F.);
#1225=ORIENTED_EDGE('',*,*,#3481,.F.);
#1226=ORIENTED_EDGE('',*,*,#3482,.T.);
#1227=ORIENTED_EDGE('',*,*,#3483,.T.);
#1228=ORIENTED_EDGE('',*,*,#3484,.T.);
#1229=ORIENTED_EDGE('',*,*,#3485,.T.);
#1230=ORIENTED_EDGE('',*,*,#3486,.T.);
#1231=ORIENTED_EDGE('',*,*,#3487,.T.);
#1232=ORIENTED_EDGE('',*,*,#3488,.F.);
#1233=ORIENTED_EDGE('',*,*,#3489,.T.);
#1234=ORIENTED_EDGE('',*,*,#3490,.T.);
#1235=ORIENTED_EDGE('',*,*,#3491,.T.);
#1236=ORIENTED_EDGE('',*,*,#3492,.F.);
#1237=ORIENTED_EDGE('',*,*,#3493,.F.);
#1238=ORIENTED_EDGE('',*,*,#3476,.T.);
#1239=ORIENTED_EDGE('',*,*,#3494,.T.);
#1240=ORIENTED_EDGE('',*,*,#3429,.T.);
#1241=ORIENTED_EDGE('',*,*,#3495,.F.);
#1242=ORIENTED_EDGE('',*,*,#3496,.F.);
#1243=ORIENTED_EDGE('',*,*,#3497,.F.);
#1244=ORIENTED_EDGE('',*,*,#3434,.T.);
#1245=ORIENTED_EDGE('',*,*,#3498,.T.);
#1246=ORIENTED_EDGE('',*,*,#3499,.T.);
#1247=ORIENTED_EDGE('',*,*,#3500,.F.);
#1248=ORIENTED_EDGE('',*,*,#3501,.F.);
#1249=ORIENTED_EDGE('',*,*,#3502,.F.);
#1250=ORIENTED_EDGE('',*,*,#3503,.T.);
#1251=ORIENTED_EDGE('',*,*,#3504,.F.);
#1252=ORIENTED_EDGE('',*,*,#3505,.T.);
#1253=ORIENTED_EDGE('',*,*,#3506,.T.);
#1254=ORIENTED_EDGE('',*,*,#3507,.F.);
#1255=ORIENTED_EDGE('',*,*,#3508,.F.);
#1256=ORIENTED_EDGE('',*,*,#3509,.F.);
#1257=ORIENTED_EDGE('',*,*,#3510,.F.);
#1258=ORIENTED_EDGE('',*,*,#3511,.F.);
#1259=ORIENTED_EDGE('',*,*,#3455,.F.);
#1260=ORIENTED_EDGE('',*,*,#3512,.T.);
#1261=ORIENTED_EDGE('',*,*,#3468,.F.);
#1262=ORIENTED_EDGE('',*,*,#3513,.T.);
#1263=ORIENTED_EDGE('',*,*,#3514,.F.);
#1264=ORIENTED_EDGE('',*,*,#3515,.F.);
#1265=ORIENTED_EDGE('',*,*,#3516,.T.);
#1266=ORIENTED_EDGE('',*,*,#3517,.T.);
#1267=ORIENTED_EDGE('',*,*,#3515,.T.);
#1268=ORIENTED_EDGE('',*,*,#3518,.F.);
#1269=ORIENTED_EDGE('',*,*,#3519,.F.);
#1270=ORIENTED_EDGE('',*,*,#3520,.T.);
#1271=ORIENTED_EDGE('',*,*,#3521,.T.);
#1272=ORIENTED_EDGE('',*,*,#3522,.T.);
#1273=ORIENTED_EDGE('',*,*,#3523,.T.);
#1274=ORIENTED_EDGE('',*,*,#3524,.F.);
#1275=ORIENTED_EDGE('',*,*,#3525,.F.);
#1276=ORIENTED_EDGE('',*,*,#3526,.T.);
#1277=ORIENTED_EDGE('',*,*,#3527,.T.);
#1278=ORIENTED_EDGE('',*,*,#3528,.T.);
#1279=ORIENTED_EDGE('',*,*,#3529,.F.);
#1280=ORIENTED_EDGE('',*,*,#3530,.T.);
#1281=ORIENTED_EDGE('',*,*,#3527,.F.);
#1282=ORIENTED_EDGE('',*,*,#3531,.F.);
#1283=ORIENTED_EDGE('',*,*,#3531,.T.);
#1284=ORIENTED_EDGE('',*,*,#3526,.F.);
#1285=ORIENTED_EDGE('',*,*,#3532,.F.);
#1286=ORIENTED_EDGE('',*,*,#3485,.F.);
#1287=ORIENTED_EDGE('',*,*,#3533,.T.);
#1288=ORIENTED_EDGE('',*,*,#3534,.F.);
#1289=ORIENTED_EDGE('',*,*,#3535,.F.);
#1290=ORIENTED_EDGE('',*,*,#3536,.F.);
#1291=ORIENTED_EDGE('',*,*,#3537,.F.);
#1292=ORIENTED_EDGE('',*,*,#3538,.T.);
#1293=ORIENTED_EDGE('',*,*,#3539,.F.);
#1294=ORIENTED_EDGE('',*,*,#3540,.T.);
#1295=ORIENTED_EDGE('',*,*,#3541,.T.);
#1296=ORIENTED_EDGE('',*,*,#3536,.T.);
#1297=ORIENTED_EDGE('',*,*,#3542,.F.);
#1298=ORIENTED_EDGE('',*,*,#3543,.T.);
#1299=ORIENTED_EDGE('',*,*,#3544,.T.);
#1300=ORIENTED_EDGE('',*,*,#3545,.F.);
#1301=ORIENTED_EDGE('',*,*,#3546,.F.);
#1302=ORIENTED_EDGE('',*,*,#3537,.T.);
#1303=ORIENTED_EDGE('',*,*,#3541,.F.);
#1304=ORIENTED_EDGE('',*,*,#3547,.F.);
#1305=ORIENTED_EDGE('',*,*,#3480,.T.);
#1306=ORIENTED_EDGE('',*,*,#3548,.F.);
#1307=ORIENTED_EDGE('',*,*,#3549,.T.);
#1308=ORIENTED_EDGE('',*,*,#3550,.F.);
#1309=ORIENTED_EDGE('',*,*,#3551,.T.);
#1310=ORIENTED_EDGE('',*,*,#3552,.T.);
#1311=ORIENTED_EDGE('',*,*,#3553,.T.);
#1312=ORIENTED_EDGE('',*,*,#3549,.F.);
#1313=ORIENTED_EDGE('',*,*,#3554,.T.);
#1314=ORIENTED_EDGE('',*,*,#3552,.F.);
#1315=ORIENTED_EDGE('',*,*,#3555,.T.);
#1316=ORIENTED_EDGE('',*,*,#3556,.T.);
#1317=ORIENTED_EDGE('',*,*,#3557,.F.);
#1318=ORIENTED_EDGE('',*,*,#3478,.T.);
#1319=ORIENTED_EDGE('',*,*,#3558,.F.);
#1320=ORIENTED_EDGE('',*,*,#3548,.T.);
#1321=ORIENTED_EDGE('',*,*,#3479,.T.);
#1322=ORIENTED_EDGE('',*,*,#3557,.T.);
#1323=ORIENTED_EDGE('',*,*,#3559,.T.);
#1324=ORIENTED_EDGE('',*,*,#3511,.T.);
#1325=ORIENTED_EDGE('',*,*,#3560,.T.);
#1326=ORIENTED_EDGE('',*,*,#3558,.T.);
#1327=ORIENTED_EDGE('',*,*,#3477,.T.);
#1328=ORIENTED_EDGE('',*,*,#3561,.T.);
#1329=ORIENTED_EDGE('',*,*,#3562,.T.);
#1330=ORIENTED_EDGE('',*,*,#3563,.T.);
#1331=ORIENTED_EDGE('',*,*,#3509,.T.);
#1332=ORIENTED_EDGE('',*,*,#3564,.T.);
#1333=ORIENTED_EDGE('',*,*,#3562,.F.);
#1334=ORIENTED_EDGE('',*,*,#3565,.T.);
#1335=ORIENTED_EDGE('',*,*,#3553,.F.);
#1336=ORIENTED_EDGE('',*,*,#3566,.T.);
#1337=ORIENTED_EDGE('',*,*,#3563,.F.);
#1338=ORIENTED_EDGE('',*,*,#3567,.T.);
#1339=ORIENTED_EDGE('',*,*,#3561,.F.);
#1340=ORIENTED_EDGE('',*,*,#3568,.T.);
#1341=ORIENTED_EDGE('',*,*,#3556,.F.);
#1342=ORIENTED_EDGE('',*,*,#3569,.T.);
#1343=ORIENTED_EDGE('',*,*,#3507,.T.);
#1344=ORIENTED_EDGE('',*,*,#3570,.F.);
#1345=ORIENTED_EDGE('',*,*,#3551,.F.);
#1346=ORIENTED_EDGE('',*,*,#3571,.T.);
#1347=ORIENTED_EDGE('',*,*,#3572,.F.);
#1348=ORIENTED_EDGE('',*,*,#3555,.F.);
#1349=ORIENTED_EDGE('',*,*,#3570,.T.);
#1350=ORIENTED_EDGE('',*,*,#3506,.F.);
#1351=ORIENTED_EDGE('',*,*,#3573,.F.);
#1352=ORIENTED_EDGE('',*,*,#3554,.F.);
#1353=ORIENTED_EDGE('',*,*,#3559,.F.);
#1354=ORIENTED_EDGE('',*,*,#3568,.F.);
#1355=ORIENTED_EDGE('',*,*,#3566,.F.);
#1356=ORIENTED_EDGE('',*,*,#3574,.T.);
#1357=ORIENTED_EDGE('',*,*,#3575,.T.);
#1358=ORIENTED_EDGE('',*,*,#3576,.T.);
#1359=ORIENTED_EDGE('',*,*,#3577,.T.);
#1360=ORIENTED_EDGE('',*,*,#3578,.T.);
#1361=ORIENTED_EDGE('',*,*,#3575,.F.);
#1362=ORIENTED_EDGE('',*,*,#3579,.T.);
#1363=ORIENTED_EDGE('',*,*,#3580,.T.);
#1364=ORIENTED_EDGE('',*,*,#3581,.T.);
#1365=ORIENTED_EDGE('',*,*,#3582,.T.);
#1366=ORIENTED_EDGE('',*,*,#3583,.T.);
#1367=ORIENTED_EDGE('',*,*,#3582,.F.);
#1368=ORIENTED_EDGE('',*,*,#3584,.T.);
#1369=ORIENTED_EDGE('',*,*,#3576,.F.);
#1370=ORIENTED_EDGE('',*,*,#3585,.T.);
#1371=ORIENTED_EDGE('',*,*,#3586,.T.);
#1372=ORIENTED_EDGE('',*,*,#3587,.T.);
#1373=ORIENTED_EDGE('',*,*,#3583,.F.);
#1374=ORIENTED_EDGE('',*,*,#3588,.T.);
#1375=ORIENTED_EDGE('',*,*,#3589,.T.);
#1376=ORIENTED_EDGE('',*,*,#3590,.F.);
#1377=ORIENTED_EDGE('',*,*,#3591,.T.);
#1378=ORIENTED_EDGE('',*,*,#3592,.F.);
#1379=ORIENTED_EDGE('',*,*,#3593,.T.);
#1380=ORIENTED_EDGE('',*,*,#3590,.T.);
#1381=ORIENTED_EDGE('',*,*,#3594,.T.);
#1382=ORIENTED_EDGE('',*,*,#3595,.T.);
#1383=ORIENTED_EDGE('',*,*,#3574,.F.);
#1384=ORIENTED_EDGE('',*,*,#3596,.T.);
#1385=ORIENTED_EDGE('',*,*,#3591,.F.);
#1386=ORIENTED_EDGE('',*,*,#3597,.T.);
#1387=ORIENTED_EDGE('',*,*,#3598,.T.);
#1388=ORIENTED_EDGE('',*,*,#3599,.F.);
#1389=ORIENTED_EDGE('',*,*,#3600,.T.);
#1390=ORIENTED_EDGE('',*,*,#3601,.F.);
#1391=ORIENTED_EDGE('',*,*,#3599,.T.);
#1392=ORIENTED_EDGE('',*,*,#3602,.T.);
#1393=ORIENTED_EDGE('',*,*,#3592,.T.);
#1394=ORIENTED_EDGE('',*,*,#3603,.T.);
#1395=ORIENTED_EDGE('',*,*,#3600,.F.);
#1396=ORIENTED_EDGE('',*,*,#3604,.T.);
#1397=ORIENTED_EDGE('',*,*,#3581,.F.);
#1398=ORIENTED_EDGE('',*,*,#3605,.T.);
#1399=ORIENTED_EDGE('',*,*,#3606,.T.);
#1400=ORIENTED_EDGE('',*,*,#3607,.T.);
#1401=ORIENTED_EDGE('',*,*,#3601,.T.);
#1402=ORIENTED_EDGE('',*,*,#3608,.T.);
#1403=ORIENTED_EDGE('',*,*,#3584,.F.);
#1404=ORIENTED_EDGE('',*,*,#3604,.F.);
#1405=ORIENTED_EDGE('',*,*,#3603,.F.);
#1406=ORIENTED_EDGE('',*,*,#3596,.F.);
#1407=ORIENTED_EDGE('',*,*,#3564,.F.);
#1408=ORIENTED_EDGE('',*,*,#3508,.T.);
#1409=ORIENTED_EDGE('',*,*,#3571,.F.);
#1410=ORIENTED_EDGE('',*,*,#3567,.F.);
#1411=ORIENTED_EDGE('',*,*,#3560,.F.);
#1412=ORIENTED_EDGE('',*,*,#3510,.T.);
#1413=ORIENTED_EDGE('',*,*,#3565,.F.);
#1414=ORIENTED_EDGE('',*,*,#3569,.F.);
#1415=ORIENTED_EDGE('',*,*,#3578,.F.);
#1416=ORIENTED_EDGE('',*,*,#3609,.T.);
#1417=ORIENTED_EDGE('',*,*,#3588,.F.);
#1418=ORIENTED_EDGE('',*,*,#3585,.F.);
#1419=ORIENTED_EDGE('',*,*,#3587,.F.);
#1420=ORIENTED_EDGE('',*,*,#3610,.F.);
#1421=ORIENTED_EDGE('',*,*,#3608,.F.);
#1422=ORIENTED_EDGE('',*,*,#3605,.F.);
#1423=ORIENTED_EDGE('',*,*,#3611,.F.);
#1424=ORIENTED_EDGE('',*,*,#3484,.F.);
#1425=ORIENTED_EDGE('',*,*,#3612,.T.);
#1426=ORIENTED_EDGE('',*,*,#3436,.T.);
#1427=ORIENTED_EDGE('',*,*,#3613,.F.);
#1428=ORIENTED_EDGE('',*,*,#3495,.T.);
#1429=ORIENTED_EDGE('',*,*,#3437,.T.);
#1430=ORIENTED_EDGE('',*,*,#3612,.F.);
#1431=ORIENTED_EDGE('',*,*,#3483,.F.);
#1432=ORIENTED_EDGE('',*,*,#3614,.T.);
#1433=ORIENTED_EDGE('',*,*,#3615,.F.);
#1434=ORIENTED_EDGE('',*,*,#3616,.F.);
#1435=ORIENTED_EDGE('',*,*,#3545,.T.);
#1436=ORIENTED_EDGE('',*,*,#3617,.T.);
#1437=ORIENTED_EDGE('',*,*,#3618,.T.);
#1438=ORIENTED_EDGE('',*,*,#3619,.T.);
#1439=ORIENTED_EDGE('',*,*,#3543,.F.);
#1440=ORIENTED_EDGE('',*,*,#3538,.F.);
#1441=ORIENTED_EDGE('',*,*,#3620,.F.);
#1442=ORIENTED_EDGE('',*,*,#3621,.F.);
#1443=ORIENTED_EDGE('',*,*,#3619,.F.);
#1444=ORIENTED_EDGE('',*,*,#3622,.F.);
#1445=ORIENTED_EDGE('',*,*,#3623,.F.);
#1446=ORIENTED_EDGE('',*,*,#3624,.F.);
#1447=ORIENTED_EDGE('',*,*,#3458,.F.);
#1448=ORIENTED_EDGE('',*,*,#3625,.F.);
#1449=ORIENTED_EDGE('',*,*,#3413,.F.);
#1450=ORIENTED_EDGE('',*,*,#3626,.F.);
#1451=ORIENTED_EDGE('',*,*,#3617,.F.);
#1452=ORIENTED_EDGE('',*,*,#3544,.F.);
#1453=ORIENTED_EDGE('',*,*,#3627,.T.);
#1454=ORIENTED_EDGE('',*,*,#3448,.T.);
#1455=ORIENTED_EDGE('',*,*,#3628,.T.);
#1456=ORIENTED_EDGE('',*,*,#3629,.T.);
#1457=ORIENTED_EDGE('',*,*,#3630,.F.);
#1458=ORIENTED_EDGE('',*,*,#3631,.T.);
#1459=ORIENTED_EDGE('',*,*,#3632,.T.);
#1460=ORIENTED_EDGE('',*,*,#3633,.T.);
#1461=ORIENTED_EDGE('',*,*,#3634,.F.);
#1462=ORIENTED_EDGE('',*,*,#3635,.T.);
#1463=ORIENTED_EDGE('',*,*,#3627,.F.);
#1464=ORIENTED_EDGE('',*,*,#3636,.T.);
#1465=ORIENTED_EDGE('',*,*,#3446,.T.);
#1466=ORIENTED_EDGE('',*,*,#3637,.T.);
#1467=ORIENTED_EDGE('',*,*,#3638,.T.);
#1468=ORIENTED_EDGE('',*,*,#3639,.F.);
#1469=ORIENTED_EDGE('',*,*,#3640,.T.);
#1470=ORIENTED_EDGE('',*,*,#3641,.T.);
#1471=ORIENTED_EDGE('',*,*,#3642,.T.);
#1472=ORIENTED_EDGE('',*,*,#3643,.F.);
#1473=ORIENTED_EDGE('',*,*,#3644,.T.);
#1474=ORIENTED_EDGE('',*,*,#3636,.F.);
#1475=ORIENTED_EDGE('',*,*,#3645,.T.);
#1476=ORIENTED_EDGE('',*,*,#3447,.T.);
#1477=ORIENTED_EDGE('',*,*,#3646,.F.);
#1478=ORIENTED_EDGE('',*,*,#3645,.F.);
#1479=ORIENTED_EDGE('',*,*,#3647,.T.);
#1480=ORIENTED_EDGE('',*,*,#3648,.T.);
#1481=ORIENTED_EDGE('',*,*,#3649,.T.);
#1482=ORIENTED_EDGE('',*,*,#3650,.T.);
#1483=ORIENTED_EDGE('',*,*,#3465,.T.);
#1484=ORIENTED_EDGE('',*,*,#3651,.T.);
#1485=ORIENTED_EDGE('',*,*,#3647,.F.);
#1486=ORIENTED_EDGE('',*,*,#3652,.T.);
#1487=ORIENTED_EDGE('',*,*,#3653,.F.);
#1488=ORIENTED_EDGE('',*,*,#3654,.T.);
#1489=ORIENTED_EDGE('',*,*,#3655,.T.);
#1490=ORIENTED_EDGE('',*,*,#3651,.F.);
#1491=ORIENTED_EDGE('',*,*,#3464,.F.);
#1492=ORIENTED_EDGE('',*,*,#3656,.T.);
#1493=ORIENTED_EDGE('',*,*,#3657,.F.);
#1494=ORIENTED_EDGE('',*,*,#3652,.F.);
#1495=ORIENTED_EDGE('',*,*,#3658,.T.);
#1496=ORIENTED_EDGE('',*,*,#3461,.T.);
#1497=ORIENTED_EDGE('',*,*,#3659,.T.);
#1498=ORIENTED_EDGE('',*,*,#3660,.T.);
#1499=ORIENTED_EDGE('',*,*,#3661,.T.);
#1500=ORIENTED_EDGE('',*,*,#3662,.T.);
#1501=ORIENTED_EDGE('',*,*,#3658,.F.);
#1502=ORIENTED_EDGE('',*,*,#3663,.F.);
#1503=ORIENTED_EDGE('',*,*,#3664,.F.);
#1504=ORIENTED_EDGE('',*,*,#3665,.T.);
#1505=ORIENTED_EDGE('',*,*,#3462,.F.);
#1506=ORIENTED_EDGE('',*,*,#3662,.F.);
#1507=ORIENTED_EDGE('',*,*,#3666,.F.);
#1508=ORIENTED_EDGE('',*,*,#3667,.T.);
#1509=ORIENTED_EDGE('',*,*,#3668,.F.);
#1510=ORIENTED_EDGE('',*,*,#3663,.T.);
#1511=ORIENTED_EDGE('',*,*,#3656,.F.);
#1512=ORIENTED_EDGE('',*,*,#3463,.T.);
#1513=ORIENTED_EDGE('',*,*,#3665,.F.);
#1514=ORIENTED_EDGE('',*,*,#3669,.T.);
#1515=ORIENTED_EDGE('',*,*,#3670,.T.);
#1516=ORIENTED_EDGE('',*,*,#3671,.T.);
#1517=ORIENTED_EDGE('',*,*,#3672,.T.);
#1518=ORIENTED_EDGE('',*,*,#3673,.T.);
#1519=ORIENTED_EDGE('',*,*,#3674,.T.);
#1520=ORIENTED_EDGE('',*,*,#3675,.T.);
#1521=ORIENTED_EDGE('',*,*,#3676,.T.);
#1522=ORIENTED_EDGE('',*,*,#3677,.T.);
#1523=ORIENTED_EDGE('',*,*,#3678,.T.);
#1524=ORIENTED_EDGE('',*,*,#3679,.T.);
#1525=ORIENTED_EDGE('',*,*,#3680,.T.);
#1526=ORIENTED_EDGE('',*,*,#3681,.T.);
#1527=ORIENTED_EDGE('',*,*,#3682,.T.);
#1528=ORIENTED_EDGE('',*,*,#3683,.T.);
#1529=ORIENTED_EDGE('',*,*,#3684,.T.);
#1530=ORIENTED_EDGE('',*,*,#3685,.T.);
#1531=ORIENTED_EDGE('',*,*,#3686,.T.);
#1532=ORIENTED_EDGE('',*,*,#3687,.T.);
#1533=ORIENTED_EDGE('',*,*,#3688,.T.);
#1534=ORIENTED_EDGE('',*,*,#3689,.T.);
#1535=ORIENTED_EDGE('',*,*,#3690,.T.);
#1536=ORIENTED_EDGE('',*,*,#3691,.T.);
#1537=ORIENTED_EDGE('',*,*,#3692,.T.);
#1538=ORIENTED_EDGE('',*,*,#3693,.T.);
#1539=ORIENTED_EDGE('',*,*,#3694,.T.);
#1540=ORIENTED_EDGE('',*,*,#3695,.T.);
#1541=ORIENTED_EDGE('',*,*,#3696,.T.);
#1542=ORIENTED_EDGE('',*,*,#3697,.T.);
#1543=ORIENTED_EDGE('',*,*,#3698,.T.);
#1544=ORIENTED_EDGE('',*,*,#3699,.T.);
#1545=ORIENTED_EDGE('',*,*,#3700,.T.);
#1546=ORIENTED_EDGE('',*,*,#3701,.T.);
#1547=ORIENTED_EDGE('',*,*,#3702,.T.);
#1548=ORIENTED_EDGE('',*,*,#3703,.T.);
#1549=ORIENTED_EDGE('',*,*,#3704,.T.);
#1550=ORIENTED_EDGE('',*,*,#3705,.T.);
#1551=ORIENTED_EDGE('',*,*,#3706,.T.);
#1552=ORIENTED_EDGE('',*,*,#3707,.T.);
#1553=ORIENTED_EDGE('',*,*,#3708,.T.);
#1554=ORIENTED_EDGE('',*,*,#3709,.T.);
#1555=ORIENTED_EDGE('',*,*,#3710,.T.);
#1556=ORIENTED_EDGE('',*,*,#3711,.T.);
#1557=ORIENTED_EDGE('',*,*,#3712,.T.);
#1558=ORIENTED_EDGE('',*,*,#3713,.T.);
#1559=ORIENTED_EDGE('',*,*,#3714,.T.);
#1560=ORIENTED_EDGE('',*,*,#3715,.T.);
#1561=ORIENTED_EDGE('',*,*,#3669,.F.);
#1562=ORIENTED_EDGE('',*,*,#3664,.T.);
#1563=ORIENTED_EDGE('',*,*,#3668,.T.);
#1564=ORIENTED_EDGE('',*,*,#3716,.T.);
#1565=ORIENTED_EDGE('',*,*,#3653,.T.);
#1566=ORIENTED_EDGE('',*,*,#3657,.T.);
#1567=ORIENTED_EDGE('',*,*,#3661,.F.);
#1568=ORIENTED_EDGE('',*,*,#3717,.T.);
#1569=ORIENTED_EDGE('',*,*,#3718,.T.);
#1570=ORIENTED_EDGE('',*,*,#3666,.T.);
#1571=ORIENTED_EDGE('',*,*,#3659,.F.);
#1572=ORIENTED_EDGE('',*,*,#3460,.F.);
#1573=ORIENTED_EDGE('',*,*,#3719,.F.);
#1574=ORIENTED_EDGE('',*,*,#3720,.T.);
#1575=ORIENTED_EDGE('',*,*,#3721,.F.);
#1576=ORIENTED_EDGE('',*,*,#3650,.F.);
#1577=ORIENTED_EDGE('',*,*,#3722,.T.);
#1578=ORIENTED_EDGE('',*,*,#3723,.T.);
#1579=ORIENTED_EDGE('',*,*,#3724,.F.);
#1580=ORIENTED_EDGE('',*,*,#3466,.F.);
#1581=ORIENTED_EDGE('',*,*,#3660,.F.);
#1582=ORIENTED_EDGE('',*,*,#3721,.T.);
#1583=ORIENTED_EDGE('',*,*,#3725,.T.);
#1584=ORIENTED_EDGE('',*,*,#3726,.T.);
#1585=ORIENTED_EDGE('',*,*,#3727,.T.);
#1586=ORIENTED_EDGE('',*,*,#3717,.F.);
#1587=ORIENTED_EDGE('',*,*,#3649,.F.);
#1588=ORIENTED_EDGE('',*,*,#3728,.T.);
#1589=ORIENTED_EDGE('',*,*,#3729,.T.);
#1590=ORIENTED_EDGE('',*,*,#3730,.T.);
#1591=ORIENTED_EDGE('',*,*,#3731,.T.);
#1592=ORIENTED_EDGE('',*,*,#3722,.F.);
#1593=ORIENTED_EDGE('',*,*,#3732,.T.);
#1594=ORIENTED_EDGE('',*,*,#3733,.F.);
#1595=ORIENTED_EDGE('',*,*,#3734,.F.);
#1596=ORIENTED_EDGE('',*,*,#3726,.F.);
#1597=ORIENTED_EDGE('',*,*,#3725,.F.);
#1598=ORIENTED_EDGE('',*,*,#3720,.F.);
#1599=ORIENTED_EDGE('',*,*,#3735,.F.);
#1600=ORIENTED_EDGE('',*,*,#3732,.F.);
#1601=ORIENTED_EDGE('',*,*,#3736,.T.);
#1602=ORIENTED_EDGE('',*,*,#3730,.F.);
#1603=ORIENTED_EDGE('',*,*,#3737,.F.);
#1604=ORIENTED_EDGE('',*,*,#3738,.T.);
#1605=ORIENTED_EDGE('',*,*,#3731,.F.);
#1606=ORIENTED_EDGE('',*,*,#3736,.F.);
#1607=ORIENTED_EDGE('',*,*,#3739,.F.);
#1608=ORIENTED_EDGE('',*,*,#3723,.F.);
#1609=ORIENTED_EDGE('',*,*,#3740,.F.);
#1610=ORIENTED_EDGE('',*,*,#3741,.T.);
#1611=ORIENTED_EDGE('',*,*,#3742,.T.);
#1612=ORIENTED_EDGE('',*,*,#3743,.F.);
#1613=ORIENTED_EDGE('',*,*,#3744,.T.);
#1614=ORIENTED_EDGE('',*,*,#3745,.T.);
#1615=ORIENTED_EDGE('',*,*,#3746,.T.);
#1616=ORIENTED_EDGE('',*,*,#3741,.F.);
#1617=ORIENTED_EDGE('',*,*,#3747,.F.);
#1618=ORIENTED_EDGE('',*,*,#3748,.F.);
#1619=ORIENTED_EDGE('',*,*,#3749,.F.);
#1620=ORIENTED_EDGE('',*,*,#3750,.F.);
#1621=ORIENTED_EDGE('',*,*,#3751,.F.);
#1622=ORIENTED_EDGE('',*,*,#3752,.F.);
#1623=ORIENTED_EDGE('',*,*,#3753,.F.);
#1624=ORIENTED_EDGE('',*,*,#3754,.F.);
#1625=ORIENTED_EDGE('',*,*,#3755,.F.);
#1626=ORIENTED_EDGE('',*,*,#3756,.F.);
#1627=ORIENTED_EDGE('',*,*,#3757,.F.);
#1628=ORIENTED_EDGE('',*,*,#3758,.F.);
#1629=ORIENTED_EDGE('',*,*,#3759,.F.);
#1630=ORIENTED_EDGE('',*,*,#3760,.F.);
#1631=ORIENTED_EDGE('',*,*,#3761,.F.);
#1632=ORIENTED_EDGE('',*,*,#3742,.F.);
#1633=ORIENTED_EDGE('',*,*,#3746,.F.);
#1634=ORIENTED_EDGE('',*,*,#3762,.F.);
#1635=ORIENTED_EDGE('',*,*,#3763,.F.);
#1636=ORIENTED_EDGE('',*,*,#3764,.F.);
#1637=ORIENTED_EDGE('',*,*,#3752,.T.);
#1638=ORIENTED_EDGE('',*,*,#3765,.F.);
#1639=ORIENTED_EDGE('',*,*,#3766,.F.);
#1640=ORIENTED_EDGE('',*,*,#3767,.F.);
#1641=ORIENTED_EDGE('',*,*,#3768,.F.);
#1642=ORIENTED_EDGE('',*,*,#3769,.F.);
#1643=ORIENTED_EDGE('',*,*,#3770,.F.);
#1644=ORIENTED_EDGE('',*,*,#3771,.F.);
#1645=ORIENTED_EDGE('',*,*,#3772,.F.);
#1646=ORIENTED_EDGE('',*,*,#3773,.F.);
#1647=ORIENTED_EDGE('',*,*,#3774,.F.);
#1648=ORIENTED_EDGE('',*,*,#3775,.F.);
#1649=ORIENTED_EDGE('',*,*,#3776,.F.);
#1650=ORIENTED_EDGE('',*,*,#3777,.F.);
#1651=ORIENTED_EDGE('',*,*,#3777,.T.);
#1652=ORIENTED_EDGE('',*,*,#3778,.F.);
#1653=ORIENTED_EDGE('',*,*,#3779,.T.);
#1654=ORIENTED_EDGE('',*,*,#3780,.T.);
#1655=ORIENTED_EDGE('',*,*,#3767,.T.);
#1656=ORIENTED_EDGE('',*,*,#3781,.T.);
#1657=ORIENTED_EDGE('',*,*,#3782,.T.);
#1658=ORIENTED_EDGE('',*,*,#3773,.T.);
#1659=ORIENTED_EDGE('',*,*,#3771,.T.);
#1660=ORIENTED_EDGE('',*,*,#3783,.F.);
#1661=ORIENTED_EDGE('',*,*,#3784,.T.);
#1662=ORIENTED_EDGE('',*,*,#3631,.F.);
#1663=ORIENTED_EDGE('',*,*,#3784,.F.);
#1664=ORIENTED_EDGE('',*,*,#3630,.T.);
#1665=ORIENTED_EDGE('',*,*,#3785,.T.);
#1666=ORIENTED_EDGE('',*,*,#3783,.T.);
#1667=ORIENTED_EDGE('',*,*,#3770,.T.);
#1668=ORIENTED_EDGE('',*,*,#3768,.T.);
#1669=ORIENTED_EDGE('',*,*,#3780,.F.);
#1670=ORIENTED_EDGE('',*,*,#3786,.T.);
#1671=ORIENTED_EDGE('',*,*,#3632,.F.);
#1672=ORIENTED_EDGE('',*,*,#3787,.F.);
#1673=ORIENTED_EDGE('',*,*,#3634,.T.);
#1674=ORIENTED_EDGE('',*,*,#3788,.T.);
#1675=ORIENTED_EDGE('',*,*,#3778,.T.);
#1676=ORIENTED_EDGE('',*,*,#3776,.T.);
#1677=ORIENTED_EDGE('',*,*,#3774,.T.);
#1678=ORIENTED_EDGE('',*,*,#3782,.F.);
#1679=ORIENTED_EDGE('',*,*,#3789,.T.);
#1680=ORIENTED_EDGE('',*,*,#3628,.F.);
#1681=ORIENTED_EDGE('',*,*,#3789,.F.);
#1682=ORIENTED_EDGE('',*,*,#3781,.F.);
#1683=ORIENTED_EDGE('',*,*,#3785,.F.);
#1684=ORIENTED_EDGE('',*,*,#3629,.F.);
#1685=ORIENTED_EDGE('',*,*,#3633,.F.);
#1686=ORIENTED_EDGE('',*,*,#3786,.F.);
#1687=ORIENTED_EDGE('',*,*,#3779,.F.);
#1688=ORIENTED_EDGE('',*,*,#3788,.F.);
#1689=ORIENTED_EDGE('',*,*,#3787,.T.);
#1690=ORIENTED_EDGE('',*,*,#3635,.F.);
#1691=ORIENTED_EDGE('',*,*,#3790,.F.);
#1692=ORIENTED_EDGE('',*,*,#3791,.F.);
#1693=ORIENTED_EDGE('',*,*,#3792,.F.);
#1694=ORIENTED_EDGE('',*,*,#3793,.F.);
#1695=ORIENTED_EDGE('',*,*,#3794,.F.);
#1696=ORIENTED_EDGE('',*,*,#3795,.F.);
#1697=ORIENTED_EDGE('',*,*,#3796,.F.);
#1698=ORIENTED_EDGE('',*,*,#3797,.F.);
#1699=ORIENTED_EDGE('',*,*,#3798,.F.);
#1700=ORIENTED_EDGE('',*,*,#3799,.F.);
#1701=ORIENTED_EDGE('',*,*,#3800,.F.);
#1702=ORIENTED_EDGE('',*,*,#3801,.F.);
#1703=ORIENTED_EDGE('',*,*,#3801,.T.);
#1704=ORIENTED_EDGE('',*,*,#3802,.F.);
#1705=ORIENTED_EDGE('',*,*,#3803,.T.);
#1706=ORIENTED_EDGE('',*,*,#3804,.T.);
#1707=ORIENTED_EDGE('',*,*,#3791,.T.);
#1708=ORIENTED_EDGE('',*,*,#3805,.T.);
#1709=ORIENTED_EDGE('',*,*,#3806,.T.);
#1710=ORIENTED_EDGE('',*,*,#3797,.T.);
#1711=ORIENTED_EDGE('',*,*,#3795,.T.);
#1712=ORIENTED_EDGE('',*,*,#3807,.F.);
#1713=ORIENTED_EDGE('',*,*,#3808,.T.);
#1714=ORIENTED_EDGE('',*,*,#3640,.F.);
#1715=ORIENTED_EDGE('',*,*,#3642,.F.);
#1716=ORIENTED_EDGE('',*,*,#3809,.F.);
#1717=ORIENTED_EDGE('',*,*,#3803,.F.);
#1718=ORIENTED_EDGE('',*,*,#3810,.F.);
#1719=ORIENTED_EDGE('',*,*,#3808,.F.);
#1720=ORIENTED_EDGE('',*,*,#3639,.T.);
#1721=ORIENTED_EDGE('',*,*,#3811,.T.);
#1722=ORIENTED_EDGE('',*,*,#3807,.T.);
#1723=ORIENTED_EDGE('',*,*,#3794,.T.);
#1724=ORIENTED_EDGE('',*,*,#3792,.T.);
#1725=ORIENTED_EDGE('',*,*,#3804,.F.);
#1726=ORIENTED_EDGE('',*,*,#3809,.T.);
#1727=ORIENTED_EDGE('',*,*,#3641,.F.);
#1728=ORIENTED_EDGE('',*,*,#3812,.F.);
#1729=ORIENTED_EDGE('',*,*,#3643,.T.);
#1730=ORIENTED_EDGE('',*,*,#3810,.T.);
#1731=ORIENTED_EDGE('',*,*,#3802,.T.);
#1732=ORIENTED_EDGE('',*,*,#3800,.T.);
#1733=ORIENTED_EDGE('',*,*,#3798,.T.);
#1734=ORIENTED_EDGE('',*,*,#3806,.F.);
#1735=ORIENTED_EDGE('',*,*,#3813,.T.);
#1736=ORIENTED_EDGE('',*,*,#3637,.F.);
#1737=ORIENTED_EDGE('',*,*,#3813,.F.);
#1738=ORIENTED_EDGE('',*,*,#3805,.F.);
#1739=ORIENTED_EDGE('',*,*,#3811,.F.);
#1740=ORIENTED_EDGE('',*,*,#3638,.F.);
#1741=ORIENTED_EDGE('',*,*,#3812,.T.);
#1742=ORIENTED_EDGE('',*,*,#3644,.F.);
#1743=ORIENTED_EDGE('',*,*,#3793,.T.);
#1744=ORIENTED_EDGE('',*,*,#3796,.T.);
#1745=ORIENTED_EDGE('',*,*,#3799,.T.);
#1746=ORIENTED_EDGE('',*,*,#3790,.T.);
#1747=ORIENTED_EDGE('',*,*,#3814,.T.);
#1748=ORIENTED_EDGE('',*,*,#3815,.T.);
#1749=ORIENTED_EDGE('',*,*,#3816,.F.);
#1750=ORIENTED_EDGE('',*,*,#3498,.F.);
#1751=ORIENTED_EDGE('',*,*,#3433,.T.);
#1752=ORIENTED_EDGE('',*,*,#3817,.T.);
#1753=ORIENTED_EDGE('',*,*,#3623,.T.);
#1754=ORIENTED_EDGE('',*,*,#3818,.F.);
#1755=ORIENTED_EDGE('',*,*,#3523,.F.);
#1756=ORIENTED_EDGE('',*,*,#3624,.T.);
#1757=ORIENTED_EDGE('',*,*,#3819,.T.);
#1758=ORIENTED_EDGE('',*,*,#3733,.T.);
#1759=ORIENTED_EDGE('',*,*,#3735,.T.);
#1760=ORIENTED_EDGE('',*,*,#3719,.T.);
#1761=ORIENTED_EDGE('',*,*,#3459,.F.);
#1762=ORIENTED_EDGE('',*,*,#3820,.F.);
#1763=ORIENTED_EDGE('',*,*,#3821,.F.);
#1764=ORIENTED_EDGE('',*,*,#3754,.T.);
#1765=ORIENTED_EDGE('',*,*,#3822,.T.);
#1766=ORIENTED_EDGE('',*,*,#3823,.F.);
#1767=ORIENTED_EDGE('',*,*,#3824,.F.);
#1768=ORIENTED_EDGE('',*,*,#3760,.T.);
#1769=ORIENTED_EDGE('',*,*,#3825,.T.);
#1770=ORIENTED_EDGE('',*,*,#3826,.F.);
#1771=ORIENTED_EDGE('',*,*,#3822,.F.);
#1772=ORIENTED_EDGE('',*,*,#3753,.T.);
#1773=ORIENTED_EDGE('',*,*,#3827,.F.);
#1774=ORIENTED_EDGE('',*,*,#3828,.F.);
#1775=ORIENTED_EDGE('',*,*,#3825,.F.);
#1776=ORIENTED_EDGE('',*,*,#3759,.T.);
#1777=ORIENTED_EDGE('',*,*,#3829,.T.);
#1778=ORIENTED_EDGE('',*,*,#3830,.F.);
#1779=ORIENTED_EDGE('',*,*,#3831,.F.);
#1780=ORIENTED_EDGE('',*,*,#3749,.T.);
#1781=ORIENTED_EDGE('',*,*,#3764,.T.);
#1782=ORIENTED_EDGE('',*,*,#3432,.T.);
#1783=ORIENTED_EDGE('',*,*,#3467,.F.);
#1784=ORIENTED_EDGE('',*,*,#3724,.T.);
#1785=ORIENTED_EDGE('',*,*,#3739,.T.);
#1786=ORIENTED_EDGE('',*,*,#3738,.F.);
#1787=ORIENTED_EDGE('',*,*,#3832,.F.);
#1788=ORIENTED_EDGE('',*,*,#3648,.F.);
#1789=ORIENTED_EDGE('',*,*,#3655,.F.);
#1790=ORIENTED_EDGE('',*,*,#3833,.T.);
#1791=ORIENTED_EDGE('',*,*,#3728,.F.);
#1792=ORIENTED_EDGE('',*,*,#3834,.T.);
#1793=ORIENTED_EDGE('',*,*,#3835,.T.);
#1794=ORIENTED_EDGE('',*,*,#3836,.F.);
#1795=ORIENTED_EDGE('',*,*,#3837,.F.);
#1796=ORIENTED_EDGE('',*,*,#3838,.F.);
#1797=ORIENTED_EDGE('',*,*,#3839,.T.);
#1798=ORIENTED_EDGE('',*,*,#3500,.T.);
#1799=ORIENTED_EDGE('',*,*,#3840,.F.);
#1800=ORIENTED_EDGE('',*,*,#3841,.F.);
#1801=ORIENTED_EDGE('',*,*,#3502,.T.);
#1802=ORIENTED_EDGE('',*,*,#3842,.F.);
#1803=ORIENTED_EDGE('',*,*,#3834,.F.);
#1804=ORIENTED_EDGE('',*,*,#3840,.T.);
#1805=ORIENTED_EDGE('',*,*,#3499,.F.);
#1806=ORIENTED_EDGE('',*,*,#3816,.T.);
#1807=ORIENTED_EDGE('',*,*,#3843,.T.);
#1808=ORIENTED_EDGE('',*,*,#3844,.T.);
#1809=ORIENTED_EDGE('',*,*,#3519,.T.);
#1810=ORIENTED_EDGE('',*,*,#3845,.F.);
#1811=ORIENTED_EDGE('',*,*,#3547,.T.);
#1812=ORIENTED_EDGE('',*,*,#3540,.F.);
#1813=ORIENTED_EDGE('',*,*,#3846,.F.);
#1814=ORIENTED_EDGE('',*,*,#3836,.T.);
#1815=ORIENTED_EDGE('',*,*,#3847,.T.);
#1816=ORIENTED_EDGE('',*,*,#3848,.F.);
#1817=ORIENTED_EDGE('',*,*,#3528,.F.);
#1818=ORIENTED_EDGE('',*,*,#3530,.F.);
#1819=ORIENTED_EDGE('',*,*,#3849,.F.);
#1820=ORIENTED_EDGE('',*,*,#3850,.T.);
#1821=ORIENTED_EDGE('',*,*,#3851,.T.);
#1822=ORIENTED_EDGE('',*,*,#3762,.T.);
#1823=ORIENTED_EDGE('',*,*,#3745,.F.);
#1824=ORIENTED_EDGE('',*,*,#3852,.T.);
#1825=ORIENTED_EDGE('',*,*,#3853,.T.);
#1826=ORIENTED_EDGE('',*,*,#3854,.F.);
#1827=ORIENTED_EDGE('',*,*,#3855,.F.);
#1828=ORIENTED_EDGE('',*,*,#3856,.F.);
#1829=ORIENTED_EDGE('',*,*,#3854,.T.);
#1830=ORIENTED_EDGE('',*,*,#3857,.T.);
#1831=ORIENTED_EDGE('',*,*,#3748,.T.);
#1832=ORIENTED_EDGE('',*,*,#3858,.F.);
#1833=ORIENTED_EDGE('',*,*,#3521,.F.);
#1834=ORIENTED_EDGE('',*,*,#3859,.T.);
#1835=ORIENTED_EDGE('',*,*,#3860,.T.);
#1836=ORIENTED_EDGE('',*,*,#3861,.T.);
#1837=ORIENTED_EDGE('',*,*,#3862,.F.);
#1838=ORIENTED_EDGE('',*,*,#3863,.F.);
#1839=ORIENTED_EDGE('',*,*,#3864,.T.);
#1840=ORIENTED_EDGE('',*,*,#3865,.T.);
#1841=ORIENTED_EDGE('',*,*,#3866,.F.);
#1842=ORIENTED_EDGE('',*,*,#3864,.F.);
#1843=ORIENTED_EDGE('',*,*,#3867,.F.);
#1844=ORIENTED_EDGE('',*,*,#3850,.F.);
#1845=ORIENTED_EDGE('',*,*,#3744,.F.);
#1846=ORIENTED_EDGE('',*,*,#3857,.F.);
#1847=ORIENTED_EDGE('',*,*,#3853,.F.);
#1848=ORIENTED_EDGE('',*,*,#3868,.T.);
#1849=ORIENTED_EDGE('',*,*,#3869,.T.);
#1850=ORIENTED_EDGE('',*,*,#3487,.F.);
#1851=ORIENTED_EDGE('',*,*,#3870,.T.);
#1852=ORIENTED_EDGE('',*,*,#3871,.T.);
#1853=ORIENTED_EDGE('',*,*,#3865,.F.);
#1854=ORIENTED_EDGE('',*,*,#3872,.T.);
#1855=ORIENTED_EDGE('',*,*,#3873,.F.);
#1856=ORIENTED_EDGE('',*,*,#3874,.T.);
#1857=ORIENTED_EDGE('',*,*,#3875,.T.);
#1858=ORIENTED_EDGE('',*,*,#3876,.F.);
#1859=ORIENTED_EDGE('',*,*,#3532,.T.);
#1860=ORIENTED_EDGE('',*,*,#3525,.T.);
#1861=ORIENTED_EDGE('',*,*,#3848,.T.);
#1862=ORIENTED_EDGE('',*,*,#3877,.T.);
#1863=ORIENTED_EDGE('',*,*,#3870,.F.);
#1864=ORIENTED_EDGE('',*,*,#3486,.F.);
#1865=ORIENTED_EDGE('',*,*,#3871,.F.);
#1866=ORIENTED_EDGE('',*,*,#3877,.F.);
#1867=ORIENTED_EDGE('',*,*,#3847,.F.);
#1868=ORIENTED_EDGE('',*,*,#3835,.F.);
#1869=ORIENTED_EDGE('',*,*,#3842,.T.);
#1870=ORIENTED_EDGE('',*,*,#3501,.T.);
#1871=ORIENTED_EDGE('',*,*,#3839,.F.);
#1872=ORIENTED_EDGE('',*,*,#3878,.F.);
#1873=ORIENTED_EDGE('',*,*,#3861,.F.);
#1874=ORIENTED_EDGE('',*,*,#3866,.T.);
#1875=ORIENTED_EDGE('',*,*,#3879,.T.);
#1876=ORIENTED_EDGE('',*,*,#3516,.F.);
#1877=ORIENTED_EDGE('',*,*,#3520,.F.);
#1878=ORIENTED_EDGE('',*,*,#3844,.F.);
#1879=ORIENTED_EDGE('',*,*,#3880,.F.);
#1880=ORIENTED_EDGE('',*,*,#3872,.F.);
#1881=ORIENTED_EDGE('',*,*,#3868,.F.);
#1882=ORIENTED_EDGE('',*,*,#3852,.F.);
#1883=ORIENTED_EDGE('',*,*,#3881,.F.);
#1884=ORIENTED_EDGE('',*,*,#3860,.F.);
#1885=ORIENTED_EDGE('',*,*,#3846,.T.);
#1886=ORIENTED_EDGE('',*,*,#3539,.T.);
#1887=ORIENTED_EDGE('',*,*,#3535,.T.);
#1888=ORIENTED_EDGE('',*,*,#3882,.F.);
#1889=ORIENTED_EDGE('',*,*,#3873,.T.);
#1890=ORIENTED_EDGE('',*,*,#3880,.T.);
#1891=ORIENTED_EDGE('',*,*,#3883,.F.);
#1892=ORIENTED_EDGE('',*,*,#3884,.F.);
#1893=ORIENTED_EDGE('',*,*,#3883,.T.);
#1894=ORIENTED_EDGE('',*,*,#3885,.F.);
#1895=ORIENTED_EDGE('',*,*,#3886,.F.);
#1896=ORIENTED_EDGE('',*,*,#3885,.T.);
#1897=ORIENTED_EDGE('',*,*,#3887,.T.);
#1898=ORIENTED_EDGE('',*,*,#3594,.F.);
#1899=ORIENTED_EDGE('',*,*,#3589,.F.);
#1900=ORIENTED_EDGE('',*,*,#3602,.F.);
#1901=ORIENTED_EDGE('',*,*,#3598,.F.);
#1902=ORIENTED_EDGE('',*,*,#3607,.F.);
#1903=ORIENTED_EDGE('',*,*,#3888,.F.);
#1904=ORIENTED_EDGE('',*,*,#3889,.T.);
#1905=ORIENTED_EDGE('',*,*,#3473,.F.);
#1906=ORIENTED_EDGE('',*,*,#3890,.F.);
#1907=ORIENTED_EDGE('',*,*,#3891,.T.);
#1908=ORIENTED_EDGE('',*,*,#3892,.T.);
#1909=ORIENTED_EDGE('',*,*,#3893,.T.);
#1910=ORIENTED_EDGE('',*,*,#3894,.T.);
#1911=ORIENTED_EDGE('',*,*,#3895,.F.);
#1912=ORIENTED_EDGE('',*,*,#3874,.F.);
#1913=ORIENTED_EDGE('',*,*,#3882,.T.);
#1914=ORIENTED_EDGE('',*,*,#3534,.T.);
#1915=ORIENTED_EDGE('',*,*,#3542,.T.);
#1916=ORIENTED_EDGE('',*,*,#3616,.T.);
#1917=ORIENTED_EDGE('',*,*,#3896,.T.);
#1918=ORIENTED_EDGE('',*,*,#3894,.F.);
#1919=ORIENTED_EDGE('',*,*,#3897,.T.);
#1920=ORIENTED_EDGE('',*,*,#3898,.F.);
#1921=ORIENTED_EDGE('',*,*,#3899,.F.);
#1922=ORIENTED_EDGE('',*,*,#3900,.F.);
#1923=ORIENTED_EDGE('',*,*,#3892,.F.);
#1924=ORIENTED_EDGE('',*,*,#3901,.F.);
#1925=ORIENTED_EDGE('',*,*,#3902,.F.);
#1926=ORIENTED_EDGE('',*,*,#3897,.F.);
#1927=ORIENTED_EDGE('',*,*,#3893,.F.);
#1928=ORIENTED_EDGE('',*,*,#3900,.T.);
#1929=ORIENTED_EDGE('',*,*,#3903,.F.);
#1930=ORIENTED_EDGE('',*,*,#3904,.T.);
#1931=ORIENTED_EDGE('',*,*,#3905,.F.);
#1932=ORIENTED_EDGE('',*,*,#3906,.F.);
#1933=ORIENTED_EDGE('',*,*,#3490,.F.);
#1934=ORIENTED_EDGE('',*,*,#3907,.T.);
#1935=ORIENTED_EDGE('',*,*,#3908,.F.);
#1936=ORIENTED_EDGE('',*,*,#3909,.F.);
#1937=ORIENTED_EDGE('',*,*,#3910,.F.);
#1938=ORIENTED_EDGE('',*,*,#3911,.F.);
#1939=ORIENTED_EDGE('',*,*,#3491,.F.);
#1940=ORIENTED_EDGE('',*,*,#3906,.T.);
#1941=ORIENTED_EDGE('',*,*,#3912,.T.);
#1942=ORIENTED_EDGE('',*,*,#3913,.F.);
#1943=ORIENTED_EDGE('',*,*,#3910,.T.);
#1944=ORIENTED_EDGE('',*,*,#3905,.T.);
#1945=ORIENTED_EDGE('',*,*,#3914,.T.);
#1946=ORIENTED_EDGE('',*,*,#3915,.T.);
#1947=ORIENTED_EDGE('',*,*,#3898,.T.);
#1948=ORIENTED_EDGE('',*,*,#3902,.T.);
#1949=ORIENTED_EDGE('',*,*,#3916,.T.);
#1950=ORIENTED_EDGE('',*,*,#3917,.T.);
#1951=ORIENTED_EDGE('',*,*,#3916,.F.);
#1952=ORIENTED_EDGE('',*,*,#3904,.F.);
#1953=ORIENTED_EDGE('',*,*,#3918,.F.);
#1954=ORIENTED_EDGE('',*,*,#3919,.T.);
#1955=ORIENTED_EDGE('',*,*,#3918,.T.);
#1956=ORIENTED_EDGE('',*,*,#3903,.T.);
#1957=ORIENTED_EDGE('',*,*,#3899,.T.);
#1958=ORIENTED_EDGE('',*,*,#3920,.F.);
#1959=ORIENTED_EDGE('',*,*,#3919,.F.);
#1960=ORIENTED_EDGE('',*,*,#3921,.T.);
#1961=ORIENTED_EDGE('',*,*,#3922,.F.);
#1962=ORIENTED_EDGE('',*,*,#3915,.F.);
#1963=ORIENTED_EDGE('',*,*,#3917,.F.);
#1964=ORIENTED_EDGE('',*,*,#3875,.F.);
#1965=ORIENTED_EDGE('',*,*,#3895,.T.);
#1966=ORIENTED_EDGE('',*,*,#3896,.F.);
#1967=ORIENTED_EDGE('',*,*,#3922,.T.);
#1968=ORIENTED_EDGE('',*,*,#3923,.T.);
#1969=ORIENTED_EDGE('',*,*,#3924,.T.);
#1970=ORIENTED_EDGE('',*,*,#3914,.F.);
#1971=ORIENTED_EDGE('',*,*,#3909,.T.);
#1972=ORIENTED_EDGE('',*,*,#3925,.F.);
#1973=ORIENTED_EDGE('',*,*,#3926,.T.);
#1974=ORIENTED_EDGE('',*,*,#3925,.T.);
#1975=ORIENTED_EDGE('',*,*,#3908,.T.);
#1976=ORIENTED_EDGE('',*,*,#3927,.T.);
#1977=ORIENTED_EDGE('',*,*,#3928,.T.);
#1978=ORIENTED_EDGE('',*,*,#3927,.F.);
#1979=ORIENTED_EDGE('',*,*,#3907,.F.);
#1980=ORIENTED_EDGE('',*,*,#3489,.F.);
#1981=ORIENTED_EDGE('',*,*,#3926,.F.);
#1982=ORIENTED_EDGE('',*,*,#3929,.F.);
#1983=ORIENTED_EDGE('',*,*,#3930,.T.);
#1984=ORIENTED_EDGE('',*,*,#3912,.F.);
#1985=ORIENTED_EDGE('',*,*,#3924,.F.);
#1986=ORIENTED_EDGE('',*,*,#3488,.T.);
#1987=ORIENTED_EDGE('',*,*,#3869,.F.);
#1988=ORIENTED_EDGE('',*,*,#3931,.T.);
#1989=ORIENTED_EDGE('',*,*,#3929,.T.);
#1990=ORIENTED_EDGE('',*,*,#3928,.F.);
#1991=ORIENTED_EDGE('',*,*,#3932,.F.);
#1992=ORIENTED_EDGE('',*,*,#3765,.T.);
#1993=ORIENTED_EDGE('',*,*,#3751,.T.);
#1994=ORIENTED_EDGE('',*,*,#3933,.T.);
#1995=ORIENTED_EDGE('',*,*,#3934,.F.);
#1996=ORIENTED_EDGE('',*,*,#3933,.F.);
#1997=ORIENTED_EDGE('',*,*,#3750,.T.);
#1998=ORIENTED_EDGE('',*,*,#3831,.T.);
#1999=ORIENTED_EDGE('',*,*,#3934,.T.);
#2000=ORIENTED_EDGE('',*,*,#3935,.F.);
#2001=ORIENTED_EDGE('',*,*,#3443,.T.);
#2002=ORIENTED_EDGE('',*,*,#3936,.T.);
#2003=ORIENTED_EDGE('',*,*,#3444,.T.);
#2004=ORIENTED_EDGE('',*,*,#3935,.T.);
#2005=ORIENTED_EDGE('',*,*,#3830,.T.);
#2006=ORIENTED_EDGE('',*,*,#3937,.F.);
#2007=ORIENTED_EDGE('',*,*,#3445,.T.);
#2008=ORIENTED_EDGE('',*,*,#3937,.T.);
#2009=ORIENTED_EDGE('',*,*,#3763,.T.);
#2010=ORIENTED_EDGE('',*,*,#3938,.F.);
#2011=ORIENTED_EDGE('',*,*,#3442,.T.);
#2012=ORIENTED_EDGE('',*,*,#3938,.T.);
#2013=ORIENTED_EDGE('',*,*,#3932,.T.);
#2014=ORIENTED_EDGE('',*,*,#3936,.F.);
#2015=ORIENTED_EDGE('',*,*,#3939,.F.);
#2016=ORIENTED_EDGE('',*,*,#3829,.F.);
#2017=ORIENTED_EDGE('',*,*,#3758,.T.);
#2018=ORIENTED_EDGE('',*,*,#3940,.F.);
#2019=ORIENTED_EDGE('',*,*,#3941,.F.);
#2020=ORIENTED_EDGE('',*,*,#3940,.T.);
#2021=ORIENTED_EDGE('',*,*,#3757,.T.);
#2022=ORIENTED_EDGE('',*,*,#3824,.T.);
#2023=ORIENTED_EDGE('',*,*,#3941,.T.);
#2024=ORIENTED_EDGE('',*,*,#3942,.F.);
#2025=ORIENTED_EDGE('',*,*,#3450,.T.);
#2026=ORIENTED_EDGE('',*,*,#3943,.T.);
#2027=ORIENTED_EDGE('',*,*,#3451,.T.);
#2028=ORIENTED_EDGE('',*,*,#3942,.T.);
#2029=ORIENTED_EDGE('',*,*,#3823,.T.);
#2030=ORIENTED_EDGE('',*,*,#3944,.F.);
#2031=ORIENTED_EDGE('',*,*,#3452,.T.);
#2032=ORIENTED_EDGE('',*,*,#3944,.T.);
#2033=ORIENTED_EDGE('',*,*,#3828,.T.);
#2034=ORIENTED_EDGE('',*,*,#3945,.F.);
#2035=ORIENTED_EDGE('',*,*,#3449,.T.);
#2036=ORIENTED_EDGE('',*,*,#3945,.T.);
#2037=ORIENTED_EDGE('',*,*,#3939,.T.);
#2038=ORIENTED_EDGE('',*,*,#3943,.F.);
#2039=ORIENTED_EDGE('',*,*,#3946,.F.);
#2040=ORIENTED_EDGE('',*,*,#3827,.T.);
#2041=ORIENTED_EDGE('',*,*,#3756,.T.);
#2042=ORIENTED_EDGE('',*,*,#3947,.T.);
#2043=ORIENTED_EDGE('',*,*,#3948,.F.);
#2044=ORIENTED_EDGE('',*,*,#3947,.F.);
#2045=ORIENTED_EDGE('',*,*,#3755,.T.);
#2046=ORIENTED_EDGE('',*,*,#3821,.T.);
#2047=ORIENTED_EDGE('',*,*,#3948,.T.);
#2048=ORIENTED_EDGE('',*,*,#3949,.F.);
#2049=ORIENTED_EDGE('',*,*,#3439,.T.);
#2050=ORIENTED_EDGE('',*,*,#3950,.T.);
#2051=ORIENTED_EDGE('',*,*,#3440,.T.);
#2052=ORIENTED_EDGE('',*,*,#3949,.T.);
#2053=ORIENTED_EDGE('',*,*,#3820,.T.);
#2054=ORIENTED_EDGE('',*,*,#3951,.F.);
#2055=ORIENTED_EDGE('',*,*,#3441,.T.);
#2056=ORIENTED_EDGE('',*,*,#3951,.T.);
#2057=ORIENTED_EDGE('',*,*,#3826,.T.);
#2058=ORIENTED_EDGE('',*,*,#3952,.F.);
#2059=ORIENTED_EDGE('',*,*,#3438,.T.);
#2060=ORIENTED_EDGE('',*,*,#3952,.T.);
#2061=ORIENTED_EDGE('',*,*,#3946,.T.);
#2062=ORIENTED_EDGE('',*,*,#3950,.F.);
#2063=ORIENTED_EDGE('',*,*,#3646,.T.);
#2064=ORIENTED_EDGE('',*,*,#3886,.T.);
#2065=ORIENTED_EDGE('',*,*,#3884,.T.);
#2066=ORIENTED_EDGE('',*,*,#3953,.F.);
#2067=ORIENTED_EDGE('',*,*,#3492,.T.);
#2068=ORIENTED_EDGE('',*,*,#3911,.T.);
#2069=ORIENTED_EDGE('',*,*,#3913,.T.);
#2070=ORIENTED_EDGE('',*,*,#3930,.F.);
#2071=ORIENTED_EDGE('',*,*,#3931,.F.);
#2072=ORIENTED_EDGE('',*,*,#3876,.T.);
#2073=ORIENTED_EDGE('',*,*,#3923,.F.);
#2074=ORIENTED_EDGE('',*,*,#3921,.F.);
#2075=ORIENTED_EDGE('',*,*,#3920,.T.);
#2076=ORIENTED_EDGE('',*,*,#3901,.T.);
#2077=ORIENTED_EDGE('',*,*,#3891,.F.);
#2078=ORIENTED_EDGE('',*,*,#3890,.T.);
#2079=ORIENTED_EDGE('',*,*,#3472,.F.);
#2080=ORIENTED_EDGE('',*,*,#3493,.T.);
#2081=ORIENTED_EDGE('',*,*,#3953,.T.);
#2082=ORIENTED_EDGE('',*,*,#3954,.F.);
#2083=ORIENTED_EDGE('',*,*,#3955,.F.);
#2084=ORIENTED_EDGE('',*,*,#3955,.T.);
#2085=ORIENTED_EDGE('',*,*,#3956,.F.);
#2086=ORIENTED_EDGE('',*,*,#3956,.T.);
#2087=ORIENTED_EDGE('',*,*,#3957,.T.);
#2088=ORIENTED_EDGE('',*,*,#3954,.T.);
#2089=ORIENTED_EDGE('',*,*,#3958,.F.);
#2090=ORIENTED_EDGE('',*,*,#3958,.T.);
#2091=ORIENTED_EDGE('',*,*,#3959,.T.);
#2092=ORIENTED_EDGE('',*,*,#3960,.F.);
#2093=ORIENTED_EDGE('',*,*,#3961,.F.);
#2094=ORIENTED_EDGE('',*,*,#3743,.T.);
#2095=ORIENTED_EDGE('',*,*,#3761,.T.);
#2096=ORIENTED_EDGE('',*,*,#3851,.F.);
#2097=ORIENTED_EDGE('',*,*,#3867,.T.);
#2098=ORIENTED_EDGE('',*,*,#3863,.T.);
#2099=ORIENTED_EDGE('',*,*,#3962,.F.);
#2100=ORIENTED_EDGE('',*,*,#3963,.F.);
#2101=ORIENTED_EDGE('',*,*,#3964,.F.);
#2102=ORIENTED_EDGE('',*,*,#3965,.F.);
#2103=ORIENTED_EDGE('',*,*,#3966,.F.);
#2104=ORIENTED_EDGE('',*,*,#3967,.T.);
#2105=ORIENTED_EDGE('',*,*,#3968,.F.);
#2106=ORIENTED_EDGE('',*,*,#3969,.F.);
#2107=ORIENTED_EDGE('',*,*,#3970,.F.);
#2108=ORIENTED_EDGE('',*,*,#3971,.F.);
#2109=ORIENTED_EDGE('',*,*,#3972,.F.);
#2110=ORIENTED_EDGE('',*,*,#3973,.F.);
#2111=ORIENTED_EDGE('',*,*,#3974,.F.);
#2112=ORIENTED_EDGE('',*,*,#3975,.F.);
#2113=ORIENTED_EDGE('',*,*,#3967,.F.);
#2114=ORIENTED_EDGE('',*,*,#3976,.F.);
#2115=ORIENTED_EDGE('',*,*,#3977,.T.);
#2116=ORIENTED_EDGE('',*,*,#3957,.F.);
#2117=ORIENTED_EDGE('',*,*,#3814,.F.);
#2118=ORIENTED_EDGE('',*,*,#3959,.F.);
#2119=ORIENTED_EDGE('',*,*,#3978,.F.);
#2120=ORIENTED_EDGE('',*,*,#3979,.F.);
#2121=ORIENTED_EDGE('',*,*,#3980,.F.);
#2122=ORIENTED_EDGE('',*,*,#3981,.F.);
#2123=ORIENTED_EDGE('',*,*,#3982,.F.);
#2124=ORIENTED_EDGE('',*,*,#3962,.T.);
#2125=ORIENTED_EDGE('',*,*,#3862,.T.);
#2126=ORIENTED_EDGE('',*,*,#3878,.T.);
#2127=ORIENTED_EDGE('',*,*,#3838,.T.);
#2128=ORIENTED_EDGE('',*,*,#3843,.F.);
#2129=ORIENTED_EDGE('',*,*,#3815,.F.);
#2130=ORIENTED_EDGE('',*,*,#3832,.T.);
#2131=ORIENTED_EDGE('',*,*,#3737,.T.);
#2132=ORIENTED_EDGE('',*,*,#3729,.F.);
#2133=ORIENTED_EDGE('',*,*,#3833,.F.);
#2134=ORIENTED_EDGE('',*,*,#3654,.F.);
#2135=ORIENTED_EDGE('',*,*,#3716,.F.);
#2136=ORIENTED_EDGE('',*,*,#3667,.F.);
#2137=ORIENTED_EDGE('',*,*,#3718,.F.);
#2138=ORIENTED_EDGE('',*,*,#3727,.F.);
#2139=ORIENTED_EDGE('',*,*,#3734,.T.);
#2140=ORIENTED_EDGE('',*,*,#3819,.F.);
#2141=ORIENTED_EDGE('',*,*,#3817,.F.);
#2142=ORIENTED_EDGE('',*,*,#3522,.F.);
#2143=ORIENTED_EDGE('',*,*,#3858,.T.);
#2144=ORIENTED_EDGE('',*,*,#3881,.T.);
#2145=ORIENTED_EDGE('',*,*,#3855,.T.);
#2146=ORIENTED_EDGE('',*,*,#3856,.T.);
#2147=ORIENTED_EDGE('',*,*,#3747,.T.);
#2148=ORIENTED_EDGE('',*,*,#3740,.T.);
#2149=ORIENTED_EDGE('',*,*,#3961,.T.);
#2150=ORIENTED_EDGE('',*,*,#3983,.T.);
#2151=ORIENTED_EDGE('',*,*,#3769,.T.);
#2152=ORIENTED_EDGE('',*,*,#3772,.T.);
#2153=ORIENTED_EDGE('',*,*,#3775,.T.);
#2154=ORIENTED_EDGE('',*,*,#3766,.T.);
#2155=ORIENTED_EDGE('',*,*,#3984,.F.);
#2156=ORIENTED_EDGE('',*,*,#3981,.T.);
#2157=ORIENTED_EDGE('',*,*,#3985,.F.);
#2158=ORIENTED_EDGE('',*,*,#3986,.F.);
#2159=ORIENTED_EDGE('',*,*,#3972,.T.);
#2160=ORIENTED_EDGE('',*,*,#3968,.T.);
#2161=ORIENTED_EDGE('',*,*,#3975,.T.);
#2162=ORIENTED_EDGE('',*,*,#3987,.F.);
#2163=ORIENTED_EDGE('',*,*,#3978,.T.);
#2164=ORIENTED_EDGE('',*,*,#3988,.T.);
#2165=ORIENTED_EDGE('',*,*,#3964,.T.);
#2166=ORIENTED_EDGE('',*,*,#3989,.F.);
#2167=ORIENTED_EDGE('',*,*,#3985,.T.);
#2168=ORIENTED_EDGE('',*,*,#3971,.T.);
#2169=ORIENTED_EDGE('',*,*,#3990,.F.);
#2170=ORIENTED_EDGE('',*,*,#3984,.T.);
#2171=ORIENTED_EDGE('',*,*,#3980,.T.);
#2172=ORIENTED_EDGE('',*,*,#3991,.F.);
#2173=ORIENTED_EDGE('',*,*,#3973,.T.);
#2174=ORIENTED_EDGE('',*,*,#3986,.T.);
#2175=ORIENTED_EDGE('',*,*,#3989,.T.);
#2176=ORIENTED_EDGE('',*,*,#3963,.T.);
#2177=ORIENTED_EDGE('',*,*,#3982,.T.);
#2178=ORIENTED_EDGE('',*,*,#3987,.T.);
#2179=ORIENTED_EDGE('',*,*,#3974,.T.);
#2180=ORIENTED_EDGE('',*,*,#3991,.T.);
#2181=ORIENTED_EDGE('',*,*,#3979,.T.);
#2182=ORIENTED_EDGE('',*,*,#3965,.T.);
#2183=ORIENTED_EDGE('',*,*,#3990,.T.);
#2184=ORIENTED_EDGE('',*,*,#3970,.T.);
#2185=ORIENTED_EDGE('',*,*,#3969,.T.);
#2186=ORIENTED_EDGE('',*,*,#3977,.F.);
#2187=ORIENTED_EDGE('',*,*,#3992,.F.);
#2188=ORIENTED_EDGE('',*,*,#3960,.T.);
#2189=ORIENTED_EDGE('',*,*,#3992,.T.);
#2190=ORIENTED_EDGE('',*,*,#3976,.T.);
#2191=ORIENTED_EDGE('',*,*,#3966,.T.);
#2192=ORIENTED_EDGE('',*,*,#3988,.F.);
#2193=ORIENTED_EDGE('',*,*,#3983,.F.);
#2194=ORIENTED_EDGE('',*,*,#3993,.T.);
#2195=ORIENTED_EDGE('',*,*,#3620,.T.);
#2196=ORIENTED_EDGE('',*,*,#3546,.T.);
#2197=ORIENTED_EDGE('',*,*,#3845,.T.);
#2198=ORIENTED_EDGE('',*,*,#3518,.T.);
#2199=ORIENTED_EDGE('',*,*,#3514,.T.);
#2200=ORIENTED_EDGE('',*,*,#3994,.F.);
#2201=ORIENTED_EDGE('',*,*,#3995,.T.);
#2202=ORIENTED_EDGE('',*,*,#3579,.F.);
#2203=ORIENTED_EDGE('',*,*,#3597,.F.);
#2204=ORIENTED_EDGE('',*,*,#3593,.F.);
#2205=ORIENTED_EDGE('',*,*,#3996,.T.);
#2206=ORIENTED_EDGE('',*,*,#3997,.F.);
#2207=ORIENTED_EDGE('',*,*,#3998,.F.);
#2208=ORIENTED_EDGE('',*,*,#3994,.T.);
#2209=ORIENTED_EDGE('',*,*,#3517,.F.);
#2210=ORIENTED_EDGE('',*,*,#3879,.F.);
#2211=ORIENTED_EDGE('',*,*,#3859,.F.);
#2212=ORIENTED_EDGE('',*,*,#3524,.T.);
#2213=ORIENTED_EDGE('',*,*,#3818,.T.);
#2214=ORIENTED_EDGE('',*,*,#3622,.T.);
#2215=ORIENTED_EDGE('',*,*,#3618,.F.);
#2216=ORIENTED_EDGE('',*,*,#3999,.T.);
#2217=ORIENTED_EDGE('',*,*,#4000,.T.);
#2218=ORIENTED_EDGE('',*,*,#4001,.T.);
#2219=ORIENTED_EDGE('',*,*,#3614,.F.);
#2220=ORIENTED_EDGE('',*,*,#3626,.T.);
#2221=ORIENTED_EDGE('',*,*,#3412,.T.);
#2222=ORIENTED_EDGE('',*,*,#3888,.T.);
#2223=ORIENTED_EDGE('',*,*,#3606,.F.);
#2224=ORIENTED_EDGE('',*,*,#3610,.T.);
#2225=ORIENTED_EDGE('',*,*,#3586,.F.);
#2226=ORIENTED_EDGE('',*,*,#3609,.F.);
#2227=ORIENTED_EDGE('',*,*,#3577,.F.);
#2228=ORIENTED_EDGE('',*,*,#4002,.T.);
#2229=ORIENTED_EDGE('',*,*,#4003,.F.);
#2230=ORIENTED_EDGE('',*,*,#4004,.F.);
#2231=ORIENTED_EDGE('',*,*,#4000,.F.);
#2232=ORIENTED_EDGE('',*,*,#4005,.F.);
#2233=ORIENTED_EDGE('',*,*,#4006,.F.);
#2234=ORIENTED_EDGE('',*,*,#3615,.T.);
#2235=ORIENTED_EDGE('',*,*,#4001,.F.);
#2236=ORIENTED_EDGE('',*,*,#4004,.T.);
#2237=ORIENTED_EDGE('',*,*,#4007,.F.);
#2238=ORIENTED_EDGE('',*,*,#4005,.T.);
#2239=ORIENTED_EDGE('',*,*,#3999,.F.);
#2240=ORIENTED_EDGE('',*,*,#3621,.T.);
#2241=ORIENTED_EDGE('',*,*,#4008,.F.);
#2242=ORIENTED_EDGE('',*,*,#4002,.F.);
#2243=ORIENTED_EDGE('',*,*,#3580,.F.);
#2244=ORIENTED_EDGE('',*,*,#4009,.F.);
#2245=ORIENTED_EDGE('',*,*,#3497,.T.);
#2246=ORIENTED_EDGE('',*,*,#4010,.F.);
#2247=ORIENTED_EDGE('',*,*,#4011,.F.);
#2248=ORIENTED_EDGE('',*,*,#3533,.F.);
#2249=ORIENTED_EDGE('',*,*,#3611,.T.);
#2250=ORIENTED_EDGE('',*,*,#3435,.T.);
#2251=ORIENTED_EDGE('',*,*,#4012,.F.);
#2252=ORIENTED_EDGE('',*,*,#3573,.T.);
#2253=ORIENTED_EDGE('',*,*,#3505,.F.);
#2254=ORIENTED_EDGE('',*,*,#4013,.T.);
#2255=ORIENTED_EDGE('',*,*,#3481,.T.);
#2256=ORIENTED_EDGE('',*,*,#3550,.T.);
#2257=ORIENTED_EDGE('',*,*,#3572,.T.);
#2258=ORIENTED_EDGE('',*,*,#4014,.T.);
#2259=ORIENTED_EDGE('',*,*,#4015,.T.);
#2260=ORIENTED_EDGE('',*,*,#3503,.F.);
#2261=ORIENTED_EDGE('',*,*,#3841,.T.);
#2262=ORIENTED_EDGE('',*,*,#3837,.T.);
#2263=ORIENTED_EDGE('',*,*,#3849,.T.);
#2264=ORIENTED_EDGE('',*,*,#3529,.T.);
#2265=ORIENTED_EDGE('',*,*,#4011,.T.);
#2266=ORIENTED_EDGE('',*,*,#4016,.T.);
#2267=ORIENTED_EDGE('',*,*,#4017,.F.);
#2268=ORIENTED_EDGE('',*,*,#4013,.F.);
#2269=ORIENTED_EDGE('',*,*,#3504,.T.);
#2270=ORIENTED_EDGE('',*,*,#4015,.F.);
#2271=ORIENTED_EDGE('',*,*,#4018,.T.);
#2272=ORIENTED_EDGE('',*,*,#4010,.T.);
#2273=ORIENTED_EDGE('',*,*,#3496,.T.);
#2274=ORIENTED_EDGE('',*,*,#3613,.T.);
#2275=ORIENTED_EDGE('',*,*,#4014,.F.);
#2276=ORIENTED_EDGE('',*,*,#4012,.T.);
#2277=ORIENTED_EDGE('',*,*,#4019,.F.);
#2278=ORIENTED_EDGE('',*,*,#4018,.F.);
#2279=ORIENTED_EDGE('',*,*,#3482,.F.);
#2280=ORIENTED_EDGE('',*,*,#4016,.F.);
#2281=ORIENTED_EDGE('',*,*,#4019,.T.);
#2282=ORIENTED_EDGE('',*,*,#4017,.T.);
#2283=ORIENTED_EDGE('',*,*,#4020,.F.);
#2284=ORIENTED_EDGE('',*,*,#4009,.T.);
#2285=ORIENTED_EDGE('',*,*,#3996,.F.);
#2286=ORIENTED_EDGE('',*,*,#3595,.F.);
#2287=ORIENTED_EDGE('',*,*,#3887,.F.);
#2288=ORIENTED_EDGE('',*,*,#4006,.T.);
#2289=ORIENTED_EDGE('',*,*,#4003,.T.);
#2290=ORIENTED_EDGE('',*,*,#4007,.T.);
#2291=ORIENTED_EDGE('',*,*,#3993,.F.);
#2292=ORIENTED_EDGE('',*,*,#4021,.T.);
#2293=ORIENTED_EDGE('',*,*,#4022,.F.);
#2294=ORIENTED_EDGE('',*,*,#4021,.F.);
#2295=ORIENTED_EDGE('',*,*,#3995,.F.);
#2296=ORIENTED_EDGE('',*,*,#3998,.T.);
#2297=ORIENTED_EDGE('',*,*,#3997,.T.);
#2298=ORIENTED_EDGE('',*,*,#4008,.T.);
#2299=ORIENTED_EDGE('',*,*,#4020,.T.);
#2300=ORIENTED_EDGE('',*,*,#4022,.T.);
#2301=ORIENTED_EDGE('',*,*,#4023,.F.);
#2302=ORIENTED_EDGE('',*,*,#4024,.F.);
#2303=ORIENTED_EDGE('',*,*,#4025,.F.);
#2304=ORIENTED_EDGE('',*,*,#4026,.F.);
#2305=ORIENTED_EDGE('',*,*,#4027,.F.);
#2306=ORIENTED_EDGE('',*,*,#4028,.F.);
#2307=ORIENTED_EDGE('',*,*,#4029,.F.);
#2308=ORIENTED_EDGE('',*,*,#4030,.F.);
#2309=ORIENTED_EDGE('',*,*,#4031,.F.);
#2310=ORIENTED_EDGE('',*,*,#4032,.F.);
#2311=ORIENTED_EDGE('',*,*,#4023,.T.);
#2312=ORIENTED_EDGE('',*,*,#4033,.T.);
#2313=ORIENTED_EDGE('',*,*,#3679,.F.);
#2314=ORIENTED_EDGE('',*,*,#4034,.F.);
#2315=ORIENTED_EDGE('',*,*,#4024,.T.);
#2316=ORIENTED_EDGE('',*,*,#4034,.T.);
#2317=ORIENTED_EDGE('',*,*,#3678,.F.);
#2318=ORIENTED_EDGE('',*,*,#4035,.F.);
#2319=ORIENTED_EDGE('',*,*,#4025,.T.);
#2320=ORIENTED_EDGE('',*,*,#4035,.T.);
#2321=ORIENTED_EDGE('',*,*,#3677,.F.);
#2322=ORIENTED_EDGE('',*,*,#4036,.F.);
#2323=ORIENTED_EDGE('',*,*,#4026,.T.);
#2324=ORIENTED_EDGE('',*,*,#4036,.T.);
#2325=ORIENTED_EDGE('',*,*,#3676,.F.);
#2326=ORIENTED_EDGE('',*,*,#4037,.F.);
#2327=ORIENTED_EDGE('',*,*,#4027,.T.);
#2328=ORIENTED_EDGE('',*,*,#4037,.T.);
#2329=ORIENTED_EDGE('',*,*,#3675,.F.);
#2330=ORIENTED_EDGE('',*,*,#4038,.F.);
#2331=ORIENTED_EDGE('',*,*,#4028,.T.);
#2332=ORIENTED_EDGE('',*,*,#4038,.T.);
#2333=ORIENTED_EDGE('',*,*,#3674,.F.);
#2334=ORIENTED_EDGE('',*,*,#4039,.F.);
#2335=ORIENTED_EDGE('',*,*,#4029,.T.);
#2336=ORIENTED_EDGE('',*,*,#4039,.T.);
#2337=ORIENTED_EDGE('',*,*,#3673,.F.);
#2338=ORIENTED_EDGE('',*,*,#4040,.F.);
#2339=ORIENTED_EDGE('',*,*,#4030,.T.);
#2340=ORIENTED_EDGE('',*,*,#4040,.T.);
#2341=ORIENTED_EDGE('',*,*,#3672,.F.);
#2342=ORIENTED_EDGE('',*,*,#4041,.F.);
#2343=ORIENTED_EDGE('',*,*,#4031,.T.);
#2344=ORIENTED_EDGE('',*,*,#4041,.T.);
#2345=ORIENTED_EDGE('',*,*,#3671,.F.);
#2346=ORIENTED_EDGE('',*,*,#4042,.F.);
#2347=ORIENTED_EDGE('',*,*,#4032,.T.);
#2348=ORIENTED_EDGE('',*,*,#4042,.T.);
#2349=ORIENTED_EDGE('',*,*,#3670,.F.);
#2350=ORIENTED_EDGE('',*,*,#4033,.F.);
#2351=ORIENTED_EDGE('',*,*,#4043,.F.);
#2352=ORIENTED_EDGE('',*,*,#4044,.F.);
#2353=ORIENTED_EDGE('',*,*,#4045,.F.);
#2354=ORIENTED_EDGE('',*,*,#4046,.F.);
#2355=ORIENTED_EDGE('',*,*,#4047,.F.);
#2356=ORIENTED_EDGE('',*,*,#4048,.F.);
#2357=ORIENTED_EDGE('',*,*,#4049,.F.);
#2358=ORIENTED_EDGE('',*,*,#4050,.F.);
#2359=ORIENTED_EDGE('',*,*,#4051,.F.);
#2360=ORIENTED_EDGE('',*,*,#4043,.T.);
#2361=ORIENTED_EDGE('',*,*,#4052,.T.);
#2362=ORIENTED_EDGE('',*,*,#3688,.F.);
#2363=ORIENTED_EDGE('',*,*,#4053,.F.);
#2364=ORIENTED_EDGE('',*,*,#4044,.T.);
#2365=ORIENTED_EDGE('',*,*,#4053,.T.);
#2366=ORIENTED_EDGE('',*,*,#3687,.F.);
#2367=ORIENTED_EDGE('',*,*,#4054,.F.);
#2368=ORIENTED_EDGE('',*,*,#4045,.T.);
#2369=ORIENTED_EDGE('',*,*,#4054,.T.);
#2370=ORIENTED_EDGE('',*,*,#3686,.F.);
#2371=ORIENTED_EDGE('',*,*,#4055,.F.);
#2372=ORIENTED_EDGE('',*,*,#4046,.T.);
#2373=ORIENTED_EDGE('',*,*,#4055,.T.);
#2374=ORIENTED_EDGE('',*,*,#3685,.F.);
#2375=ORIENTED_EDGE('',*,*,#4056,.F.);
#2376=ORIENTED_EDGE('',*,*,#4047,.T.);
#2377=ORIENTED_EDGE('',*,*,#4056,.T.);
#2378=ORIENTED_EDGE('',*,*,#3684,.F.);
#2379=ORIENTED_EDGE('',*,*,#4057,.F.);
#2380=ORIENTED_EDGE('',*,*,#4048,.T.);
#2381=ORIENTED_EDGE('',*,*,#4057,.T.);
#2382=ORIENTED_EDGE('',*,*,#3683,.F.);
#2383=ORIENTED_EDGE('',*,*,#4058,.F.);
#2384=ORIENTED_EDGE('',*,*,#4049,.T.);
#2385=ORIENTED_EDGE('',*,*,#4058,.T.);
#2386=ORIENTED_EDGE('',*,*,#3682,.F.);
#2387=ORIENTED_EDGE('',*,*,#4059,.F.);
#2388=ORIENTED_EDGE('',*,*,#4050,.T.);
#2389=ORIENTED_EDGE('',*,*,#4059,.T.);
#2390=ORIENTED_EDGE('',*,*,#3681,.F.);
#2391=ORIENTED_EDGE('',*,*,#4060,.F.);
#2392=ORIENTED_EDGE('',*,*,#4051,.T.);
#2393=ORIENTED_EDGE('',*,*,#4060,.T.);
#2394=ORIENTED_EDGE('',*,*,#3680,.F.);
#2395=ORIENTED_EDGE('',*,*,#4052,.F.);
#2396=ORIENTED_EDGE('',*,*,#4061,.F.);
#2397=ORIENTED_EDGE('',*,*,#4062,.F.);
#2398=ORIENTED_EDGE('',*,*,#4063,.F.);
#2399=ORIENTED_EDGE('',*,*,#4064,.F.);
#2400=ORIENTED_EDGE('',*,*,#4065,.F.);
#2401=ORIENTED_EDGE('',*,*,#4066,.F.);
#2402=ORIENTED_EDGE('',*,*,#4067,.F.);
#2403=ORIENTED_EDGE('',*,*,#4068,.F.);
#2404=ORIENTED_EDGE('',*,*,#4069,.F.);
#2405=ORIENTED_EDGE('',*,*,#4070,.F.);
#2406=ORIENTED_EDGE('',*,*,#4061,.T.);
#2407=ORIENTED_EDGE('',*,*,#4071,.T.);
#2408=ORIENTED_EDGE('',*,*,#3698,.F.);
#2409=ORIENTED_EDGE('',*,*,#4072,.F.);
#2410=ORIENTED_EDGE('',*,*,#4062,.T.);
#2411=ORIENTED_EDGE('',*,*,#4072,.T.);
#2412=ORIENTED_EDGE('',*,*,#3697,.F.);
#2413=ORIENTED_EDGE('',*,*,#4073,.F.);
#2414=ORIENTED_EDGE('',*,*,#4063,.T.);
#2415=ORIENTED_EDGE('',*,*,#4073,.T.);
#2416=ORIENTED_EDGE('',*,*,#3696,.F.);
#2417=ORIENTED_EDGE('',*,*,#4074,.F.);
#2418=ORIENTED_EDGE('',*,*,#4064,.T.);
#2419=ORIENTED_EDGE('',*,*,#4074,.T.);
#2420=ORIENTED_EDGE('',*,*,#3695,.F.);
#2421=ORIENTED_EDGE('',*,*,#4075,.F.);
#2422=ORIENTED_EDGE('',*,*,#4065,.T.);
#2423=ORIENTED_EDGE('',*,*,#4075,.T.);
#2424=ORIENTED_EDGE('',*,*,#3694,.F.);
#2425=ORIENTED_EDGE('',*,*,#4076,.F.);
#2426=ORIENTED_EDGE('',*,*,#4066,.T.);
#2427=ORIENTED_EDGE('',*,*,#4076,.T.);
#2428=ORIENTED_EDGE('',*,*,#3693,.F.);
#2429=ORIENTED_EDGE('',*,*,#4077,.F.);
#2430=ORIENTED_EDGE('',*,*,#4067,.T.);
#2431=ORIENTED_EDGE('',*,*,#4077,.T.);
#2432=ORIENTED_EDGE('',*,*,#3692,.F.);
#2433=ORIENTED_EDGE('',*,*,#4078,.F.);
#2434=ORIENTED_EDGE('',*,*,#4068,.T.);
#2435=ORIENTED_EDGE('',*,*,#4078,.T.);
#2436=ORIENTED_EDGE('',*,*,#3691,.F.);
#2437=ORIENTED_EDGE('',*,*,#4079,.F.);
#2438=ORIENTED_EDGE('',*,*,#4069,.T.);
#2439=ORIENTED_EDGE('',*,*,#4079,.T.);
#2440=ORIENTED_EDGE('',*,*,#3690,.F.);
#2441=ORIENTED_EDGE('',*,*,#4080,.F.);
#2442=ORIENTED_EDGE('',*,*,#4070,.T.);
#2443=ORIENTED_EDGE('',*,*,#4080,.T.);
#2444=ORIENTED_EDGE('',*,*,#3689,.F.);
#2445=ORIENTED_EDGE('',*,*,#4071,.F.);
#2446=ORIENTED_EDGE('',*,*,#4081,.F.);
#2447=ORIENTED_EDGE('',*,*,#4082,.F.);
#2448=ORIENTED_EDGE('',*,*,#4083,.F.);
#2449=ORIENTED_EDGE('',*,*,#4084,.F.);
#2450=ORIENTED_EDGE('',*,*,#4085,.F.);
#2451=ORIENTED_EDGE('',*,*,#4086,.F.);
#2452=ORIENTED_EDGE('',*,*,#4087,.F.);
#2453=ORIENTED_EDGE('',*,*,#4088,.F.);
#2454=ORIENTED_EDGE('',*,*,#4089,.F.);
#2455=ORIENTED_EDGE('',*,*,#4081,.T.);
#2456=ORIENTED_EDGE('',*,*,#4090,.T.);
#2457=ORIENTED_EDGE('',*,*,#3707,.F.);
#2458=ORIENTED_EDGE('',*,*,#4091,.F.);
#2459=ORIENTED_EDGE('',*,*,#4082,.T.);
#2460=ORIENTED_EDGE('',*,*,#4091,.T.);
#2461=ORIENTED_EDGE('',*,*,#3706,.F.);
#2462=ORIENTED_EDGE('',*,*,#4092,.F.);
#2463=ORIENTED_EDGE('',*,*,#4083,.T.);
#2464=ORIENTED_EDGE('',*,*,#4092,.T.);
#2465=ORIENTED_EDGE('',*,*,#3705,.F.);
#2466=ORIENTED_EDGE('',*,*,#4093,.F.);
#2467=ORIENTED_EDGE('',*,*,#4084,.T.);
#2468=ORIENTED_EDGE('',*,*,#4093,.T.);
#2469=ORIENTED_EDGE('',*,*,#3704,.F.);
#2470=ORIENTED_EDGE('',*,*,#4094,.F.);
#2471=ORIENTED_EDGE('',*,*,#4085,.T.);
#2472=ORIENTED_EDGE('',*,*,#4094,.T.);
#2473=ORIENTED_EDGE('',*,*,#3703,.F.);
#2474=ORIENTED_EDGE('',*,*,#4095,.F.);
#2475=ORIENTED_EDGE('',*,*,#4086,.T.);
#2476=ORIENTED_EDGE('',*,*,#4095,.T.);
#2477=ORIENTED_EDGE('',*,*,#3702,.F.);
#2478=ORIENTED_EDGE('',*,*,#4096,.F.);
#2479=ORIENTED_EDGE('',*,*,#4087,.T.);
#2480=ORIENTED_EDGE('',*,*,#4096,.T.);
#2481=ORIENTED_EDGE('',*,*,#3701,.F.);
#2482=ORIENTED_EDGE('',*,*,#4097,.F.);
#2483=ORIENTED_EDGE('',*,*,#4088,.T.);
#2484=ORIENTED_EDGE('',*,*,#4097,.T.);
#2485=ORIENTED_EDGE('',*,*,#3700,.F.);
#2486=ORIENTED_EDGE('',*,*,#4098,.F.);
#2487=ORIENTED_EDGE('',*,*,#4089,.T.);
#2488=ORIENTED_EDGE('',*,*,#4098,.T.);
#2489=ORIENTED_EDGE('',*,*,#3699,.F.);
#2490=ORIENTED_EDGE('',*,*,#4090,.F.);
#2491=ORIENTED_EDGE('',*,*,#4099,.F.);
#2492=ORIENTED_EDGE('',*,*,#4100,.F.);
#2493=ORIENTED_EDGE('',*,*,#4101,.F.);
#2494=ORIENTED_EDGE('',*,*,#4102,.F.);
#2495=ORIENTED_EDGE('',*,*,#4103,.F.);
#2496=ORIENTED_EDGE('',*,*,#4104,.F.);
#2497=ORIENTED_EDGE('',*,*,#4105,.F.);
#2498=ORIENTED_EDGE('',*,*,#4106,.F.);
#2499=ORIENTED_EDGE('',*,*,#4099,.T.);
#2500=ORIENTED_EDGE('',*,*,#4107,.T.);
#2501=ORIENTED_EDGE('',*,*,#3715,.F.);
#2502=ORIENTED_EDGE('',*,*,#4108,.F.);
#2503=ORIENTED_EDGE('',*,*,#4100,.T.);
#2504=ORIENTED_EDGE('',*,*,#4108,.T.);
#2505=ORIENTED_EDGE('',*,*,#3714,.F.);
#2506=ORIENTED_EDGE('',*,*,#4109,.F.);
#2507=ORIENTED_EDGE('',*,*,#4101,.T.);
#2508=ORIENTED_EDGE('',*,*,#4109,.T.);
#2509=ORIENTED_EDGE('',*,*,#3713,.F.);
#2510=ORIENTED_EDGE('',*,*,#4110,.F.);
#2511=ORIENTED_EDGE('',*,*,#4102,.T.);
#2512=ORIENTED_EDGE('',*,*,#4110,.T.);
#2513=ORIENTED_EDGE('',*,*,#3712,.F.);
#2514=ORIENTED_EDGE('',*,*,#4111,.F.);
#2515=ORIENTED_EDGE('',*,*,#4103,.T.);
#2516=ORIENTED_EDGE('',*,*,#4111,.T.);
#2517=ORIENTED_EDGE('',*,*,#3711,.F.);
#2518=ORIENTED_EDGE('',*,*,#4112,.F.);
#2519=ORIENTED_EDGE('',*,*,#4104,.T.);
#2520=ORIENTED_EDGE('',*,*,#4112,.T.);
#2521=ORIENTED_EDGE('',*,*,#3710,.F.);
#2522=ORIENTED_EDGE('',*,*,#4113,.F.);
#2523=ORIENTED_EDGE('',*,*,#4105,.T.);
#2524=ORIENTED_EDGE('',*,*,#4113,.T.);
#2525=ORIENTED_EDGE('',*,*,#3709,.F.);
#2526=ORIENTED_EDGE('',*,*,#4114,.F.);
#2527=ORIENTED_EDGE('',*,*,#4106,.T.);
#2528=ORIENTED_EDGE('',*,*,#4114,.T.);
#2529=ORIENTED_EDGE('',*,*,#3708,.F.);
#2530=ORIENTED_EDGE('',*,*,#4107,.F.);
#2531=ORIENTED_EDGE('',*,*,#3474,.T.);
#2532=ORIENTED_EDGE('',*,*,#4115,.T.);
#2533=ORIENTED_EDGE('',*,*,#3456,.F.);
#2534=ORIENTED_EDGE('',*,*,#3513,.F.);
#2535=ORIENTED_EDGE('',*,*,#3889,.F.);
#2536=ORIENTED_EDGE('',*,*,#3139,.T.);
#2537=ORIENTED_EDGE('',*,*,#3318,.T.);
#2538=ORIENTED_EDGE('',*,*,#3625,.T.);
#2539=ORIENTED_EDGE('',*,*,#3457,.F.);
#2540=ORIENTED_EDGE('',*,*,#4115,.F.);
#2541=ORIENTED_EDGE('',*,*,#4116,.F.);
#2542=ORIENTED_EDGE('',*,*,#4117,.F.);
#2543=ORIENTED_EDGE('',*,*,#4118,.T.);
#2544=ORIENTED_EDGE('',*,*,#4119,.T.);
#2545=ORIENTED_EDGE('',*,*,#4120,.T.);
#2546=ORIENTED_EDGE('',*,*,#4121,.T.);
#2547=ORIENTED_EDGE('',*,*,#4119,.F.);
#2548=ORIENTED_EDGE('',*,*,#4122,.T.);
#2549=ORIENTED_EDGE('',*,*,#4123,.T.);
#2550=ORIENTED_EDGE('',*,*,#4124,.T.);
#2551=ORIENTED_EDGE('',*,*,#4125,.F.);
#2552=ORIENTED_EDGE('',*,*,#4126,.T.);
#2553=ORIENTED_EDGE('',*,*,#4127,.T.);
#2554=ORIENTED_EDGE('',*,*,#4128,.T.);
#2555=ORIENTED_EDGE('',*,*,#4129,.F.);
#2556=ORIENTED_EDGE('',*,*,#4130,.T.);
#2557=ORIENTED_EDGE('',*,*,#4131,.T.);
#2558=ORIENTED_EDGE('',*,*,#4132,.T.);
#2559=ORIENTED_EDGE('',*,*,#4133,.F.);
#2560=ORIENTED_EDGE('',*,*,#4134,.T.);
#2561=ORIENTED_EDGE('',*,*,#4135,.T.);
#2562=ORIENTED_EDGE('',*,*,#4136,.T.);
#2563=ORIENTED_EDGE('',*,*,#4137,.T.);
#2564=ORIENTED_EDGE('',*,*,#4138,.T.);
#2565=ORIENTED_EDGE('',*,*,#4132,.F.);
#2566=ORIENTED_EDGE('',*,*,#4139,.F.);
#2567=ORIENTED_EDGE('',*,*,#4140,.F.);
#2568=ORIENTED_EDGE('',*,*,#4141,.F.);
#2569=ORIENTED_EDGE('',*,*,#4142,.T.);
#2570=ORIENTED_EDGE('',*,*,#4143,.T.);
#2571=ORIENTED_EDGE('',*,*,#4144,.F.);
#2572=ORIENTED_EDGE('',*,*,#4145,.T.);
#2573=ORIENTED_EDGE('',*,*,#4146,.F.);
#2574=ORIENTED_EDGE('',*,*,#4147,.T.);
#2575=ORIENTED_EDGE('',*,*,#4148,.F.);
#2576=ORIENTED_EDGE('',*,*,#4149,.T.);
#2577=ORIENTED_EDGE('',*,*,#4150,.F.);
#2578=ORIENTED_EDGE('',*,*,#4151,.F.);
#2579=ORIENTED_EDGE('',*,*,#4152,.F.);
#2580=ORIENTED_EDGE('',*,*,#4153,.F.);
#2581=ORIENTED_EDGE('',*,*,#4154,.F.);
#2582=ORIENTED_EDGE('',*,*,#4155,.T.);
#2583=ORIENTED_EDGE('',*,*,#4156,.F.);
#2584=ORIENTED_EDGE('',*,*,#4157,.T.);
#2585=ORIENTED_EDGE('',*,*,#4158,.F.);
#2586=ORIENTED_EDGE('',*,*,#4159,.F.);
#2587=ORIENTED_EDGE('',*,*,#4160,.T.);
#2588=ORIENTED_EDGE('',*,*,#4161,.F.);
#2589=ORIENTED_EDGE('',*,*,#4162,.F.);
#2590=ORIENTED_EDGE('',*,*,#4163,.T.);
#2591=ORIENTED_EDGE('',*,*,#4164,.F.);
#2592=ORIENTED_EDGE('',*,*,#4165,.F.);
#2593=ORIENTED_EDGE('',*,*,#4166,.T.);
#2594=ORIENTED_EDGE('',*,*,#4167,.F.);
#2595=ORIENTED_EDGE('',*,*,#4168,.T.);
#2596=ORIENTED_EDGE('',*,*,#4169,.T.);
#2597=ORIENTED_EDGE('',*,*,#4170,.T.);
#2598=ORIENTED_EDGE('',*,*,#4171,.T.);
#2599=ORIENTED_EDGE('',*,*,#4172,.T.);
#2600=ORIENTED_EDGE('',*,*,#4160,.F.);
#2601=ORIENTED_EDGE('',*,*,#4173,.T.);
#2602=ORIENTED_EDGE('',*,*,#4174,.T.);
#2603=ORIENTED_EDGE('',*,*,#4166,.F.);
#2604=ORIENTED_EDGE('',*,*,#4175,.T.);
#2605=ORIENTED_EDGE('',*,*,#4171,.F.);
#2606=ORIENTED_EDGE('',*,*,#4176,.F.);
#2607=ORIENTED_EDGE('',*,*,#4130,.F.);
#2608=ORIENTED_EDGE('',*,*,#4177,.T.);
#2609=ORIENTED_EDGE('',*,*,#4178,.F.);
#2610=ORIENTED_EDGE('',*,*,#4162,.T.);
#2611=ORIENTED_EDGE('',*,*,#4179,.F.);
#2612=ORIENTED_EDGE('',*,*,#4180,.F.);
#2613=ORIENTED_EDGE('',*,*,#4181,.F.);
#2614=ORIENTED_EDGE('',*,*,#4157,.F.);
#2615=ORIENTED_EDGE('',*,*,#4182,.F.);
#2616=ORIENTED_EDGE('',*,*,#4182,.T.);
#2617=ORIENTED_EDGE('',*,*,#4183,.T.);
#2618=ORIENTED_EDGE('',*,*,#4183,.F.);
#2619=ORIENTED_EDGE('',*,*,#4184,.F.);
#2620=ORIENTED_EDGE('',*,*,#4184,.T.);
#2621=ORIENTED_EDGE('',*,*,#4122,.F.);
#2622=ORIENTED_EDGE('',*,*,#4185,.T.);
#2623=ORIENTED_EDGE('',*,*,#4149,.F.);
#2624=ORIENTED_EDGE('',*,*,#4186,.F.);
#2625=ORIENTED_EDGE('',*,*,#4187,.F.);
#2626=ORIENTED_EDGE('',*,*,#4188,.T.);
#2627=ORIENTED_EDGE('',*,*,#4189,.T.);
#2628=ORIENTED_EDGE('',*,*,#4118,.F.);
#2629=ORIENTED_EDGE('',*,*,#4190,.F.);
#2630=ORIENTED_EDGE('',*,*,#4150,.T.);
#2631=ORIENTED_EDGE('',*,*,#4185,.F.);
#2632=ORIENTED_EDGE('',*,*,#4191,.T.);
#2633=ORIENTED_EDGE('',*,*,#4169,.F.);
#2634=ORIENTED_EDGE('',*,*,#4192,.T.);
#2635=ORIENTED_EDGE('',*,*,#4193,.T.);
#2636=ORIENTED_EDGE('',*,*,#4194,.T.);
#2637=ORIENTED_EDGE('',*,*,#4195,.F.);
#2638=ORIENTED_EDGE('',*,*,#4187,.T.);
#2639=ORIENTED_EDGE('',*,*,#4196,.T.);
#2640=ORIENTED_EDGE('',*,*,#4197,.T.);
#2641=ORIENTED_EDGE('',*,*,#4198,.T.);
#2642=ORIENTED_EDGE('',*,*,#4126,.F.);
#2643=ORIENTED_EDGE('',*,*,#4199,.T.);
#2644=ORIENTED_EDGE('',*,*,#4155,.F.);
#2645=ORIENTED_EDGE('',*,*,#4200,.F.);
#2646=ORIENTED_EDGE('',*,*,#4192,.F.);
#2647=ORIENTED_EDGE('',*,*,#4168,.F.);
#2648=ORIENTED_EDGE('',*,*,#4201,.T.);
#2649=ORIENTED_EDGE('',*,*,#4202,.F.);
#2650=ORIENTED_EDGE('',*,*,#4203,.F.);
#2651=ORIENTED_EDGE('',*,*,#4173,.F.);
#2652=ORIENTED_EDGE('',*,*,#4159,.T.);
#2653=ORIENTED_EDGE('',*,*,#4204,.F.);
#2654=ORIENTED_EDGE('',*,*,#4205,.F.);
#2655=ORIENTED_EDGE('',*,*,#4180,.T.);
#2656=ORIENTED_EDGE('',*,*,#4156,.T.);
#2657=ORIENTED_EDGE('',*,*,#4199,.F.);
#2658=ORIENTED_EDGE('',*,*,#4206,.F.);
#2659=ORIENTED_EDGE('',*,*,#4176,.T.);
#2660=ORIENTED_EDGE('',*,*,#4203,.T.);
#2661=ORIENTED_EDGE('',*,*,#4207,.F.);
#2662=ORIENTED_EDGE('',*,*,#4208,.F.);
#2663=ORIENTED_EDGE('',*,*,#4209,.T.);
#2664=ORIENTED_EDGE('',*,*,#4210,.F.);
#2665=ORIENTED_EDGE('',*,*,#4211,.F.);
#2666=ORIENTED_EDGE('',*,*,#4212,.T.);
#2667=ORIENTED_EDGE('',*,*,#4213,.F.);
#2668=ORIENTED_EDGE('',*,*,#4214,.T.);
#2669=ORIENTED_EDGE('',*,*,#4197,.F.);
#2670=ORIENTED_EDGE('',*,*,#4145,.F.);
#2671=ORIENTED_EDGE('',*,*,#4215,.F.);
#2672=ORIENTED_EDGE('',*,*,#4216,.F.);
#2673=ORIENTED_EDGE('',*,*,#4188,.F.);
#2674=ORIENTED_EDGE('',*,*,#4195,.T.);
#2675=ORIENTED_EDGE('',*,*,#4217,.F.);
#2676=ORIENTED_EDGE('',*,*,#4210,.T.);
#2677=ORIENTED_EDGE('',*,*,#4218,.F.);
#2678=ORIENTED_EDGE('',*,*,#4219,.T.);
#2679=ORIENTED_EDGE('',*,*,#4220,.F.);
#2680=ORIENTED_EDGE('',*,*,#4212,.F.);
#2681=ORIENTED_EDGE('',*,*,#4221,.T.);
#2682=ORIENTED_EDGE('',*,*,#4218,.T.);
#2683=ORIENTED_EDGE('',*,*,#4211,.T.);
#2684=ORIENTED_EDGE('',*,*,#4217,.T.);
#2685=ORIENTED_EDGE('',*,*,#4194,.F.);
#2686=ORIENTED_EDGE('',*,*,#4222,.T.);
#2687=ORIENTED_EDGE('',*,*,#4146,.T.);
#2688=ORIENTED_EDGE('',*,*,#4196,.F.);
#2689=ORIENTED_EDGE('',*,*,#4186,.T.);
#2690=ORIENTED_EDGE('',*,*,#4148,.T.);
#2691=ORIENTED_EDGE('',*,*,#4223,.F.);
#2692=ORIENTED_EDGE('',*,*,#4152,.T.);
#2693=ORIENTED_EDGE('',*,*,#4224,.F.);
#2694=ORIENTED_EDGE('',*,*,#4219,.F.);
#2695=ORIENTED_EDGE('',*,*,#4221,.F.);
#2696=ORIENTED_EDGE('',*,*,#4222,.F.);
#2697=ORIENTED_EDGE('',*,*,#4225,.T.);
#2698=ORIENTED_EDGE('',*,*,#4153,.T.);
#2699=ORIENTED_EDGE('',*,*,#4223,.T.);
#2700=ORIENTED_EDGE('',*,*,#4193,.F.);
#2701=ORIENTED_EDGE('',*,*,#4200,.T.);
#2702=ORIENTED_EDGE('',*,*,#4154,.T.);
#2703=ORIENTED_EDGE('',*,*,#4225,.F.);
#2704=ORIENTED_EDGE('',*,*,#4226,.F.);
#2705=ORIENTED_EDGE('',*,*,#4227,.T.);
#2706=ORIENTED_EDGE('',*,*,#4140,.T.);
#2707=ORIENTED_EDGE('',*,*,#4228,.T.);
#2708=ORIENTED_EDGE('',*,*,#4139,.T.);
#2709=ORIENTED_EDGE('',*,*,#4135,.F.);
#2710=ORIENTED_EDGE('',*,*,#4229,.T.);
#2711=ORIENTED_EDGE('',*,*,#4228,.F.);
#2712=ORIENTED_EDGE('',*,*,#4230,.F.);
#2713=ORIENTED_EDGE('',*,*,#4231,.F.);
#2714=ORIENTED_EDGE('',*,*,#4213,.T.);
#2715=ORIENTED_EDGE('',*,*,#4220,.T.);
#2716=ORIENTED_EDGE('',*,*,#4224,.T.);
#2717=ORIENTED_EDGE('',*,*,#4151,.T.);
#2718=ORIENTED_EDGE('',*,*,#4190,.T.);
#2719=ORIENTED_EDGE('',*,*,#4117,.T.);
#2720=ORIENTED_EDGE('',*,*,#4232,.F.);
#2721=ORIENTED_EDGE('',*,*,#4233,.T.);
#2722=ORIENTED_EDGE('',*,*,#4234,.F.);
#2723=ORIENTED_EDGE('',*,*,#4208,.T.);
#2724=ORIENTED_EDGE('',*,*,#4231,.T.);
#2725=ORIENTED_EDGE('',*,*,#4235,.F.);
#2726=ORIENTED_EDGE('',*,*,#4236,.F.);
#2727=ORIENTED_EDGE('',*,*,#4237,.F.);
#2728=ORIENTED_EDGE('',*,*,#4238,.F.);
#2729=ORIENTED_EDGE('',*,*,#4239,.F.);
#2730=ORIENTED_EDGE('',*,*,#4240,.F.);
#2731=ORIENTED_EDGE('',*,*,#4241,.T.);
#2732=ORIENTED_EDGE('',*,*,#4242,.F.);
#2733=ORIENTED_EDGE('',*,*,#4243,.F.);
#2734=ORIENTED_EDGE('',*,*,#4244,.F.);
#2735=ORIENTED_EDGE('',*,*,#4204,.T.);
#2736=ORIENTED_EDGE('',*,*,#4125,.T.);
#2737=ORIENTED_EDGE('',*,*,#4245,.T.);
#2738=ORIENTED_EDGE('',*,*,#4246,.F.);
#2739=ORIENTED_EDGE('',*,*,#4247,.F.);
#2740=ORIENTED_EDGE('',*,*,#4207,.T.);
#2741=ORIENTED_EDGE('',*,*,#4202,.T.);
#2742=ORIENTED_EDGE('',*,*,#4158,.T.);
#2743=ORIENTED_EDGE('',*,*,#4181,.T.);
#2744=ORIENTED_EDGE('',*,*,#4205,.T.);
#2745=ORIENTED_EDGE('',*,*,#4244,.T.);
#2746=ORIENTED_EDGE('',*,*,#4248,.F.);
#2747=ORIENTED_EDGE('',*,*,#4249,.T.);
#2748=ORIENTED_EDGE('',*,*,#4131,.F.);
#2749=ORIENTED_EDGE('',*,*,#4206,.T.);
#2750=ORIENTED_EDGE('',*,*,#4247,.T.);
#2751=ORIENTED_EDGE('',*,*,#4250,.F.);
#2752=ORIENTED_EDGE('',*,*,#4251,.F.);
#2753=ORIENTED_EDGE('',*,*,#4252,.T.);
#2754=ORIENTED_EDGE('',*,*,#4253,.T.);
#2755=ORIENTED_EDGE('',*,*,#4137,.F.);
#2756=ORIENTED_EDGE('',*,*,#4136,.F.);
#2757=ORIENTED_EDGE('',*,*,#4142,.F.);
#2758=ORIENTED_EDGE('',*,*,#4254,.F.);
#2759=ORIENTED_EDGE('',*,*,#4255,.F.);
#2760=ORIENTED_EDGE('',*,*,#4256,.T.);
#2761=ORIENTED_EDGE('',*,*,#4179,.T.);
#2762=ORIENTED_EDGE('',*,*,#4161,.T.);
#2763=ORIENTED_EDGE('',*,*,#4172,.F.);
#2764=ORIENTED_EDGE('',*,*,#4175,.F.);
#2765=ORIENTED_EDGE('',*,*,#4170,.F.);
#2766=ORIENTED_EDGE('',*,*,#4191,.F.);
#2767=ORIENTED_EDGE('',*,*,#4257,.F.);
#2768=ORIENTED_EDGE('',*,*,#4251,.T.);
#2769=ORIENTED_EDGE('',*,*,#4258,.F.);
#2770=ORIENTED_EDGE('',*,*,#4259,.T.);
#2771=ORIENTED_EDGE('',*,*,#4260,.T.);
#2772=ORIENTED_EDGE('',*,*,#4261,.T.);
#2773=ORIENTED_EDGE('',*,*,#4262,.T.);
#2774=ORIENTED_EDGE('',*,*,#4263,.F.);
#2775=ORIENTED_EDGE('',*,*,#4264,.F.);
#2776=ORIENTED_EDGE('',*,*,#4177,.F.);
#2777=ORIENTED_EDGE('',*,*,#4256,.F.);
#2778=ORIENTED_EDGE('',*,*,#4265,.F.);
#2779=ORIENTED_EDGE('',*,*,#4266,.T.);
#2780=ORIENTED_EDGE('',*,*,#4163,.F.);
#2781=ORIENTED_EDGE('',*,*,#4178,.T.);
#2782=ORIENTED_EDGE('',*,*,#4264,.T.);
#2783=ORIENTED_EDGE('',*,*,#4267,.F.);
#2784=ORIENTED_EDGE('',*,*,#4268,.F.);
#2785=ORIENTED_EDGE('',*,*,#4164,.T.);
#2786=ORIENTED_EDGE('',*,*,#4266,.F.);
#2787=ORIENTED_EDGE('',*,*,#4269,.T.);
#2788=ORIENTED_EDGE('',*,*,#4270,.F.);
#2789=ORIENTED_EDGE('',*,*,#4271,.F.);
#2790=ORIENTED_EDGE('',*,*,#4272,.T.);
#2791=ORIENTED_EDGE('',*,*,#4273,.F.);
#2792=ORIENTED_EDGE('',*,*,#4274,.F.);
#2793=ORIENTED_EDGE('',*,*,#4275,.T.);
#2794=ORIENTED_EDGE('',*,*,#4276,.F.);
#2795=ORIENTED_EDGE('',*,*,#4277,.F.);
#2796=ORIENTED_EDGE('',*,*,#4278,.F.);
#2797=ORIENTED_EDGE('',*,*,#4279,.T.);
#2798=ORIENTED_EDGE('',*,*,#4280,.T.);
#2799=ORIENTED_EDGE('',*,*,#4281,.F.);
#2800=ORIENTED_EDGE('',*,*,#4282,.F.);
#2801=ORIENTED_EDGE('',*,*,#4283,.T.);
#2802=ORIENTED_EDGE('',*,*,#4284,.T.);
#2803=ORIENTED_EDGE('',*,*,#4285,.T.);
#2804=ORIENTED_EDGE('',*,*,#4269,.F.);
#2805=ORIENTED_EDGE('',*,*,#4286,.T.);
#2806=ORIENTED_EDGE('',*,*,#4259,.F.);
#2807=ORIENTED_EDGE('',*,*,#4287,.F.);
#2808=ORIENTED_EDGE('',*,*,#4261,.F.);
#2809=ORIENTED_EDGE('',*,*,#4288,.F.);
#2810=ORIENTED_EDGE('',*,*,#4289,.T.);
#2811=ORIENTED_EDGE('',*,*,#4290,.F.);
#2812=ORIENTED_EDGE('',*,*,#4291,.T.);
#2813=ORIENTED_EDGE('',*,*,#4292,.T.);
#2814=ORIENTED_EDGE('',*,*,#4293,.T.);
#2815=ORIENTED_EDGE('',*,*,#4294,.F.);
#2816=ORIENTED_EDGE('',*,*,#4295,.T.);
#2817=ORIENTED_EDGE('',*,*,#4296,.T.);
#2818=ORIENTED_EDGE('',*,*,#4297,.T.);
#2819=ORIENTED_EDGE('',*,*,#4298,.T.);
#2820=ORIENTED_EDGE('',*,*,#4299,.F.);
#2821=ORIENTED_EDGE('',*,*,#4294,.T.);
#2822=ORIENTED_EDGE('',*,*,#4300,.F.);
#2823=ORIENTED_EDGE('',*,*,#4301,.F.);
#2824=ORIENTED_EDGE('',*,*,#4302,.F.);
#2825=ORIENTED_EDGE('',*,*,#4303,.F.);
#2826=ORIENTED_EDGE('',*,*,#4304,.T.);
#2827=ORIENTED_EDGE('',*,*,#4305,.F.);
#2828=ORIENTED_EDGE('',*,*,#4304,.F.);
#2829=ORIENTED_EDGE('',*,*,#4284,.F.);
#2830=ORIENTED_EDGE('',*,*,#4306,.F.);
#2831=ORIENTED_EDGE('',*,*,#4307,.F.);
#2832=ORIENTED_EDGE('',*,*,#4308,.T.);
#2833=ORIENTED_EDGE('',*,*,#4282,.T.);
#2834=ORIENTED_EDGE('',*,*,#4309,.F.);
#2835=ORIENTED_EDGE('',*,*,#4310,.F.);
#2836=ORIENTED_EDGE('',*,*,#4311,.F.);
#2837=ORIENTED_EDGE('',*,*,#4312,.T.);
#2838=ORIENTED_EDGE('',*,*,#4313,.F.);
#2839=ORIENTED_EDGE('',*,*,#4314,.T.);
#2840=ORIENTED_EDGE('',*,*,#4276,.T.);
#2841=ORIENTED_EDGE('',*,*,#4236,.T.);
#2842=ORIENTED_EDGE('',*,*,#4315,.F.);
#2843=ORIENTED_EDGE('',*,*,#4310,.T.);
#2844=ORIENTED_EDGE('',*,*,#4279,.F.);
#2845=ORIENTED_EDGE('',*,*,#4316,.T.);
#2846=ORIENTED_EDGE('',*,*,#4278,.T.);
#2847=ORIENTED_EDGE('',*,*,#4317,.T.);
#2848=ORIENTED_EDGE('',*,*,#4318,.F.);
#2849=ORIENTED_EDGE('',*,*,#4319,.F.);
#2850=ORIENTED_EDGE('',*,*,#4237,.T.);
#2851=ORIENTED_EDGE('',*,*,#4316,.F.);
#2852=ORIENTED_EDGE('',*,*,#4314,.F.);
#2853=ORIENTED_EDGE('',*,*,#4320,.F.);
#2854=ORIENTED_EDGE('',*,*,#4317,.F.);
#2855=ORIENTED_EDGE('',*,*,#4277,.T.);
#2856=ORIENTED_EDGE('',*,*,#4272,.F.);
#2857=ORIENTED_EDGE('',*,*,#4321,.T.);
#2858=ORIENTED_EDGE('',*,*,#4322,.F.);
#2859=ORIENTED_EDGE('',*,*,#4323,.F.);
#2860=ORIENTED_EDGE('',*,*,#4321,.F.);
#2861=ORIENTED_EDGE('',*,*,#4275,.F.);
#2862=ORIENTED_EDGE('',*,*,#4324,.T.);
#2863=ORIENTED_EDGE('',*,*,#4325,.F.);
#2864=ORIENTED_EDGE('',*,*,#4326,.F.);
#2865=ORIENTED_EDGE('',*,*,#4327,.T.);
#2866=ORIENTED_EDGE('',*,*,#4324,.F.);
#2867=ORIENTED_EDGE('',*,*,#4274,.T.);
#2868=ORIENTED_EDGE('',*,*,#4328,.T.);
#2869=ORIENTED_EDGE('',*,*,#4329,.F.);
#2870=ORIENTED_EDGE('',*,*,#4323,.T.);
#2871=ORIENTED_EDGE('',*,*,#4330,.F.);
#2872=ORIENTED_EDGE('',*,*,#4328,.F.);
#2873=ORIENTED_EDGE('',*,*,#4273,.T.);
#2874=ORIENTED_EDGE('',*,*,#4262,.F.);
#2875=ORIENTED_EDGE('',*,*,#4290,.T.);
#2876=ORIENTED_EDGE('',*,*,#4331,.T.);
#2877=ORIENTED_EDGE('',*,*,#4133,.T.);
#2878=ORIENTED_EDGE('',*,*,#4138,.F.);
#2879=ORIENTED_EDGE('',*,*,#4332,.F.);
#2880=ORIENTED_EDGE('',*,*,#4333,.T.);
#2881=ORIENTED_EDGE('',*,*,#4334,.F.);
#2882=ORIENTED_EDGE('',*,*,#4335,.T.);
#2883=ORIENTED_EDGE('',*,*,#4334,.T.);
#2884=ORIENTED_EDGE('',*,*,#4336,.T.);
#2885=ORIENTED_EDGE('',*,*,#4295,.F.);
#2886=ORIENTED_EDGE('',*,*,#4299,.T.);
#2887=ORIENTED_EDGE('',*,*,#4307,.T.);
#2888=ORIENTED_EDGE('',*,*,#4337,.T.);
#2889=ORIENTED_EDGE('',*,*,#4338,.T.);
#2890=ORIENTED_EDGE('',*,*,#4318,.T.);
#2891=ORIENTED_EDGE('',*,*,#4320,.T.);
#2892=ORIENTED_EDGE('',*,*,#4313,.T.);
#2893=ORIENTED_EDGE('',*,*,#4339,.T.);
#2894=ORIENTED_EDGE('',*,*,#4329,.T.);
#2895=ORIENTED_EDGE('',*,*,#4330,.T.);
#2896=ORIENTED_EDGE('',*,*,#4340,.F.);
#2897=ORIENTED_EDGE('',*,*,#4341,.T.);
#2898=ORIENTED_EDGE('',*,*,#4342,.F.);
#2899=ORIENTED_EDGE('',*,*,#4322,.T.);
#2900=ORIENTED_EDGE('',*,*,#4325,.T.);
#2901=ORIENTED_EDGE('',*,*,#4327,.F.);
#2902=ORIENTED_EDGE('',*,*,#4343,.F.);
#2903=ORIENTED_EDGE('',*,*,#4311,.T.);
#2904=ORIENTED_EDGE('',*,*,#4315,.T.);
#2905=ORIENTED_EDGE('',*,*,#4235,.T.);
#2906=ORIENTED_EDGE('',*,*,#4344,.T.);
#2907=ORIENTED_EDGE('',*,*,#4340,.T.);
#2908=ORIENTED_EDGE('',*,*,#4291,.F.);
#2909=ORIENTED_EDGE('',*,*,#4345,.F.);
#2910=ORIENTED_EDGE('',*,*,#4298,.F.);
#2911=ORIENTED_EDGE('',*,*,#4302,.T.);
#2912=ORIENTED_EDGE('',*,*,#4346,.F.);
#2913=ORIENTED_EDGE('',*,*,#4335,.F.);
#2914=ORIENTED_EDGE('',*,*,#4319,.T.);
#2915=ORIENTED_EDGE('',*,*,#4338,.F.);
#2916=ORIENTED_EDGE('',*,*,#4347,.F.);
#2917=ORIENTED_EDGE('',*,*,#4238,.T.);
#2918=ORIENTED_EDGE('',*,*,#4343,.T.);
#2919=ORIENTED_EDGE('',*,*,#4326,.T.);
#2920=ORIENTED_EDGE('',*,*,#4339,.F.);
#2921=ORIENTED_EDGE('',*,*,#4312,.F.);
#2922=ORIENTED_EDGE('',*,*,#4345,.T.);
#2923=ORIENTED_EDGE('',*,*,#4348,.F.);
#2924=ORIENTED_EDGE('',*,*,#4348,.T.);
#2925=ORIENTED_EDGE('',*,*,#4349,.T.);
#2926=ORIENTED_EDGE('',*,*,#4350,.F.);
#2927=ORIENTED_EDGE('',*,*,#4270,.T.);
#2928=ORIENTED_EDGE('',*,*,#4285,.F.);
#2929=ORIENTED_EDGE('',*,*,#4303,.T.);
#2930=ORIENTED_EDGE('',*,*,#4300,.T.);
#2931=ORIENTED_EDGE('',*,*,#4293,.F.);
#2932=ORIENTED_EDGE('',*,*,#4351,.F.);
#2933=ORIENTED_EDGE('',*,*,#3454,.F.);
#2934=ORIENTED_EDGE('',*,*,#4352,.T.);
#2935=ORIENTED_EDGE('',*,*,#4288,.T.);
#2936=ORIENTED_EDGE('',*,*,#4260,.F.);
#2937=ORIENTED_EDGE('',*,*,#4286,.F.);
#2938=ORIENTED_EDGE('',*,*,#4271,.T.);
#2939=ORIENTED_EDGE('',*,*,#4350,.T.);
#2940=ORIENTED_EDGE('',*,*,#4353,.F.);
#2941=ORIENTED_EDGE('',*,*,#4354,.F.);
#2942=ORIENTED_EDGE('',*,*,#4297,.F.);
#2943=ORIENTED_EDGE('',*,*,#4355,.T.);
#2944=ORIENTED_EDGE('',*,*,#3469,.F.);
#2945=ORIENTED_EDGE('',*,*,#3512,.F.);
#2946=ORIENTED_EDGE('',*,*,#4356,.T.);
#2947=ORIENTED_EDGE('',*,*,#4353,.T.);
#2948=ORIENTED_EDGE('',*,*,#4349,.F.);
#2949=ORIENTED_EDGE('',*,*,#4356,.F.);
#2950=ORIENTED_EDGE('',*,*,#4351,.T.);
#2951=ORIENTED_EDGE('',*,*,#4292,.F.);
#2952=ORIENTED_EDGE('',*,*,#4354,.T.);
#2953=ORIENTED_EDGE('',*,*,#4357,.T.);
#2954=ORIENTED_EDGE('',*,*,#4358,.F.);
#2955=ORIENTED_EDGE('',*,*,#4249,.F.);
#2956=ORIENTED_EDGE('',*,*,#4359,.T.);
#2957=ORIENTED_EDGE('',*,*,#4360,.F.);
#2958=ORIENTED_EDGE('',*,*,#4361,.F.);
#2959=ORIENTED_EDGE('',*,*,#4127,.F.);
#2960=ORIENTED_EDGE('',*,*,#4201,.F.);
#2961=ORIENTED_EDGE('',*,*,#4167,.T.);
#2962=ORIENTED_EDGE('',*,*,#4174,.F.);
#2963=ORIENTED_EDGE('',*,*,#4129,.T.);
#2964=ORIENTED_EDGE('',*,*,#4361,.T.);
#2965=ORIENTED_EDGE('',*,*,#4362,.F.);
#2966=ORIENTED_EDGE('',*,*,#4363,.F.);
#2967=ORIENTED_EDGE('',*,*,#4124,.F.);
#2968=ORIENTED_EDGE('',*,*,#4364,.T.);
#2969=ORIENTED_EDGE('',*,*,#4365,.F.);
#2970=ORIENTED_EDGE('',*,*,#4366,.F.);
#2971=ORIENTED_EDGE('',*,*,#4123,.F.);
#2972=ORIENTED_EDGE('',*,*,#4189,.F.);
#2973=ORIENTED_EDGE('',*,*,#4216,.T.);
#2974=ORIENTED_EDGE('',*,*,#4209,.F.);
#2975=ORIENTED_EDGE('',*,*,#4234,.T.);
#2976=ORIENTED_EDGE('',*,*,#4367,.T.);
#2977=ORIENTED_EDGE('',*,*,#4245,.F.);
#2978=ORIENTED_EDGE('',*,*,#4363,.T.);
#2979=ORIENTED_EDGE('',*,*,#4364,.F.);
#2980=ORIENTED_EDGE('',*,*,#4233,.F.);
#2981=ORIENTED_EDGE('',*,*,#4368,.T.);
#2982=ORIENTED_EDGE('',*,*,#4369,.T.);
#2983=ORIENTED_EDGE('',*,*,#4120,.F.);
#2984=ORIENTED_EDGE('',*,*,#4370,.T.);
#2985=ORIENTED_EDGE('',*,*,#4371,.F.);
#2986=ORIENTED_EDGE('',*,*,#4239,.T.);
#2987=ORIENTED_EDGE('',*,*,#4347,.T.);
#2988=ORIENTED_EDGE('',*,*,#4337,.F.);
#2989=ORIENTED_EDGE('',*,*,#4309,.T.);
#2990=ORIENTED_EDGE('',*,*,#4281,.T.);
#2991=ORIENTED_EDGE('',*,*,#4240,.T.);
#2992=ORIENTED_EDGE('',*,*,#4371,.T.);
#2993=ORIENTED_EDGE('',*,*,#4280,.F.);
#2994=ORIENTED_EDGE('',*,*,#4372,.F.);
#2995=ORIENTED_EDGE('',*,*,#4372,.T.);
#2996=ORIENTED_EDGE('',*,*,#4283,.F.);
#2997=ORIENTED_EDGE('',*,*,#4308,.F.);
#2998=ORIENTED_EDGE('',*,*,#4342,.T.);
#2999=ORIENTED_EDGE('',*,*,#4373,.T.);
#3000=ORIENTED_EDGE('',*,*,#4241,.F.);
#3001=ORIENTED_EDGE('',*,*,#4362,.T.);
#3002=ORIENTED_EDGE('',*,*,#4360,.T.);
#3003=ORIENTED_EDGE('',*,*,#4374,.T.);
#3004=ORIENTED_EDGE('',*,*,#4357,.F.);
#3005=ORIENTED_EDGE('',*,*,#4248,.T.);
#3006=ORIENTED_EDGE('',*,*,#4246,.T.);
#3007=ORIENTED_EDGE('',*,*,#4243,.T.);
#3008=ORIENTED_EDGE('',*,*,#4367,.F.);
#3009=ORIENTED_EDGE('',*,*,#4375,.T.);
#3010=ORIENTED_EDGE('',*,*,#4376,.T.);
#3011=ORIENTED_EDGE('',*,*,#4377,.T.);
#3012=ORIENTED_EDGE('',*,*,#4287,.T.);
#3013=ORIENTED_EDGE('',*,*,#4258,.T.);
#3014=ORIENTED_EDGE('',*,*,#4250,.T.);
#3015=ORIENTED_EDGE('',*,*,#4378,.T.);
#3016=ORIENTED_EDGE('',*,*,#4365,.T.);
#3017=ORIENTED_EDGE('',*,*,#4368,.F.);
#3018=ORIENTED_EDGE('',*,*,#4232,.T.);
#3019=ORIENTED_EDGE('',*,*,#4230,.T.);
#3020=ORIENTED_EDGE('',*,*,#4116,.T.);
#3021=ORIENTED_EDGE('',*,*,#4369,.F.);
#3022=ORIENTED_EDGE('',*,*,#4366,.T.);
#3023=ORIENTED_EDGE('',*,*,#4378,.F.);
#3024=ORIENTED_EDGE('',*,*,#4370,.F.);
#3025=ORIENTED_EDGE('',*,*,#4121,.F.);
#3026=ORIENTED_EDGE('',*,*,#4377,.F.);
#3027=ORIENTED_EDGE('',*,*,#4379,.T.);
#3028=ORIENTED_EDGE('',*,*,#4380,.F.);
#3029=ORIENTED_EDGE('',*,*,#4306,.T.);
#3030=ORIENTED_EDGE('',*,*,#4379,.F.);
#3031=ORIENTED_EDGE('',*,*,#4381,.F.);
#3032=ORIENTED_EDGE('',*,*,#4214,.F.);
#3033=ORIENTED_EDGE('',*,*,#4382,.F.);
#3034=ORIENTED_EDGE('',*,*,#4376,.F.);
#3035=ORIENTED_EDGE('',*,*,#4383,.F.);
#3036=ORIENTED_EDGE('',*,*,#4252,.F.);
#3037=ORIENTED_EDGE('',*,*,#4257,.T.);
#3038=ORIENTED_EDGE('',*,*,#4198,.F.);
#3039=ORIENTED_EDGE('',*,*,#4381,.T.);
#3040=ORIENTED_EDGE('',*,*,#4375,.F.);
#3041=ORIENTED_EDGE('',*,*,#4253,.F.);
#3042=ORIENTED_EDGE('',*,*,#4383,.T.);
#3043=ORIENTED_EDGE('',*,*,#4359,.F.);
#3044=ORIENTED_EDGE('',*,*,#4128,.F.);
#3045=ORIENTED_EDGE('',*,*,#4358,.T.);
#3046=ORIENTED_EDGE('',*,*,#4374,.F.);
#3047=ORIENTED_EDGE('',*,*,#4384,.T.);
#3048=ORIENTED_EDGE('',*,*,#4385,.T.);
#3049=ORIENTED_EDGE('',*,*,#4267,.T.);
#3050=ORIENTED_EDGE('',*,*,#4265,.T.);
#3051=ORIENTED_EDGE('',*,*,#4263,.T.);
#3052=ORIENTED_EDGE('',*,*,#4255,.T.);
#3053=ORIENTED_EDGE('',*,*,#4386,.T.);
#3054=ORIENTED_EDGE('',*,*,#3453,.F.);
#3055=ORIENTED_EDGE('',*,*,#3430,.F.);
#3056=ORIENTED_EDGE('',*,*,#3494,.F.);
#3057=ORIENTED_EDGE('',*,*,#3475,.F.);
#3058=ORIENTED_EDGE('',*,*,#3470,.F.);
#3059=ORIENTED_EDGE('',*,*,#4355,.F.);
#3060=ORIENTED_EDGE('',*,*,#4296,.F.);
#3061=ORIENTED_EDGE('',*,*,#4336,.F.);
#3062=ORIENTED_EDGE('',*,*,#4333,.F.);
#3063=ORIENTED_EDGE('',*,*,#4387,.T.);
#3064=ORIENTED_EDGE('',*,*,#4388,.T.);
#3065=ORIENTED_EDGE('',*,*,#4389,.F.);
#3066=ORIENTED_EDGE('',*,*,#4226,.T.);
#3067=ORIENTED_EDGE('',*,*,#4229,.F.);
#3068=ORIENTED_EDGE('',*,*,#4134,.F.);
#3069=ORIENTED_EDGE('',*,*,#4331,.F.);
#3070=ORIENTED_EDGE('',*,*,#4289,.F.);
#3071=ORIENTED_EDGE('',*,*,#4352,.F.);
#3072=ORIENTED_EDGE('',*,*,#4344,.F.);
#3073=ORIENTED_EDGE('',*,*,#4242,.T.);
#3074=ORIENTED_EDGE('',*,*,#4373,.F.);
#3075=ORIENTED_EDGE('',*,*,#4341,.F.);
#3076=ORIENTED_EDGE('',*,*,#4390,.T.);
#3077=ORIENTED_EDGE('',*,*,#4386,.F.);
#3078=ORIENTED_EDGE('',*,*,#4254,.T.);
#3079=ORIENTED_EDGE('',*,*,#4141,.T.);
#3080=ORIENTED_EDGE('',*,*,#4227,.F.);
#3081=ORIENTED_EDGE('',*,*,#4389,.T.);
#3082=ORIENTED_EDGE('',*,*,#4391,.T.);
#3083=ORIENTED_EDGE('',*,*,#4165,.T.);
#3084=ORIENTED_EDGE('',*,*,#4268,.T.);
#3085=ORIENTED_EDGE('',*,*,#4385,.F.);
#3086=ORIENTED_EDGE('',*,*,#4392,.T.);
#3087=ORIENTED_EDGE('',*,*,#4393,.F.);
#3088=ORIENTED_EDGE('',*,*,#4143,.F.);
#3089=ORIENTED_EDGE('',*,*,#4147,.F.);
#3090=ORIENTED_EDGE('',*,*,#4388,.F.);
#3091=ORIENTED_EDGE('',*,*,#4394,.F.);
#3092=ORIENTED_EDGE('',*,*,#4395,.T.);
#3093=ORIENTED_EDGE('',*,*,#4390,.F.);
#3094=ORIENTED_EDGE('',*,*,#4396,.F.);
#3095=ORIENTED_EDGE('',*,*,#4397,.T.);
#3096=ORIENTED_EDGE('',*,*,#4384,.F.);
#3097=ORIENTED_EDGE('',*,*,#4395,.F.);
#3098=ORIENTED_EDGE('',*,*,#4391,.F.);
#3099=ORIENTED_EDGE('',*,*,#4397,.F.);
#3100=ORIENTED_EDGE('',*,*,#4398,.F.);
#3101=ORIENTED_EDGE('',*,*,#4392,.F.);
#3102=ORIENTED_EDGE('',*,*,#4399,.T.);
#3103=ORIENTED_EDGE('',*,*,#4400,.T.);
#3104=ORIENTED_EDGE('',*,*,#4394,.T.);
#3105=ORIENTED_EDGE('',*,*,#4387,.F.);
#3106=ORIENTED_EDGE('',*,*,#4332,.T.);
#3107=ORIENTED_EDGE('',*,*,#4346,.T.);
#3108=ORIENTED_EDGE('',*,*,#4301,.T.);
#3109=ORIENTED_EDGE('',*,*,#4305,.T.);
#3110=ORIENTED_EDGE('',*,*,#4380,.T.);
#3111=ORIENTED_EDGE('',*,*,#4382,.T.);
#3112=ORIENTED_EDGE('',*,*,#4215,.T.);
#3113=ORIENTED_EDGE('',*,*,#4144,.T.);
#3114=ORIENTED_EDGE('',*,*,#4393,.T.);
#3115=ORIENTED_EDGE('',*,*,#4398,.T.);
#3116=ORIENTED_EDGE('',*,*,#4396,.T.);
#3117=ORIENTED_EDGE('',*,*,#4399,.F.);
#3118=ORIENTED_EDGE('',*,*,#4401,.T.);
#3119=ORIENTED_EDGE('',*,*,#4401,.F.);
#3120=ORIENTED_EDGE('',*,*,#4400,.F.);
#3121=ORIENTED_EDGE('',*,*,#4402,.F.);
#3122=ORIENTED_EDGE('',*,*,#4403,.F.);
#3123=ORIENTED_EDGE('',*,*,#4404,.T.);
#3124=ORIENTED_EDGE('',*,*,#4405,.T.);
#3125=ORIENTED_EDGE('',*,*,#4406,.T.);
#3126=ORIENTED_EDGE('',*,*,#4407,.F.);
#3127=ORIENTED_EDGE('',*,*,#4402,.T.);
#3128=ORIENTED_EDGE('',*,*,#4408,.T.);
#3129=ORIENTED_EDGE('',*,*,#4405,.F.);
#3130=ORIENTED_EDGE('',*,*,#4404,.F.);
#3131=ORIENTED_EDGE('',*,*,#4409,.F.);
#3132=ORIENTED_EDGE('',*,*,#4410,.T.);
#3133=ORIENTED_EDGE('',*,*,#4409,.T.);
#3134=ORIENTED_EDGE('',*,*,#4403,.T.);
#3135=ORIENTED_EDGE('',*,*,#4407,.T.);
#3136=ORIENTED_EDGE('',*,*,#4406,.F.);
#3137=ORIENTED_EDGE('',*,*,#4408,.F.);
#3138=ORIENTED_EDGE('',*,*,#4410,.F.);
#3139=EDGE_CURVE('',#4411,#4412,#5239,.T.);
#3140=EDGE_CURVE('',#4411,#4413,#5240,.T.);
#3141=EDGE_CURVE('',#4413,#4414,#415,.T.);
#3142=EDGE_CURVE('',#4415,#4414,#5241,.T.);
#3143=EDGE_CURVE('',#4416,#4415,#5242,.T.);
#3144=EDGE_CURVE('',#4416,#4417,#5243,.T.);
#3145=EDGE_CURVE('',#4417,#4418,#5244,.T.);
#3146=EDGE_CURVE('',#4412,#4418,#5245,.T.);
#3147=EDGE_CURVE('',#4419,#4420,#343,.T.);
#3148=EDGE_CURVE('',#4421,#4420,#5246,.T.);
#3149=EDGE_CURVE('',#4422,#4421,#196,.F.);
#3150=EDGE_CURVE('',#4423,#4422,#5247,.T.);
#3151=EDGE_CURVE('',#4423,#4419,#5248,.T.);
#3152=EDGE_CURVE('',#4424,#4421,#197,.F.);
#3153=EDGE_CURVE('',#4425,#4424,#5249,.F.);
#3154=EDGE_CURVE('',#4422,#4425,#198,.F.);
#3155=EDGE_CURVE('',#4426,#4427,#199,.F.);
#3156=EDGE_CURVE('',#4428,#4426,#5250,.F.);
#3157=EDGE_CURVE('',#4429,#4428,#200,.F.);
#3158=EDGE_CURVE('',#4429,#4427,#201,.T.);
#3159=EDGE_CURVE('',#4430,#4431,#202,.F.);
#3160=EDGE_CURVE('',#4432,#4430,#203,.F.);
#3161=EDGE_CURVE('',#4433,#4432,#204,.F.);
#3162=EDGE_CURVE('',#4433,#4431,#5251,.F.);
#3163=EDGE_CURVE('',#4434,#4435,#5252,.T.);
#3164=EDGE_CURVE('',#4436,#4434,#5253,.T.);
#3165=EDGE_CURVE('',#4437,#4436,#5254,.T.);
#3166=EDGE_CURVE('',#4437,#4435,#5255,.T.);
#3167=EDGE_CURVE('',#4438,#4439,#178,.T.);
#3168=EDGE_CURVE('',#4440,#4438,#5256,.T.);
#3169=EDGE_CURVE('',#4440,#4441,#5257,.T.);
#3170=EDGE_CURVE('',#4441,#4442,#5258,.T.);
#3171=EDGE_CURVE('',#4442,#4434,#5259,.T.);
#3172=EDGE_CURVE('',#4443,#4435,#5260,.T.);
#3173=EDGE_CURVE('',#4439,#4443,#179,.T.);
#3174=EDGE_CURVE('',#4444,#4445,#5261,.T.);
#3175=EDGE_CURVE('',#4444,#4446,#5262,.T.);
#3176=EDGE_CURVE('',#4447,#4446,#5263,.T.);
#3177=EDGE_CURVE('',#4447,#4445,#5264,.T.);
#3178=EDGE_CURVE('',#4448,#4444,#5265,.T.);
#3179=EDGE_CURVE('',#4448,#4449,#5266,.T.);
#3180=EDGE_CURVE('',#4449,#4450,#5267,.T.);
#3181=EDGE_CURVE('',#4451,#4450,#5268,.T.);
#3182=EDGE_CURVE('',#4451,#4452,#5269,.T.);
#3183=EDGE_CURVE('',#4452,#4453,#180,.T.);
#3184=EDGE_CURVE('',#4454,#4453,#5270,.T.);
#3185=EDGE_CURVE('',#4454,#4455,#5271,.T.);
#3186=EDGE_CURVE('',#4455,#4456,#5272,.T.);
#3187=EDGE_CURVE('',#4457,#4456,#416,.T.);
#3188=EDGE_CURVE('',#4457,#4458,#5273,.T.);
#3189=EDGE_CURVE('',#4459,#4458,#417,.T.);
#3190=EDGE_CURVE('',#4459,#4460,#5274,.T.);
#3191=EDGE_CURVE('',#4460,#4461,#5275,.T.);
#3192=EDGE_CURVE('',#4461,#4462,#5276,.T.);
#3193=EDGE_CURVE('',#4462,#4463,#5277,.T.);
#3194=EDGE_CURVE('',#4463,#4464,#5278,.T.);
#3195=EDGE_CURVE('',#4465,#4464,#418,.T.);
#3196=EDGE_CURVE('',#4465,#4444,#5279,.T.);
#3197=EDGE_CURVE('',#4466,#4467,#419,.T.);
#3198=EDGE_CURVE('',#4468,#4466,#5280,.T.);
#3199=EDGE_CURVE('',#4469,#4468,#5281,.T.);
#3200=EDGE_CURVE('',#4470,#4469,#420,.T.);
#3201=EDGE_CURVE('',#4470,#4467,#5282,.T.);
#3202=EDGE_CURVE('',#4471,#4472,#421,.T.);
#3203=EDGE_CURVE('',#4454,#4471,#5283,.T.);
#3204=EDGE_CURVE('',#4472,#4453,#344,.T.);
#3205=EDGE_CURVE('',#4433,#4467,#5284,.T.);
#3206=EDGE_CURVE('',#4432,#4471,#5285,.T.);
#3207=EDGE_CURVE('',#4466,#4472,#422,.T.);
#3208=EDGE_CURVE('',#4473,#4474,#5286,.T.);
#3209=EDGE_CURVE('',#4473,#4452,#181,.T.);
#3210=EDGE_CURVE('',#4451,#4474,#5287,.T.);
#3211=EDGE_CURVE('',#4475,#4457,#182,.T.);
#3212=EDGE_CURVE('',#4456,#4475,#5288,.T.);
#3213=EDGE_CURVE('',#4476,#4476,#423,.T.);
#3214=EDGE_CURVE('',#4477,#4477,#424,.T.);
#3215=EDGE_CURVE('',#4478,#4478,#425,.T.);
#3216=EDGE_CURVE('',#4479,#4425,#5289,.T.);
#3217=EDGE_CURVE('',#4480,#4479,#426,.T.);
#3218=EDGE_CURVE('',#4480,#4481,#427,.T.);
#3219=EDGE_CURVE('',#4481,#4465,#5290,.T.);
#3220=EDGE_CURVE('',#4422,#4464,#5291,.T.);
#3221=EDGE_CURVE('',#4463,#4423,#5292,.T.);
#3222=EDGE_CURVE('',#4482,#4468,#428,.T.);
#3223=EDGE_CURVE('',#4483,#4482,#5293,.T.);
#3224=EDGE_CURVE('',#4446,#4483,#5294,.T.);
#3225=EDGE_CURVE('',#4481,#4446,#5295,.T.);
#3226=EDGE_CURVE('',#4480,#4484,#5296,.T.);
#3227=EDGE_CURVE('',#4485,#4484,#5297,.T.);
#3228=EDGE_CURVE('',#4486,#4485,#5298,.T.);
#3229=EDGE_CURVE('',#4469,#4486,#429,.T.);
#3230=EDGE_CURVE('',#4470,#4428,#5299,.T.);
#3231=EDGE_CURVE('',#4486,#4459,#5300,.T.);
#3232=EDGE_CURVE('',#4429,#4458,#5301,.T.);
#3233=EDGE_CURVE('',#4487,#4455,#5302,.T.);
#3234=EDGE_CURVE('',#4471,#4487,#5303,.T.);
#3235=EDGE_CURVE('',#4488,#4429,#5304,.T.);
#3236=EDGE_CURVE('',#4475,#4488,#5305,.T.);
#3237=EDGE_CURVE('',#4432,#4489,#5306,.T.);
#3238=EDGE_CURVE('',#4489,#4487,#5307,.T.);
#3239=EDGE_CURVE('',#4490,#4491,#5308,.T.);
#3240=EDGE_CURVE('',#4491,#4492,#5309,.T.);
#3241=EDGE_CURVE('',#4493,#4492,#5310,.T.);
#3242=EDGE_CURVE('',#4493,#4494,#5311,.T.);
#3243=EDGE_CURVE('',#4494,#4495,#5312,.T.);
#3244=EDGE_CURVE('',#4490,#4495,#5313,.T.);
#3245=EDGE_CURVE('',#4496,#4483,#5314,.T.);
#3246=EDGE_CURVE('',#4496,#4447,#5315,.T.);
#3247=EDGE_CURVE('',#4479,#4495,#5316,.T.);
#3248=EDGE_CURVE('',#4494,#4484,#5317,.T.);
#3249=EDGE_CURVE('',#4497,#4493,#205,.T.);
#3250=EDGE_CURVE('',#4492,#4498,#5318,.T.);
#3251=EDGE_CURVE('',#4497,#4498,#5319,.T.);
#3252=EDGE_CURVE('',#4499,#4497,#206,.F.);
#3253=EDGE_CURVE('',#4485,#4499,#5320,.T.);
#3254=EDGE_CURVE('',#4461,#4497,#5321,.T.);
#3255=EDGE_CURVE('',#4498,#4462,#5322,.T.);
#3256=EDGE_CURVE('',#4485,#4460,#5323,.T.);
#3257=EDGE_CURVE('',#4500,#4501,#5324,.T.);
#3258=EDGE_CURVE('',#4442,#4501,#5325,.T.);
#3259=EDGE_CURVE('',#4500,#4441,#5326,.T.);
#3260=EDGE_CURVE('',#4436,#4501,#5327,.T.);
#3261=EDGE_CURVE('',#4502,#4419,#5328,.T.);
#3262=EDGE_CURVE('',#4491,#4502,#5329,.T.);
#3263=EDGE_CURVE('',#4503,#4502,#345,.T.);
#3264=EDGE_CURVE('',#4490,#4504,#5330,.T.);
#3265=EDGE_CURVE('',#4503,#4504,#5331,.T.);
#3266=EDGE_CURVE('',#4505,#4506,#5332,.T.);
#3267=EDGE_CURVE('',#4506,#4507,#5333,.T.);
#3268=EDGE_CURVE('',#4508,#4507,#5334,.T.);
#3269=EDGE_CURVE('',#4508,#4509,#5335,.T.);
#3270=EDGE_CURVE('',#4509,#4510,#5336,.T.);
#3271=EDGE_CURVE('',#4510,#4511,#5337,.T.);
#3272=EDGE_CURVE('',#4511,#4512,#5338,.T.);
#3273=EDGE_CURVE('',#4512,#4505,#5339,.T.);
#3274=EDGE_CURVE('',#4513,#4514,#346,.T.);
#3275=EDGE_CURVE('',#4427,#4514,#5340,.T.);
#3276=EDGE_CURVE('',#4488,#4513,#5341,.T.);
#3277=EDGE_CURVE('',#4515,#4513,#5342,.T.);
#3278=EDGE_CURVE('',#4489,#4515,#5343,.T.);
#3279=EDGE_CURVE('',#4516,#4515,#347,.T.);
#3280=EDGE_CURVE('',#4516,#4430,#5344,.T.);
#3281=EDGE_CURVE('',#4517,#4518,#207,.T.);
#3282=EDGE_CURVE('',#4519,#4518,#208,.F.);
#3283=EDGE_CURVE('',#4520,#4519,#5345,.T.);
#3284=EDGE_CURVE('',#4520,#4517,#209,.T.);
#3285=EDGE_CURVE('',#4521,#4443,#183,.T.);
#3286=EDGE_CURVE('',#4418,#4521,#430,.T.);
#3287=EDGE_CURVE('',#4522,#4417,#431,.T.);
#3288=EDGE_CURVE('',#4522,#4517,#210,.T.);
#3289=EDGE_CURVE('',#4520,#4482,#184,.T.);
#3290=EDGE_CURVE('',#4523,#4473,#185,.T.);
#3291=EDGE_CURVE('',#4523,#4524,#432,.T.);
#3292=EDGE_CURVE('',#4524,#4440,#186,.T.);
#3293=EDGE_CURVE('',#4525,#4523,#5346,.T.);
#3294=EDGE_CURVE('',#4474,#4525,#5347,.T.);
#3295=EDGE_CURVE('',#4526,#4525,#348,.T.);
#3296=EDGE_CURVE('',#4526,#4450,#5348,.T.);
#3297=EDGE_CURVE('',#4527,#4526,#349,.T.);
#3298=EDGE_CURVE('',#4449,#4527,#5349,.T.);
#3299=EDGE_CURVE('',#4416,#4528,#5350,.T.);
#3300=EDGE_CURVE('',#4415,#4528,#350,.T.);
#3301=EDGE_CURVE('',#4529,#4530,#5351,.T.);
#3302=EDGE_CURVE('',#4531,#4529,#5352,.T.);
#3303=EDGE_CURVE('',#4531,#4532,#5353,.T.);
#3304=EDGE_CURVE('',#4532,#4530,#5354,.T.);
#3305=EDGE_CURVE('',#4533,#4534,#5355,.T.);
#3306=EDGE_CURVE('',#4535,#4534,#5356,.T.);
#3307=EDGE_CURVE('',#4535,#4536,#5357,.T.);
#3308=EDGE_CURVE('',#4536,#4533,#5358,.T.);
#3309=EDGE_CURVE('',#4537,#4538,#5359,.T.);
#3310=EDGE_CURVE('',#4539,#4537,#5360,.T.);
#3311=EDGE_CURVE('',#4539,#4540,#5361,.T.);
#3312=EDGE_CURVE('',#4540,#4538,#5362,.T.);
#3313=EDGE_CURVE('',#4541,#4542,#5363,.T.);
#3314=EDGE_CURVE('',#4541,#4522,#5364,.T.);
#3315=EDGE_CURVE('',#4542,#4528,#5365,.T.);
#3316=EDGE_CURVE('',#4521,#4543,#5366,.T.);
#3317=EDGE_CURVE('',#4544,#4543,#5367,.T.);
#3318=EDGE_CURVE('',#4412,#4544,#5368,.T.);
#3319=EDGE_CURVE('',#4545,#4545,#433,.T.);
#3320=EDGE_CURVE('',#4546,#4547,#434,.T.);
#3321=EDGE_CURVE('',#4548,#4546,#5369,.T.);
#3322=EDGE_CURVE('',#4549,#4548,#5370,.T.);
#3323=EDGE_CURVE('',#4550,#4549,#5371,.T.);
#3324=EDGE_CURVE('',#4550,#4551,#435,.T.);
#3325=EDGE_CURVE('',#4547,#4551,#436,.T.);
#3326=EDGE_CURVE('',#4552,#4553,#437,.T.);
#3327=EDGE_CURVE('',#4552,#4551,#5372,.T.);
#3328=EDGE_CURVE('',#4550,#4553,#5373,.T.);
#3329=EDGE_CURVE('',#4554,#4555,#438,.T.);
#3330=EDGE_CURVE('',#4542,#4555,#439,.T.);
#3331=EDGE_CURVE('',#4542,#4552,#440,.T.);
#3332=EDGE_CURVE('',#4552,#4554,#211,.T.);
#3333=EDGE_CURVE('',#4555,#4556,#5374,.T.);
#3334=EDGE_CURVE('',#4556,#4541,#441,.T.);
#3335=EDGE_CURVE('',#4557,#4558,#5375,.T.);
#3336=EDGE_CURVE('',#4558,#4540,#351,.T.);
#3337=EDGE_CURVE('',#4557,#4539,#352,.T.);
#3338=EDGE_CURVE('',#4559,#4534,#353,.T.);
#3339=EDGE_CURVE('',#4560,#4533,#354,.T.);
#3340=EDGE_CURVE('',#4560,#4561,#5376,.T.);
#3341=EDGE_CURVE('',#4562,#4561,#5377,.T.);
#3342=EDGE_CURVE('',#4562,#4559,#5378,.T.);
#3343=EDGE_CURVE('',#4535,#4512,#355,.T.);
#3344=EDGE_CURVE('',#4559,#4505,#442,.T.);
#3345=EDGE_CURVE('',#4511,#4563,#5379,.T.);
#3346=EDGE_CURVE('',#4563,#4564,#5380,.T.);
#3347=EDGE_CURVE('',#4536,#4564,#356,.T.);
#3348=EDGE_CURVE('',#4564,#4560,#5381,.T.);
#3349=EDGE_CURVE('',#4530,#4565,#357,.T.);
#3350=EDGE_CURVE('',#4565,#4566,#5382,.T.);
#3351=EDGE_CURVE('',#4529,#4566,#358,.T.);
#3352=EDGE_CURVE('',#4566,#4567,#443,.T.);
#3353=EDGE_CURVE('',#4531,#4567,#359,.T.);
#3354=EDGE_CURVE('',#4568,#4569,#5383,.T.);
#3355=EDGE_CURVE('',#4569,#4570,#5384,.T.);
#3356=EDGE_CURVE('',#4532,#4570,#360,.T.);
#3357=EDGE_CURVE('',#4568,#4567,#5385,.T.);
#3358=EDGE_CURVE('',#4570,#4565,#5386,.T.);
#3359=EDGE_CURVE('',#4543,#4437,#5387,.T.);
#3360=EDGE_CURVE('',#4571,#4572,#5388,.T.);
#3361=EDGE_CURVE('',#4553,#4572,#5389,.T.);
#3362=EDGE_CURVE('',#4553,#4573,#5390,.T.);
#3363=EDGE_CURVE('',#4571,#4573,#5391,.T.);
#3364=EDGE_CURVE('',#4573,#4549,#5392,.T.);
#3365=EDGE_CURVE('',#4557,#4574,#5393,.T.);
#3366=EDGE_CURVE('',#4575,#4574,#5394,.T.);
#3367=EDGE_CURVE('',#4575,#4565,#5395,.T.);
#3368=EDGE_CURVE('',#4561,#4569,#5396,.T.);
#3369=EDGE_CURVE('',#4576,#4563,#5397,.T.);
#3370=EDGE_CURVE('',#4558,#4576,#5398,.T.);
#3371=EDGE_CURVE('',#4506,#4575,#5399,.T.);
#3372=EDGE_CURVE('',#4562,#4568,#5400,.T.);
#3373=EDGE_CURVE('',#4577,#4577,#444,.T.);
#3374=EDGE_CURVE('',#4572,#4554,#445,.T.);
#3375=EDGE_CURVE('',#4510,#4576,#5401,.T.);
#3376=EDGE_CURVE('',#4578,#4578,#446,.T.);
#3377=EDGE_CURVE('',#4579,#4414,#447,.T.);
#3378=EDGE_CURVE('',#4579,#4547,#5402,.T.);
#3379=EDGE_CURVE('',#4546,#4411,#5403,.T.);
#3380=EDGE_CURVE('',#4548,#4411,#5404,.T.);
#3381=EDGE_CURVE('',#4579,#4413,#212,.T.);
#3382=EDGE_CURVE('',#4516,#4580,#361,.T.);
#3383=EDGE_CURVE('',#4430,#4580,#213,.T.);
#3384=EDGE_CURVE('',#4431,#4581,#5405,.F.);
#3385=EDGE_CURVE('',#4426,#4582,#5406,.F.);
#3386=EDGE_CURVE('',#4582,#4581,#5407,.T.);
#3387=EDGE_CURVE('',#4427,#4583,#214,.T.);
#3388=EDGE_CURVE('',#4583,#4582,#362,.F.);
#3389=EDGE_CURVE('',#4504,#4584,#5408,.T.);
#3390=EDGE_CURVE('',#4424,#4585,#5409,.F.);
#3391=EDGE_CURVE('',#4585,#4584,#5410,.T.);
#3392=EDGE_CURVE('',#4583,#4514,#363,.T.);
#3393=EDGE_CURVE('',#4503,#4584,#364,.T.);
#3394=EDGE_CURVE('',#4586,#4420,#365,.T.);
#3395=EDGE_CURVE('',#4421,#4586,#215,.F.);
#3396=EDGE_CURVE('',#4509,#4538,#366,.T.);
#3397=EDGE_CURVE('',#4508,#4537,#367,.T.);
#3398=EDGE_CURVE('',#4574,#4507,#5411,.T.);
#3399=EDGE_CURVE('',#4581,#4580,#368,.F.);
#3400=EDGE_CURVE('',#4518,#4587,#216,.T.);
#3401=EDGE_CURVE('',#4588,#4541,#448,.T.);
#3402=EDGE_CURVE('',#4587,#4588,#5412,.T.);
#3403=EDGE_CURVE('',#4586,#4585,#369,.F.);
#3404=EDGE_CURVE('',#4556,#4589,#449,.T.);
#3405=EDGE_CURVE('',#4588,#4589,#450,.T.);
#3406=EDGE_CURVE('',#4589,#4496,#5413,.T.);
#3407=EDGE_CURVE('',#4483,#4588,#5414,.T.);
#3408=EDGE_CURVE('',#4519,#4587,#5415,.T.);
#3409=EDGE_CURVE('',#4590,#4591,#451,.T.);
#3410=EDGE_CURVE('',#4524,#4590,#5416,.T.);
#3411=EDGE_CURVE('',#4591,#4527,#5417,.T.);
#3412=EDGE_CURVE('',#4592,#4411,#5418,.T.);
#3413=EDGE_CURVE('',#4592,#4544,#5419,.F.);
#3414=EDGE_CURVE('',#4500,#4593,#5420,.T.);
#3415=EDGE_CURVE('',#4594,#4593,#5421,.T.);
#3416=EDGE_CURVE('',#4571,#4594,#5422,.T.);
#3417=EDGE_CURVE('',#4593,#4590,#5423,.T.);
#3418=EDGE_CURVE('',#4591,#4448,#5424,.T.);
#3419=EDGE_CURVE('',#4448,#4595,#5425,.T.);
#3420=EDGE_CURVE('',#4445,#4595,#5426,.T.);
#3421=EDGE_CURVE('',#4596,#4590,#5427,.T.);
#3422=EDGE_CURVE('',#4596,#4594,#5428,.T.);
#3423=EDGE_CURVE('',#4597,#4596,#452,.T.);
#3424=EDGE_CURVE('',#4597,#4591,#217,.T.);
#3425=EDGE_CURVE('',#4595,#4597,#5429,.T.);
#3426=EDGE_CURVE('',#4598,#4598,#453,.T.);
#3427=EDGE_CURVE('',#4599,#4599,#454,.T.);
#3428=EDGE_CURVE('',#4600,#4600,#455,.T.);
#3429=EDGE_CURVE('',#4601,#4602,#5430,.T.);
#3430=EDGE_CURVE('',#4601,#4603,#5431,.T.);
#3431=EDGE_CURVE('',#4604,#4603,#5432,.T.);
#3432=EDGE_CURVE('',#4605,#4604,#5433,.T.);
#3433=EDGE_CURVE('',#4606,#4605,#5434,.T.);
#3434=EDGE_CURVE('',#4607,#4606,#5435,.T.);
#3435=EDGE_CURVE('',#4608,#4607,#5436,.T.);
#3436=EDGE_CURVE('',#4609,#4608,#456,.T.);
#3437=EDGE_CURVE('',#4602,#4609,#5437,.T.);
#3438=EDGE_CURVE('',#4610,#4611,#5438,.T.);
#3439=EDGE_CURVE('',#4612,#4610,#5439,.T.);
#3440=EDGE_CURVE('',#4613,#4612,#5440,.T.);
#3441=EDGE_CURVE('',#4611,#4613,#5441,.T.);
#3442=EDGE_CURVE('',#4614,#4615,#5442,.T.);
#3443=EDGE_CURVE('',#4616,#4614,#5443,.T.);
#3444=EDGE_CURVE('',#4617,#4616,#5444,.T.);
#3445=EDGE_CURVE('',#4615,#4617,#5445,.T.);
#3446=EDGE_CURVE('',#4618,#4618,#457,.T.);
#3447=EDGE_CURVE('',#4619,#4619,#458,.T.);
#3448=EDGE_CURVE('',#4620,#4620,#459,.T.);
#3449=EDGE_CURVE('',#4621,#4622,#5446,.T.);
#3450=EDGE_CURVE('',#4623,#4621,#5447,.T.);
#3451=EDGE_CURVE('',#4624,#4623,#5448,.T.);
#3452=EDGE_CURVE('',#4622,#4624,#5449,.T.);
#3453=EDGE_CURVE('',#4603,#4625,#5450,.T.);
#3454=EDGE_CURVE('',#4625,#4626,#5451,.T.);
#3455=EDGE_CURVE('',#4626,#4627,#5452,.T.);
#3456=EDGE_CURVE('',#4627,#4628,#5453,.T.);
#3457=EDGE_CURVE('',#4628,#4629,#5454,.T.);
#3458=EDGE_CURVE('',#4629,#4630,#5455,.T.);
#3459=EDGE_CURVE('',#4630,#4631,#5456,.T.);
#3460=EDGE_CURVE('',#4631,#4632,#5457,.T.);
#3461=EDGE_CURVE('',#4633,#4632,#5458,.T.);
#3462=EDGE_CURVE('',#4633,#4634,#5459,.T.);
#3463=EDGE_CURVE('',#4635,#4634,#5460,.T.);
#3464=EDGE_CURVE('',#4635,#4636,#5461,.T.);
#3465=EDGE_CURVE('',#4637,#4636,#5462,.T.);
#3466=EDGE_CURVE('',#4637,#4638,#5463,.T.);
#3467=EDGE_CURVE('',#4638,#4604,#5464,.T.);
#3468=EDGE_CURVE('',#4639,#4640,#5465,.T.);
#3469=EDGE_CURVE('',#4640,#4641,#5466,.T.);
#3470=EDGE_CURVE('',#4641,#4642,#5467,.T.);
#3471=EDGE_CURVE('',#4642,#4643,#5468,.T.);
#3472=EDGE_CURVE('',#4643,#4644,#5469,.T.);
#3473=EDGE_CURVE('',#4644,#4645,#5470,.T.);
#3474=EDGE_CURVE('',#4639,#4645,#5471,.T.);
#3475=EDGE_CURVE('',#4642,#4646,#5472,.T.);
#3476=EDGE_CURVE('',#4647,#4646,#5473,.T.);
#3477=EDGE_CURVE('',#4648,#4647,#5474,.T.);
#3478=EDGE_CURVE('',#4649,#4648,#370,.T.);
#3479=EDGE_CURVE('',#4650,#4649,#5475,.T.);
#3480=EDGE_CURVE('',#4651,#4650,#371,.T.);
#3481=EDGE_CURVE('',#4652,#4651,#5476,.T.);
#3482=EDGE_CURVE('',#4652,#4653,#5477,.T.);
#3483=EDGE_CURVE('',#4653,#4654,#5478,.T.);
#3484=EDGE_CURVE('',#4654,#4655,#460,.T.);
#3485=EDGE_CURVE('',#4655,#4656,#5479,.T.);
#3486=EDGE_CURVE('',#4656,#4657,#5480,.T.);
#3487=EDGE_CURVE('',#4657,#4658,#5481,.T.);
#3488=EDGE_CURVE('',#4659,#4658,#5482,.T.);
#3489=EDGE_CURVE('',#4659,#4660,#5483,.T.);
#3490=EDGE_CURVE('',#4660,#4661,#5484,.T.);
#3491=EDGE_CURVE('',#4661,#4662,#5485,.T.);
#3492=EDGE_CURVE('',#4663,#4662,#5486,.T.);
#3493=EDGE_CURVE('',#4643,#4663,#5487,.T.);
#3494=EDGE_CURVE('',#4646,#4601,#5488,.T.);
#3495=EDGE_CURVE('',#4664,#4602,#461,.T.);
#3496=EDGE_CURVE('',#4665,#4664,#5489,.T.);
#3497=EDGE_CURVE('',#4607,#4665,#462,.T.);
#3498=EDGE_CURVE('',#4606,#4666,#5490,.T.);
#3499=EDGE_CURVE('',#4666,#4667,#5491,.T.);
#3500=EDGE_CURVE('',#4668,#4667,#5492,.T.);
#3501=EDGE_CURVE('',#4669,#4668,#5493,.T.);
#3502=EDGE_CURVE('',#4670,#4669,#5494,.T.);
#3503=EDGE_CURVE('',#4670,#4671,#5495,.T.);
#3504=EDGE_CURVE('',#4672,#4671,#463,.T.);
#3505=EDGE_CURVE('',#4672,#4673,#5496,.T.);
#3506=EDGE_CURVE('',#4673,#4674,#5497,.T.);
#3507=EDGE_CURVE('',#4675,#4674,#464,.T.);
#3508=EDGE_CURVE('',#4676,#4675,#5498,.T.);
#3509=EDGE_CURVE('',#4677,#4676,#465,.T.);
#3510=EDGE_CURVE('',#4678,#4677,#5499,.T.);
#3511=EDGE_CURVE('',#4647,#4678,#466,.T.);
#3512=EDGE_CURVE('',#4626,#4640,#5500,.T.);
#3513=EDGE_CURVE('',#4639,#4627,#5501,.T.);
#3514=EDGE_CURVE('',#4679,#4680,#5502,.T.);
#3515=EDGE_CURVE('',#4681,#4679,#5503,.T.);
#3516=EDGE_CURVE('',#4681,#4682,#5504,.T.);
#3517=EDGE_CURVE('',#4682,#4680,#5505,.T.);
#3518=EDGE_CURVE('',#4683,#4679,#5506,.T.);
#3519=EDGE_CURVE('',#4684,#4683,#5507,.T.);
#3520=EDGE_CURVE('',#4684,#4681,#5508,.T.);
#3521=EDGE_CURVE('',#4685,#4686,#5509,.T.);
#3522=EDGE_CURVE('',#4686,#4687,#5510,.T.);
#3523=EDGE_CURVE('',#4687,#4688,#5511,.T.);
#3524=EDGE_CURVE('',#4685,#4688,#5512,.T.);
#3525=EDGE_CURVE('',#4689,#4690,#5513,.T.);
#3526=EDGE_CURVE('',#4689,#4691,#5514,.T.);
#3527=EDGE_CURVE('',#4691,#4692,#5515,.T.);
#3528=EDGE_CURVE('',#4692,#4690,#5516,.T.);
#3529=EDGE_CURVE('',#4693,#4694,#5517,.T.);
#3530=EDGE_CURVE('',#4693,#4692,#5518,.T.);
#3531=EDGE_CURVE('',#4694,#4691,#5519,.T.);
#3532=EDGE_CURVE('',#4656,#4689,#5520,.T.);
#3533=EDGE_CURVE('',#4655,#4694,#5521,.T.);
#3534=EDGE_CURVE('',#4695,#4696,#5522,.T.);
#3535=EDGE_CURVE('',#4697,#4695,#5523,.T.);
#3536=EDGE_CURVE('',#4698,#4697,#5524,.T.);
#3537=EDGE_CURVE('',#4699,#4698,#5525,.T.);
#3538=EDGE_CURVE('',#4699,#4696,#5526,.T.);
#3539=EDGE_CURVE('',#4700,#4697,#5527,.T.);
#3540=EDGE_CURVE('',#4700,#4701,#5528,.T.);
#3541=EDGE_CURVE('',#4701,#4698,#5529,.T.);
#3542=EDGE_CURVE('',#4696,#4702,#467,.T.);
#3543=EDGE_CURVE('',#4696,#4703,#468,.T.);
#3544=EDGE_CURVE('',#4703,#4704,#469,.T.);
#3545=EDGE_CURVE('',#4702,#4704,#470,.T.);
#3546=EDGE_CURVE('',#4699,#4705,#5530,.T.);
#3547=EDGE_CURVE('',#4705,#4701,#5531,.T.);
#3548=EDGE_CURVE('',#4706,#4650,#218,.T.);
#3549=EDGE_CURVE('',#4706,#4707,#219,.F.);
#3550=EDGE_CURVE('',#4651,#4707,#220,.T.);
#3551=EDGE_CURVE('',#4708,#4709,#471,.T.);
#3552=EDGE_CURVE('',#4709,#4710,#472,.T.);
#3553=EDGE_CURVE('',#4710,#4708,#473,.T.);
#3554=EDGE_CURVE('',#4706,#4710,#5532,.T.);
#3555=EDGE_CURVE('',#4709,#4707,#5533,.T.);
#3556=EDGE_CURVE('',#4711,#4712,#221,.F.);
#3557=EDGE_CURVE('',#4649,#4712,#222,.T.);
#3558=EDGE_CURVE('',#4711,#4648,#223,.T.);
#3559=EDGE_CURVE('',#4712,#4706,#5534,.T.);
#3560=EDGE_CURVE('',#4678,#4711,#5535,.T.);
#3561=EDGE_CURVE('',#4713,#4714,#474,.T.);
#3562=EDGE_CURVE('',#4714,#4715,#475,.T.);
#3563=EDGE_CURVE('',#4715,#4713,#476,.T.);
#3564=EDGE_CURVE('',#4676,#4715,#5536,.T.);
#3565=EDGE_CURVE('',#4714,#4677,#5537,.T.);
#3566=EDGE_CURVE('',#4710,#4713,#5538,.T.);
#3567=EDGE_CURVE('',#4715,#4708,#5539,.T.);
#3568=EDGE_CURVE('',#4713,#4712,#5540,.T.);
#3569=EDGE_CURVE('',#4711,#4714,#5541,.T.);
#3570=EDGE_CURVE('',#4709,#4674,#5542,.T.);
#3571=EDGE_CURVE('',#4708,#4675,#5543,.T.);
#3572=EDGE_CURVE('',#4707,#4716,#5544,.T.);
#3573=EDGE_CURVE('',#4716,#4673,#5545,.T.);
#3574=EDGE_CURVE('',#4717,#4718,#477,.T.);
#3575=EDGE_CURVE('',#4718,#4719,#478,.T.);
#3576=EDGE_CURVE('',#4719,#4717,#479,.T.);
#3577=EDGE_CURVE('',#4720,#4721,#480,.T.);
#3578=EDGE_CURVE('',#4721,#4719,#5546,.T.);
#3579=EDGE_CURVE('',#4718,#4722,#5547,.T.);
#3580=EDGE_CURVE('',#4722,#4720,#5548,.T.);
#3581=EDGE_CURVE('',#4723,#4724,#481,.T.);
#3582=EDGE_CURVE('',#4724,#4725,#482,.T.);
#3583=EDGE_CURVE('',#4725,#4723,#483,.T.);
#3584=EDGE_CURVE('',#4724,#4717,#5549,.T.);
#3585=EDGE_CURVE('',#4719,#4725,#5550,.T.);
#3586=EDGE_CURVE('',#4726,#4727,#484,.T.);
#3587=EDGE_CURVE('',#4727,#4723,#5551,.T.);
#3588=EDGE_CURVE('',#4725,#4726,#5552,.T.);
#3589=EDGE_CURVE('',#4728,#4729,#372,.T.);
#3590=EDGE_CURVE('',#4730,#4729,#224,.T.);
#3591=EDGE_CURVE('',#4730,#4731,#225,.F.);
#3592=EDGE_CURVE('',#4728,#4731,#226,.T.);
#3593=EDGE_CURVE('',#4732,#4730,#5553,.T.);
#3594=EDGE_CURVE('',#4729,#4733,#5554,.T.);
#3595=EDGE_CURVE('',#4733,#4732,#373,.T.);
#3596=EDGE_CURVE('',#4717,#4731,#5555,.T.);
#3597=EDGE_CURVE('',#4730,#4718,#5556,.T.);
#3598=EDGE_CURVE('',#4734,#4735,#374,.T.);
#3599=EDGE_CURVE('',#4736,#4735,#227,.T.);
#3600=EDGE_CURVE('',#4736,#4737,#228,.F.);
#3601=EDGE_CURVE('',#4734,#4737,#229,.T.);
#3602=EDGE_CURVE('',#4735,#4728,#5557,.T.);
#3603=EDGE_CURVE('',#4731,#4736,#5558,.T.);
#3604=EDGE_CURVE('',#4736,#4724,#5559,.T.);
#3605=EDGE_CURVE('',#4723,#4737,#5560,.T.);
#3606=EDGE_CURVE('',#4738,#4739,#485,.T.);
#3607=EDGE_CURVE('',#4739,#4734,#5561,.T.);
#3608=EDGE_CURVE('',#4737,#4738,#5562,.T.);
#3609=EDGE_CURVE('',#4721,#4726,#5563,.T.);
#3610=EDGE_CURVE('',#4738,#4727,#5564,.T.);
#3611=EDGE_CURVE('',#4655,#4608,#486,.T.);
#3612=EDGE_CURVE('',#4654,#4609,#487,.T.);
#3613=EDGE_CURVE('',#4664,#4653,#5565,.T.);
#3614=EDGE_CURVE('',#4740,#4741,#488,.T.);
#3615=EDGE_CURVE('',#4742,#4741,#5566,.T.);
#3616=EDGE_CURVE('',#4702,#4742,#5567,.T.);
#3617=EDGE_CURVE('',#4704,#4740,#5568,.T.);
#3618=EDGE_CURVE('',#4743,#4744,#489,.T.);
#3619=EDGE_CURVE('',#4744,#4703,#5569,.T.);
#3620=EDGE_CURVE('',#4745,#4699,#5570,.T.);
#3621=EDGE_CURVE('',#4743,#4745,#5571,.T.);
#3622=EDGE_CURVE('',#4746,#4744,#5572,.T.);
#3623=EDGE_CURVE('',#4747,#4746,#5573,.T.);
#3624=EDGE_CURVE('',#4630,#4747,#5574,.T.);
#3625=EDGE_CURVE('',#4544,#4629,#5575,.T.);
#3626=EDGE_CURVE('',#4740,#4592,#5576,.T.);
#3627=EDGE_CURVE('',#4748,#4748,#490,.T.);
#3628=EDGE_CURVE('',#4749,#4750,#5577,.T.);
#3629=EDGE_CURVE('',#4750,#4751,#491,.T.);
#3630=EDGE_CURVE('',#4752,#4751,#5578,.T.);
#3631=EDGE_CURVE('',#4752,#4753,#492,.T.);
#3632=EDGE_CURVE('',#4753,#4754,#5579,.T.);
#3633=EDGE_CURVE('',#4754,#4755,#493,.T.);
#3634=EDGE_CURVE('',#4756,#4755,#5580,.T.);
#3635=EDGE_CURVE('',#4756,#4749,#494,.T.);
#3636=EDGE_CURVE('',#4757,#4757,#495,.T.);
#3637=EDGE_CURVE('',#4758,#4759,#5581,.T.);
#3638=EDGE_CURVE('',#4759,#4760,#496,.T.);
#3639=EDGE_CURVE('',#4761,#4760,#5582,.T.);
#3640=EDGE_CURVE('',#4761,#4762,#497,.T.);
#3641=EDGE_CURVE('',#4762,#4763,#5583,.T.);
#3642=EDGE_CURVE('',#4763,#4764,#498,.T.);
#3643=EDGE_CURVE('',#4765,#4764,#5584,.T.);
#3644=EDGE_CURVE('',#4765,#4758,#499,.T.);
#3645=EDGE_CURVE('',#4766,#4766,#230,.T.);
#3646=EDGE_CURVE('',#4767,#4767,#500,.T.);
#3647=EDGE_CURVE('',#4768,#4769,#375,.T.);
#3648=EDGE_CURVE('',#4769,#4770,#5585,.T.);
#3649=EDGE_CURVE('',#4770,#4771,#5586,.T.);
#3650=EDGE_CURVE('',#4771,#4637,#5587,.T.);
#3651=EDGE_CURVE('',#4636,#4768,#5588,.T.);
#3652=EDGE_CURVE('',#4768,#4772,#376,.T.);
#3653=EDGE_CURVE('',#4773,#4772,#5589,.T.);
#3654=EDGE_CURVE('',#4773,#4774,#501,.T.);
#3655=EDGE_CURVE('',#4774,#4769,#231,.F.);
#3656=EDGE_CURVE('',#4635,#4775,#5590,.T.);
#3657=EDGE_CURVE('',#4772,#4775,#5591,.T.);
#3658=EDGE_CURVE('',#4776,#4633,#5592,.T.);
#3659=EDGE_CURVE('',#4632,#4777,#5593,.T.);
#3660=EDGE_CURVE('',#4777,#4778,#5594,.T.);
#3661=EDGE_CURVE('',#4778,#4779,#5595,.T.);
#3662=EDGE_CURVE('',#4779,#4776,#377,.T.);
#3663=EDGE_CURVE('',#4780,#4776,#378,.T.);
#3664=EDGE_CURVE('',#4781,#4780,#5596,.T.);
#3665=EDGE_CURVE('',#4781,#4634,#5597,.T.);
#3666=EDGE_CURVE('',#4782,#4779,#232,.T.);
#3667=EDGE_CURVE('',#4782,#4783,#502,.T.);
#3668=EDGE_CURVE('',#4780,#4783,#5598,.T.);
#3669=EDGE_CURVE('',#4781,#4775,#5599,.T.);
#3670=EDGE_CURVE('',#4784,#4785,#5600,.T.);
#3671=EDGE_CURVE('',#4785,#4786,#5601,.T.);
#3672=EDGE_CURVE('',#4786,#4787,#233,.T.);
#3673=EDGE_CURVE('',#4787,#4788,#234,.T.);
#3674=EDGE_CURVE('',#4788,#4789,#235,.T.);
#3675=EDGE_CURVE('',#4789,#4790,#236,.T.);
#3676=EDGE_CURVE('',#4790,#4791,#237,.T.);
#3677=EDGE_CURVE('',#4791,#4792,#238,.T.);
#3678=EDGE_CURVE('',#4792,#4793,#239,.T.);
#3679=EDGE_CURVE('',#4793,#4784,#5602,.T.);
#3680=EDGE_CURVE('',#4794,#4795,#5603,.T.);
#3681=EDGE_CURVE('',#4795,#4796,#240,.T.);
#3682=EDGE_CURVE('',#4796,#4797,#503,.F.);
#3683=EDGE_CURVE('',#4797,#4798,#241,.T.);
#3684=EDGE_CURVE('',#4798,#4799,#242,.T.);
#3685=EDGE_CURVE('',#4799,#4800,#243,.T.);
#3686=EDGE_CURVE('',#4800,#4801,#244,.T.);
#3687=EDGE_CURVE('',#4801,#4802,#5604,.T.);
#3688=EDGE_CURVE('',#4802,#4794,#5605,.T.);
#3689=EDGE_CURVE('',#4803,#4804,#5606,.T.);
#3690=EDGE_CURVE('',#4804,#4805,#245,.T.);
#3691=EDGE_CURVE('',#4805,#4806,#246,.T.);
#3692=EDGE_CURVE('',#4806,#4807,#247,.T.);
#3693=EDGE_CURVE('',#4807,#4808,#248,.T.);
#3694=EDGE_CURVE('',#4808,#4809,#249,.T.);
#3695=EDGE_CURVE('',#4809,#4810,#250,.T.);
#3696=EDGE_CURVE('',#4810,#4811,#251,.T.);
#3697=EDGE_CURVE('',#4811,#4812,#5607,.T.);
#3698=EDGE_CURVE('',#4812,#4803,#5608,.T.);
#3699=EDGE_CURVE('',#4813,#4814,#252,.T.);
#3700=EDGE_CURVE('',#4814,#4815,#253,.T.);
#3701=EDGE_CURVE('',#4815,#4816,#254,.T.);
#3702=EDGE_CURVE('',#4816,#4817,#255,.T.);
#3703=EDGE_CURVE('',#4817,#4818,#256,.T.);
#3704=EDGE_CURVE('',#4818,#4819,#504,.F.);
#3705=EDGE_CURVE('',#4819,#4820,#505,.F.);
#3706=EDGE_CURVE('',#4820,#4821,#506,.F.);
#3707=EDGE_CURVE('',#4821,#4813,#257,.T.);
#3708=EDGE_CURVE('',#4822,#4823,#258,.T.);
#3709=EDGE_CURVE('',#4823,#4824,#259,.T.);
#3710=EDGE_CURVE('',#4824,#4825,#260,.T.);
#3711=EDGE_CURVE('',#4825,#4826,#507,.F.);
#3712=EDGE_CURVE('',#4826,#4827,#261,.T.);
#3713=EDGE_CURVE('',#4827,#4828,#262,.T.);
#3714=EDGE_CURVE('',#4828,#4829,#263,.T.);
#3715=EDGE_CURVE('',#4829,#4822,#264,.T.);
#3716=EDGE_CURVE('',#4783,#4773,#5609,.T.);
#3717=EDGE_CURVE('',#4778,#4830,#5610,.T.);
#3718=EDGE_CURVE('',#4830,#4782,#5611,.T.);
#3719=EDGE_CURVE('',#4831,#4631,#5612,.T.);
#3720=EDGE_CURVE('',#4831,#4832,#5613,.T.);
#3721=EDGE_CURVE('',#4777,#4832,#5614,.T.);
#3722=EDGE_CURVE('',#4771,#4833,#5615,.T.);
#3723=EDGE_CURVE('',#4833,#4834,#5616,.T.);
#3724=EDGE_CURVE('',#4638,#4834,#5617,.T.);
#3725=EDGE_CURVE('',#4832,#4835,#5618,.T.);
#3726=EDGE_CURVE('',#4835,#4836,#5619,.T.);
#3727=EDGE_CURVE('',#4836,#4830,#5620,.T.);
#3728=EDGE_CURVE('',#4770,#4837,#5621,.T.);
#3729=EDGE_CURVE('',#4837,#4838,#5622,.T.);
#3730=EDGE_CURVE('',#4838,#4839,#5623,.T.);
#3731=EDGE_CURVE('',#4839,#4833,#5624,.T.);
#3732=EDGE_CURVE('',#4835,#4840,#5625,.T.);
#3733=EDGE_CURVE('',#4841,#4840,#5626,.T.);
#3734=EDGE_CURVE('',#4836,#4841,#5627,.T.);
#3735=EDGE_CURVE('',#4840,#4831,#5628,.T.);
#3736=EDGE_CURVE('',#4842,#4839,#5629,.T.);
#3737=EDGE_CURVE('',#4843,#4838,#5630,.T.);
#3738=EDGE_CURVE('',#4843,#4842,#5631,.T.);
#3739=EDGE_CURVE('',#4834,#4842,#5632,.T.);
#3740=EDGE_CURVE('',#4844,#4845,#5633,.T.);
#3741=EDGE_CURVE('',#4844,#4846,#5634,.T.);
#3742=EDGE_CURVE('',#4846,#4847,#5635,.T.);
#3743=EDGE_CURVE('',#4845,#4847,#5636,.T.);
#3744=EDGE_CURVE('',#4848,#4849,#5637,.T.);
#3745=EDGE_CURVE('',#4849,#4850,#5638,.T.);
#3746=EDGE_CURVE('',#4850,#4846,#5639,.T.);
#3747=EDGE_CURVE('',#4851,#4844,#5640,.T.);
#3748=EDGE_CURVE('',#4848,#4851,#5641,.T.);
#3749=EDGE_CURVE('',#4852,#4853,#5642,.T.);
#3750=EDGE_CURVE('',#4854,#4852,#5643,.T.);
#3751=EDGE_CURVE('',#4855,#4854,#5644,.T.);
#3752=EDGE_CURVE('',#4853,#4855,#5645,.T.);
#3753=EDGE_CURVE('',#4856,#4857,#5646,.T.);
#3754=EDGE_CURVE('',#4858,#4856,#5647,.T.);
#3755=EDGE_CURVE('',#4859,#4858,#5648,.T.);
#3756=EDGE_CURVE('',#4857,#4859,#5649,.T.);
#3757=EDGE_CURVE('',#4860,#4861,#5650,.T.);
#3758=EDGE_CURVE('',#4862,#4860,#5651,.T.);
#3759=EDGE_CURVE('',#4863,#4862,#5652,.T.);
#3760=EDGE_CURVE('',#4861,#4863,#5653,.T.);
#3761=EDGE_CURVE('',#4847,#4864,#5654,.T.);
#3762=EDGE_CURVE('',#4864,#4850,#5655,.T.);
#3763=EDGE_CURVE('',#4865,#4866,#5656,.T.);
#3764=EDGE_CURVE('',#4853,#4865,#5657,.T.);
#3765=EDGE_CURVE('',#4866,#4855,#5658,.T.);
#3766=EDGE_CURVE('',#4867,#4868,#508,.T.);
#3767=EDGE_CURVE('',#4869,#4867,#5659,.T.);
#3768=EDGE_CURVE('',#4868,#4869,#5660,.T.);
#3769=EDGE_CURVE('',#4868,#4870,#509,.T.);
#3770=EDGE_CURVE('',#4871,#4868,#5661,.T.);
#3771=EDGE_CURVE('',#4870,#4871,#5662,.T.);
#3772=EDGE_CURVE('',#4870,#4872,#510,.T.);
#3773=EDGE_CURVE('',#4873,#4870,#5663,.T.);
#3774=EDGE_CURVE('',#4872,#4873,#5664,.T.);
#3775=EDGE_CURVE('',#4872,#4867,#511,.T.);
#3776=EDGE_CURVE('',#4874,#4872,#5665,.T.);
#3777=EDGE_CURVE('',#4867,#4874,#5666,.T.);
#3778=EDGE_CURVE('',#4875,#4874,#5667,.T.);
#3779=EDGE_CURVE('',#4875,#4876,#5668,.T.);
#3780=EDGE_CURVE('',#4876,#4869,#5669,.T.);
#3781=EDGE_CURVE('',#4877,#4878,#5670,.T.);
#3782=EDGE_CURVE('',#4878,#4873,#5671,.T.);
#3783=EDGE_CURVE('',#4877,#4871,#5672,.T.);
#3784=EDGE_CURVE('',#4752,#4753,#5673,.T.);
#3785=EDGE_CURVE('',#4751,#4877,#5674,.T.);
#3786=EDGE_CURVE('',#4876,#4754,#5675,.T.);
#3787=EDGE_CURVE('',#4756,#4749,#5676,.T.);
#3788=EDGE_CURVE('',#4755,#4875,#5677,.T.);
#3789=EDGE_CURVE('',#4878,#4750,#5678,.T.);
#3790=EDGE_CURVE('',#4879,#4880,#512,.T.);
#3791=EDGE_CURVE('',#4881,#4879,#5679,.T.);
#3792=EDGE_CURVE('',#4880,#4881,#5680,.T.);
#3793=EDGE_CURVE('',#4880,#4882,#513,.T.);
#3794=EDGE_CURVE('',#4883,#4880,#5681,.T.);
#3795=EDGE_CURVE('',#4882,#4883,#5682,.T.);
#3796=EDGE_CURVE('',#4882,#4884,#514,.T.);
#3797=EDGE_CURVE('',#4885,#4882,#5683,.T.);
#3798=EDGE_CURVE('',#4884,#4885,#5684,.T.);
#3799=EDGE_CURVE('',#4884,#4879,#515,.T.);
#3800=EDGE_CURVE('',#4886,#4884,#5685,.T.);
#3801=EDGE_CURVE('',#4879,#4886,#5686,.T.);
#3802=EDGE_CURVE('',#4887,#4886,#5687,.T.);
#3803=EDGE_CURVE('',#4887,#4888,#5688,.T.);
#3804=EDGE_CURVE('',#4888,#4881,#5689,.T.);
#3805=EDGE_CURVE('',#4889,#4890,#5690,.T.);
#3806=EDGE_CURVE('',#4890,#4885,#5691,.T.);
#3807=EDGE_CURVE('',#4889,#4883,#5692,.T.);
#3808=EDGE_CURVE('',#4761,#4762,#5693,.T.);
#3809=EDGE_CURVE('',#4888,#4763,#5694,.T.);
#3810=EDGE_CURVE('',#4764,#4887,#5695,.T.);
#3811=EDGE_CURVE('',#4760,#4889,#5696,.T.);
#3812=EDGE_CURVE('',#4765,#4758,#5697,.T.);
#3813=EDGE_CURVE('',#4890,#4759,#5698,.T.);
#3814=EDGE_CURVE('',#4891,#4891,#516,.T.);
#3815=EDGE_CURVE('',#4605,#4892,#5699,.T.);
#3816=EDGE_CURVE('',#4666,#4892,#5700,.T.);
#3817=EDGE_CURVE('',#4687,#4747,#5701,.T.);
#3818=EDGE_CURVE('',#4688,#4746,#5702,.T.);
#3819=EDGE_CURVE('',#4747,#4841,#5703,.T.);
#3820=EDGE_CURVE('',#4893,#4894,#5704,.T.);
#3821=EDGE_CURVE('',#4858,#4893,#5705,.T.);
#3822=EDGE_CURVE('',#4856,#4894,#5706,.T.);
#3823=EDGE_CURVE('',#4895,#4896,#5707,.T.);
#3824=EDGE_CURVE('',#4861,#4895,#5708,.T.);
#3825=EDGE_CURVE('',#4863,#4896,#5709,.T.);
#3826=EDGE_CURVE('',#4894,#4897,#5710,.T.);
#3827=EDGE_CURVE('',#4897,#4857,#5711,.T.);
#3828=EDGE_CURVE('',#4896,#4898,#5712,.T.);
#3829=EDGE_CURVE('',#4862,#4898,#5713,.T.);
#3830=EDGE_CURVE('',#4899,#4865,#5714,.T.);
#3831=EDGE_CURVE('',#4852,#4899,#5715,.T.);
#3832=EDGE_CURVE('',#4605,#4843,#5716,.T.);
#3833=EDGE_CURVE('',#4774,#4837,#5717,.T.);
#3834=EDGE_CURVE('',#4900,#4901,#5718,.T.);
#3835=EDGE_CURVE('',#4901,#4902,#5719,.T.);
#3836=EDGE_CURVE('',#4903,#4902,#5720,.T.);
#3837=EDGE_CURVE('',#4900,#4903,#5721,.T.);
#3838=EDGE_CURVE('',#4904,#4905,#5722,.T.);
#3839=EDGE_CURVE('',#4904,#4668,#5723,.T.);
#3840=EDGE_CURVE('',#4905,#4667,#5724,.T.);
#3841=EDGE_CURVE('',#4670,#4900,#5725,.T.);
#3842=EDGE_CURVE('',#4901,#4669,#5726,.T.);
#3843=EDGE_CURVE('',#4892,#4905,#5727,.T.);
#3844=EDGE_CURVE('',#4906,#4684,#5728,.T.);
#3845=EDGE_CURVE('',#4705,#4683,#5729,.T.);
#3846=EDGE_CURVE('',#4906,#4700,#5730,.T.);
#3847=EDGE_CURVE('',#4902,#4907,#5731,.T.);
#3848=EDGE_CURVE('',#4690,#4907,#5732,.T.);
#3849=EDGE_CURVE('',#4903,#4693,#5733,.T.);
#3850=EDGE_CURVE('',#4849,#4908,#5734,.T.);
#3851=EDGE_CURVE('',#4908,#4864,#5735,.T.);
#3852=EDGE_CURVE('',#4909,#4910,#5736,.T.);
#3853=EDGE_CURVE('',#4910,#4911,#5737,.T.);
#3854=EDGE_CURVE('',#4912,#4911,#5738,.T.);
#3855=EDGE_CURVE('',#4909,#4912,#5739,.T.);
#3856=EDGE_CURVE('',#4912,#4851,#517,.T.);
#3857=EDGE_CURVE('',#4911,#4848,#518,.T.);
#3858=EDGE_CURVE('',#4686,#4913,#5740,.T.);
#3859=EDGE_CURVE('',#4685,#4914,#5741,.T.);
#3860=EDGE_CURVE('',#4914,#4913,#5742,.T.);
#3861=EDGE_CURVE('',#4915,#4916,#5743,.T.);
#3862=EDGE_CURVE('',#4917,#4916,#519,.T.);
#3863=EDGE_CURVE('',#4918,#4917,#5744,.T.);
#3864=EDGE_CURVE('',#4918,#4915,#520,.T.);
#3865=EDGE_CURVE('',#4919,#4920,#5745,.T.);
#3866=EDGE_CURVE('',#4915,#4920,#5746,.T.);
#3867=EDGE_CURVE('',#4908,#4918,#5747,.T.);
#3868=EDGE_CURVE('',#4910,#4919,#5748,.T.);
#3869=EDGE_CURVE('',#4921,#4658,#379,.T.);
#3870=EDGE_CURVE('',#4657,#4922,#5749,.T.);
#3871=EDGE_CURVE('',#4922,#4920,#5750,.T.);
#3872=EDGE_CURVE('',#4919,#4923,#5751,.T.);
#3873=EDGE_CURVE('',#4924,#4923,#5752,.T.);
#3874=EDGE_CURVE('',#4924,#4925,#5753,.T.);
#3875=EDGE_CURVE('',#4925,#4926,#380,.T.);
#3876=EDGE_CURVE('',#4921,#4926,#5754,.T.);
#3877=EDGE_CURVE('',#4907,#4922,#5755,.T.);
#3878=EDGE_CURVE('',#4916,#4904,#5756,.T.);
#3879=EDGE_CURVE('',#4914,#4682,#5757,.T.);
#3880=EDGE_CURVE('',#4923,#4906,#5758,.T.);
#3881=EDGE_CURVE('',#4913,#4909,#5759,.T.);
#3882=EDGE_CURVE('',#4924,#4695,#5760,.T.);
#3883=EDGE_CURVE('',#4927,#4927,#521,.T.);
#3884=EDGE_CURVE('',#4928,#4928,#522,.T.);
#3885=EDGE_CURVE('',#4929,#4929,#523,.T.);
#3886=EDGE_CURVE('',#4930,#4930,#524,.T.);
#3887=EDGE_CURVE('',#4742,#4733,#5761,.T.);
#3888=EDGE_CURVE('',#4411,#4739,#5762,.T.);
#3889=EDGE_CURVE('',#4411,#4645,#5763,.T.);
#3890=EDGE_CURVE('',#4931,#4644,#5764,.T.);
#3891=EDGE_CURVE('',#4931,#4932,#5765,.T.);
#3892=EDGE_CURVE('',#4932,#4933,#5766,.T.);
#3893=EDGE_CURVE('',#4933,#4934,#5767,.T.);
#3894=EDGE_CURVE('',#4934,#4935,#5768,.T.);
#3895=EDGE_CURVE('',#4925,#4935,#5769,.T.);
#3896=EDGE_CURVE('',#4936,#4935,#525,.T.);
#3897=EDGE_CURVE('',#4934,#4937,#5770,.T.);
#3898=EDGE_CURVE('',#4936,#4937,#5771,.T.);
#3899=EDGE_CURVE('',#4938,#4939,#5772,.T.);
#3900=EDGE_CURVE('',#4933,#4938,#5773,.T.);
#3901=EDGE_CURVE('',#4939,#4932,#5774,.T.);
#3902=EDGE_CURVE('',#4937,#4940,#526,.T.);
#3903=EDGE_CURVE('',#4941,#4938,#527,.T.);
#3904=EDGE_CURVE('',#4941,#4940,#5775,.T.);
#3905=EDGE_CURVE('',#4942,#4943,#528,.T.);
#3906=EDGE_CURVE('',#4661,#4942,#5776,.T.);
#3907=EDGE_CURVE('',#4660,#4944,#5777,.T.);
#3908=EDGE_CURVE('',#4945,#4944,#529,.T.);
#3909=EDGE_CURVE('',#4943,#4945,#5778,.T.);
#3910=EDGE_CURVE('',#4946,#4942,#5779,.T.);
#3911=EDGE_CURVE('',#4662,#4946,#5780,.T.);
#3912=EDGE_CURVE('',#4947,#4948,#530,.T.);
#3913=EDGE_CURVE('',#4946,#4948,#531,.T.);
#3914=EDGE_CURVE('',#4943,#4947,#5781,.T.);
#3915=EDGE_CURVE('',#4949,#4936,#265,.T.);
#3916=EDGE_CURVE('',#4940,#4949,#5782,.T.);
#3917=EDGE_CURVE('',#4950,#4949,#5783,.T.);
#3918=EDGE_CURVE('',#4950,#4941,#5784,.T.);
#3919=EDGE_CURVE('',#4951,#4950,#532,.T.);
#3920=EDGE_CURVE('',#4951,#4939,#533,.T.);
#3921=EDGE_CURVE('',#4951,#4952,#534,.T.);
#3922=EDGE_CURVE('',#4936,#4952,#535,.T.);
#3923=EDGE_CURVE('',#4952,#4926,#5785,.T.);
#3924=EDGE_CURVE('',#4953,#4947,#5786,.T.);
#3925=EDGE_CURVE('',#4953,#4945,#5787,.T.);
#3926=EDGE_CURVE('',#4954,#4953,#266,.T.);
#3927=EDGE_CURVE('',#4944,#4954,#5788,.T.);
#3928=EDGE_CURVE('',#4659,#4954,#536,.T.);
#3929=EDGE_CURVE('',#4955,#4954,#537,.T.);
#3930=EDGE_CURVE('',#4955,#4948,#538,.T.);
#3931=EDGE_CURVE('',#4921,#4955,#5789,.T.);
#3932=EDGE_CURVE('',#4866,#4956,#5790,.T.);
#3933=EDGE_CURVE('',#4854,#4956,#5791,.T.);
#3934=EDGE_CURVE('',#4956,#4899,#5792,.T.);
#3935=EDGE_CURVE('',#4616,#4899,#5793,.T.);
#3936=EDGE_CURVE('',#4614,#4956,#5794,.T.);
#3937=EDGE_CURVE('',#4617,#4865,#5795,.T.);
#3938=EDGE_CURVE('',#4615,#4866,#5796,.T.);
#3939=EDGE_CURVE('',#4898,#4957,#5797,.T.);
#3940=EDGE_CURVE('',#4957,#4860,#5798,.T.);
#3941=EDGE_CURVE('',#4957,#4895,#5799,.T.);
#3942=EDGE_CURVE('',#4623,#4895,#5800,.T.);
#3943=EDGE_CURVE('',#4621,#4957,#5801,.T.);
#3944=EDGE_CURVE('',#4624,#4896,#5802,.T.);
#3945=EDGE_CURVE('',#4622,#4898,#5803,.T.);
#3946=EDGE_CURVE('',#4897,#4958,#5804,.T.);
#3947=EDGE_CURVE('',#4859,#4958,#5805,.T.);
#3948=EDGE_CURVE('',#4958,#4893,#5806,.T.);
#3949=EDGE_CURVE('',#4612,#4893,#5807,.T.);
#3950=EDGE_CURVE('',#4610,#4958,#5808,.T.);
#3951=EDGE_CURVE('',#4613,#4894,#5809,.T.);
#3952=EDGE_CURVE('',#4611,#4897,#5810,.T.);
#3953=EDGE_CURVE('',#4663,#4931,#5811,.T.);
#3954=EDGE_CURVE('',#4959,#4959,#539,.T.);
#3955=EDGE_CURVE('',#4960,#4960,#540,.T.);
#3956=EDGE_CURVE('',#4961,#4961,#541,.T.);
#3957=EDGE_CURVE('',#4962,#4962,#542,.T.);
#3958=EDGE_CURVE('',#4963,#4963,#543,.T.);
#3959=EDGE_CURVE('',#4964,#4964,#544,.T.);
#3960=EDGE_CURVE('',#4965,#4966,#5812,.T.);
#3961=EDGE_CURVE('',#4845,#4965,#5813,.T.);
#3962=EDGE_CURVE('',#4967,#4917,#5814,.T.);
#3963=EDGE_CURVE('',#4968,#4967,#381,.T.);
#3964=EDGE_CURVE('',#4969,#4968,#5815,.T.);
#3965=EDGE_CURVE('',#4966,#4969,#267,.F.);
#3966=EDGE_CURVE('',#4970,#4971,#5816,.T.);
#3967=EDGE_CURVE('',#4970,#4972,#382,.F.);
#3968=EDGE_CURVE('',#4971,#4972,#5817,.T.);
#3969=EDGE_CURVE('',#4973,#4974,#268,.F.);
#3970=EDGE_CURVE('',#4975,#4973,#269,.F.);
#3971=EDGE_CURVE('',#4976,#4975,#270,.T.);
#3972=EDGE_CURVE('',#4977,#4976,#383,.F.);
#3973=EDGE_CURVE('',#4978,#4977,#271,.T.);
#3974=EDGE_CURVE('',#4979,#4978,#272,.F.);
#3975=EDGE_CURVE('',#4972,#4979,#273,.T.);
#3976=EDGE_CURVE('',#4980,#4970,#274,.T.);
#3977=EDGE_CURVE('',#4980,#4974,#275,.T.);
#3978=EDGE_CURVE('',#4981,#4982,#5818,.T.);
#3979=EDGE_CURVE('',#4983,#4981,#276,.F.);
#3980=EDGE_CURVE('',#4984,#4983,#5819,.T.);
#3981=EDGE_CURVE('',#4985,#4984,#545,.T.);
#3982=EDGE_CURVE('',#4967,#4985,#5820,.T.);
#3983=EDGE_CURVE('',#4965,#4982,#546,.T.);
#3984=EDGE_CURVE('',#4985,#4984,#277,.T.);
#3985=EDGE_CURVE('',#4986,#4976,#5821,.T.);
#3986=EDGE_CURVE('',#4977,#4986,#5822,.T.);
#3987=EDGE_CURVE('',#4981,#4979,#278,.F.);
#3988=EDGE_CURVE('',#4982,#4971,#384,.T.);
#3989=EDGE_CURVE('',#4986,#4968,#385,.T.);
#3990=EDGE_CURVE('',#4969,#4975,#279,.F.);
#3991=EDGE_CURVE('',#4978,#4983,#280,.F.);
#3992=EDGE_CURVE('',#4966,#4980,#281,.F.);
#3993=EDGE_CURVE('',#4987,#4745,#5823,.T.);
#3994=EDGE_CURVE('',#4988,#4680,#5824,.T.);
#3995=EDGE_CURVE('',#4988,#4987,#5825,.T.);
#3996=EDGE_CURVE('',#4732,#4722,#5826,.T.);
#3997=EDGE_CURVE('',#4989,#4990,#547,.T.);
#3998=EDGE_CURVE('',#4988,#4989,#5827,.T.);
#3999=EDGE_CURVE('',#4743,#4991,#5828,.T.);
#4000=EDGE_CURVE('',#4991,#4992,#5829,.T.);
#4001=EDGE_CURVE('',#4992,#4741,#5830,.T.);
#4002=EDGE_CURVE('',#4720,#4990,#5831,.T.);
#4003=EDGE_CURVE('',#4993,#4994,#5832,.T.);
#4004=EDGE_CURVE('',#4992,#4993,#5833,.T.);
#4005=EDGE_CURVE('',#4994,#4991,#5834,.T.);
#4006=EDGE_CURVE('',#4742,#4993,#5835,.T.);
#4007=EDGE_CURVE('',#4994,#4745,#5836,.T.);
#4008=EDGE_CURVE('',#4990,#4995,#5837,.T.);
#4009=EDGE_CURVE('',#4995,#4722,#5838,.T.);
#4010=EDGE_CURVE('',#4996,#4665,#5839,.T.);
#4011=EDGE_CURVE('',#4694,#4996,#5840,.T.);
#4012=EDGE_CURVE('',#4716,#4997,#5841,.T.);
#4013=EDGE_CURVE('',#4672,#4997,#5842,.T.);
#4014=EDGE_CURVE('',#4716,#4652,#386,.T.);
#4015=EDGE_CURVE('',#4998,#4671,#5843,.T.);
#4016=EDGE_CURVE('',#4996,#4998,#5844,.T.);
#4017=EDGE_CURVE('',#4997,#4998,#548,.T.);
#4018=EDGE_CURVE('',#4653,#4996,#5845,.T.);
#4019=EDGE_CURVE('',#4996,#4997,#5846,.T.);
#4020=EDGE_CURVE('',#4995,#4999,#387,.T.);
#4021=EDGE_CURVE('',#4987,#4999,#5847,.T.);
#4022=EDGE_CURVE('',#4999,#4989,#5848,.T.);
#4023=EDGE_CURVE('',#5000,#5001,#5849,.T.);
#4024=EDGE_CURVE('',#5002,#5000,#282,.T.);
#4025=EDGE_CURVE('',#5003,#5002,#283,.T.);
#4026=EDGE_CURVE('',#5004,#5003,#284,.T.);
#4027=EDGE_CURVE('',#5005,#5004,#285,.T.);
#4028=EDGE_CURVE('',#5006,#5005,#286,.T.);
#4029=EDGE_CURVE('',#5007,#5006,#287,.T.);
#4030=EDGE_CURVE('',#5008,#5007,#288,.T.);
#4031=EDGE_CURVE('',#5009,#5008,#5850,.T.);
#4032=EDGE_CURVE('',#5001,#5009,#5851,.T.);
#4033=EDGE_CURVE('',#5001,#4784,#5852,.T.);
#4034=EDGE_CURVE('',#5000,#4793,#5853,.T.);
#4035=EDGE_CURVE('',#5002,#4792,#5854,.T.);
#4036=EDGE_CURVE('',#5003,#4791,#5855,.T.);
#4037=EDGE_CURVE('',#5004,#4790,#5856,.T.);
#4038=EDGE_CURVE('',#5005,#4789,#5857,.T.);
#4039=EDGE_CURVE('',#5006,#4788,#5858,.T.);
#4040=EDGE_CURVE('',#5007,#4787,#5859,.T.);
#4041=EDGE_CURVE('',#5008,#4786,#5860,.T.);
#4042=EDGE_CURVE('',#5009,#4785,#5861,.T.);
#4043=EDGE_CURVE('',#5010,#5011,#5862,.T.);
#4044=EDGE_CURVE('',#5012,#5010,#5863,.T.);
#4045=EDGE_CURVE('',#5013,#5012,#289,.T.);
#4046=EDGE_CURVE('',#5014,#5013,#290,.T.);
#4047=EDGE_CURVE('',#5015,#5014,#291,.T.);
#4048=EDGE_CURVE('',#5016,#5015,#292,.T.);
#4049=EDGE_CURVE('',#5017,#5016,#549,.F.);
#4050=EDGE_CURVE('',#5018,#5017,#293,.T.);
#4051=EDGE_CURVE('',#5011,#5018,#5864,.T.);
#4052=EDGE_CURVE('',#5011,#4794,#5865,.T.);
#4053=EDGE_CURVE('',#5010,#4802,#5866,.T.);
#4054=EDGE_CURVE('',#5012,#4801,#5867,.T.);
#4055=EDGE_CURVE('',#5013,#4800,#5868,.T.);
#4056=EDGE_CURVE('',#5014,#4799,#5869,.T.);
#4057=EDGE_CURVE('',#5015,#4798,#5870,.T.);
#4058=EDGE_CURVE('',#5016,#4797,#5871,.T.);
#4059=EDGE_CURVE('',#5017,#4796,#294,.F.);
#4060=EDGE_CURVE('',#5018,#4795,#5872,.T.);
#4061=EDGE_CURVE('',#5019,#5020,#5873,.T.);
#4062=EDGE_CURVE('',#5021,#5019,#5874,.T.);
#4063=EDGE_CURVE('',#5022,#5021,#295,.T.);
#4064=EDGE_CURVE('',#5023,#5022,#296,.T.);
#4065=EDGE_CURVE('',#5024,#5023,#297,.T.);
#4066=EDGE_CURVE('',#5025,#5024,#298,.T.);
#4067=EDGE_CURVE('',#5026,#5025,#299,.T.);
#4068=EDGE_CURVE('',#5027,#5026,#300,.T.);
#4069=EDGE_CURVE('',#5028,#5027,#301,.T.);
#4070=EDGE_CURVE('',#5020,#5028,#5875,.T.);
#4071=EDGE_CURVE('',#5020,#4803,#5876,.T.);
#4072=EDGE_CURVE('',#5019,#4812,#5877,.T.);
#4073=EDGE_CURVE('',#5021,#4811,#5878,.T.);
#4074=EDGE_CURVE('',#5022,#4810,#5879,.T.);
#4075=EDGE_CURVE('',#5023,#4809,#5880,.T.);
#4076=EDGE_CURVE('',#5024,#4808,#5881,.T.);
#4077=EDGE_CURVE('',#5025,#4807,#5882,.T.);
#4078=EDGE_CURVE('',#5026,#4806,#5883,.T.);
#4079=EDGE_CURVE('',#5027,#4805,#5884,.T.);
#4080=EDGE_CURVE('',#5028,#4804,#5885,.T.);
#4081=EDGE_CURVE('',#5029,#5030,#302,.T.);
#4082=EDGE_CURVE('',#5031,#5029,#550,.F.);
#4083=EDGE_CURVE('',#5032,#5031,#551,.F.);
#4084=EDGE_CURVE('',#5033,#5032,#552,.F.);
#4085=EDGE_CURVE('',#5034,#5033,#303,.T.);
#4086=EDGE_CURVE('',#5035,#5034,#304,.T.);
#4087=EDGE_CURVE('',#5036,#5035,#305,.T.);
#4088=EDGE_CURVE('',#5037,#5036,#306,.T.);
#4089=EDGE_CURVE('',#5030,#5037,#307,.T.);
#4090=EDGE_CURVE('',#5030,#4813,#5886,.T.);
#4091=EDGE_CURVE('',#5029,#4821,#308,.T.);
#4092=EDGE_CURVE('',#5031,#4820,#309,.F.);
#4093=EDGE_CURVE('',#5032,#4819,#310,.F.);
#4094=EDGE_CURVE('',#5033,#4818,#311,.F.);
#4095=EDGE_CURVE('',#5034,#4817,#5887,.T.);
#4096=EDGE_CURVE('',#5035,#4816,#5888,.T.);
#4097=EDGE_CURVE('',#5036,#4815,#5889,.T.);
#4098=EDGE_CURVE('',#5037,#4814,#5890,.T.);
#4099=EDGE_CURVE('',#5038,#5039,#312,.T.);
#4100=EDGE_CURVE('',#5040,#5038,#313,.T.);
#4101=EDGE_CURVE('',#5041,#5040,#314,.T.);
#4102=EDGE_CURVE('',#5042,#5041,#315,.T.);
#4103=EDGE_CURVE('',#5043,#5042,#553,.F.);
#4104=EDGE_CURVE('',#5044,#5043,#316,.T.);
#4105=EDGE_CURVE('',#5045,#5044,#317,.T.);
#4106=EDGE_CURVE('',#5039,#5045,#318,.T.);
#4107=EDGE_CURVE('',#5039,#4822,#5891,.T.);
#4108=EDGE_CURVE('',#5038,#4829,#5892,.T.);
#4109=EDGE_CURVE('',#5040,#4828,#5893,.T.);
#4110=EDGE_CURVE('',#5041,#4827,#5894,.T.);
#4111=EDGE_CURVE('',#5042,#4826,#319,.T.);
#4112=EDGE_CURVE('',#5043,#4825,#320,.F.);
#4113=EDGE_CURVE('',#5044,#4824,#5895,.T.);
#4114=EDGE_CURVE('',#5045,#4823,#5896,.T.);
#4115=EDGE_CURVE('',#4645,#4628,#5897,.T.);
#4116=EDGE_CURVE('',#5046,#5047,#388,.T.);
#4117=EDGE_CURVE('',#5048,#5046,#5898,.T.);
#4118=EDGE_CURVE('',#5048,#5049,#5899,.T.);
#4119=EDGE_CURVE('',#5049,#5050,#321,.F.);
#4120=EDGE_CURVE('',#5050,#5047,#5900,.T.);
#4121=EDGE_CURVE('',#5051,#5050,#322,.F.);
#4122=EDGE_CURVE('',#5049,#5052,#323,.F.);
#4123=EDGE_CURVE('',#5052,#5051,#5901,.F.);
#4124=EDGE_CURVE('',#5053,#5054,#324,.F.);
#4125=EDGE_CURVE('',#5055,#5054,#325,.T.);
#4126=EDGE_CURVE('',#5055,#5056,#326,.F.);
#4127=EDGE_CURVE('',#5056,#5053,#5902,.F.);
#4128=EDGE_CURVE('',#5057,#5058,#327,.F.);
#4129=EDGE_CURVE('',#5059,#5058,#5903,.F.);
#4130=EDGE_CURVE('',#5059,#5060,#328,.F.);
#4131=EDGE_CURVE('',#5060,#5057,#329,.F.);
#4132=EDGE_CURVE('',#5061,#5062,#5904,.T.);
#4133=EDGE_CURVE('',#5063,#5062,#5905,.T.);
#4134=EDGE_CURVE('',#5063,#5064,#5906,.T.);
#4135=EDGE_CURVE('',#5064,#5061,#5907,.T.);
#4136=EDGE_CURVE('',#5065,#5066,#187,.T.);
#4137=EDGE_CURVE('',#5066,#5067,#188,.T.);
#4138=EDGE_CURVE('',#5067,#5062,#5908,.T.);
#4139=EDGE_CURVE('',#5068,#5061,#5909,.T.);
#4140=EDGE_CURVE('',#5069,#5068,#5910,.T.);
#4141=EDGE_CURVE('',#5070,#5069,#5911,.T.);
#4142=EDGE_CURVE('',#5070,#5065,#5912,.T.);
#4143=EDGE_CURVE('',#5071,#5072,#5913,.T.);
#4144=EDGE_CURVE('',#5073,#5072,#5914,.T.);
#4145=EDGE_CURVE('',#5073,#5074,#5915,.T.);
#4146=EDGE_CURVE('',#5071,#5074,#5916,.T.);
#4147=EDGE_CURVE('',#5075,#5071,#5917,.T.);
#4148=EDGE_CURVE('',#5076,#5071,#5918,.T.);
#4149=EDGE_CURVE('',#5076,#5077,#554,.T.);
#4150=EDGE_CURVE('',#5078,#5077,#5919,.T.);
#4151=EDGE_CURVE('',#5079,#5078,#5920,.T.);
#4152=EDGE_CURVE('',#5080,#5079,#5921,.T.);
#4153=EDGE_CURVE('',#5081,#5080,#5922,.T.);
#4154=EDGE_CURVE('',#5082,#5081,#5923,.T.);
#4155=EDGE_CURVE('',#5082,#5083,#555,.T.);
#4156=EDGE_CURVE('',#5084,#5083,#5924,.T.);
#4157=EDGE_CURVE('',#5084,#5085,#556,.T.);
#4158=EDGE_CURVE('',#5086,#5085,#5925,.T.);
#4159=EDGE_CURVE('',#5087,#5086,#5926,.T.);
#4160=EDGE_CURVE('',#5087,#5088,#5927,.T.);
#4161=EDGE_CURVE('',#5089,#5088,#189,.T.);
#4162=EDGE_CURVE('',#5090,#5089,#5928,.T.);
#4163=EDGE_CURVE('',#5090,#5091,#5929,.T.);
#4164=EDGE_CURVE('',#5092,#5091,#5930,.T.);
#4165=EDGE_CURVE('',#5075,#5092,#5931,.T.);
#4166=EDGE_CURVE('',#5093,#5094,#557,.T.);
#4167=EDGE_CURVE('',#5095,#5094,#5932,.T.);
#4168=EDGE_CURVE('',#5095,#5096,#558,.T.);
#4169=EDGE_CURVE('',#5096,#5097,#5933,.T.);
#4170=EDGE_CURVE('',#5097,#5093,#5934,.T.);
#4171=EDGE_CURVE('',#5098,#5099,#559,.T.);
#4172=EDGE_CURVE('',#5099,#5088,#389,.T.);
#4173=EDGE_CURVE('',#5087,#5098,#5935,.T.);
#4174=EDGE_CURVE('',#5059,#5094,#5936,.T.);
#4175=EDGE_CURVE('',#5093,#5099,#560,.T.);
#4176=EDGE_CURVE('',#5060,#5098,#5937,.T.);
#4177=EDGE_CURVE('',#5100,#5101,#5938,.T.);
#4178=EDGE_CURVE('',#5090,#5101,#5939,.T.);
#4179=EDGE_CURVE('',#5100,#5089,#190,.T.);
#4180=EDGE_CURVE('',#5102,#5084,#191,.T.);
#4181=EDGE_CURVE('',#5085,#5102,#5940,.T.);
#4182=EDGE_CURVE('',#5103,#5103,#561,.T.);
#4183=EDGE_CURVE('',#5104,#5104,#562,.T.);
#4184=EDGE_CURVE('',#5105,#5105,#563,.T.);
#4185=EDGE_CURVE('',#5049,#5077,#5941,.T.);
#4186=EDGE_CURVE('',#5106,#5076,#5942,.T.);
#4187=EDGE_CURVE('',#5107,#5106,#564,.T.);
#4188=EDGE_CURVE('',#5107,#5108,#565,.T.);
#4189=EDGE_CURVE('',#5108,#5052,#5943,.T.);
#4190=EDGE_CURVE('',#5078,#5048,#5944,.T.);
#4191=EDGE_CURVE('',#5109,#5097,#566,.T.);
#4192=EDGE_CURVE('',#5096,#5110,#567,.T.);
#4193=EDGE_CURVE('',#5110,#5111,#5945,.T.);
#4194=EDGE_CURVE('',#5111,#5112,#5946,.T.);
#4195=EDGE_CURVE('',#5107,#5112,#5947,.T.);
#4196=EDGE_CURVE('',#5106,#5074,#5948,.T.);
#4197=EDGE_CURVE('',#5074,#5113,#5949,.T.);
#4198=EDGE_CURVE('',#5113,#5109,#5950,.T.);
#4199=EDGE_CURVE('',#5055,#5083,#5951,.T.);
#4200=EDGE_CURVE('',#5110,#5082,#5952,.T.);
#4201=EDGE_CURVE('',#5095,#5056,#5953,.T.);
#4202=EDGE_CURVE('',#5114,#5086,#5954,.T.);
#4203=EDGE_CURVE('',#5098,#5114,#5955,.T.);
#4204=EDGE_CURVE('',#5115,#5055,#5956,.T.);
#4205=EDGE_CURVE('',#5102,#5115,#5957,.T.);
#4206=EDGE_CURVE('',#5060,#5116,#5958,.T.);
#4207=EDGE_CURVE('',#5116,#5114,#5959,.T.);
#4208=EDGE_CURVE('',#5117,#5118,#5960,.T.);
#4209=EDGE_CURVE('',#5117,#5119,#5961,.T.);
#4210=EDGE_CURVE('',#5120,#5119,#5962,.T.);
#4211=EDGE_CURVE('',#5121,#5120,#5963,.T.);
#4212=EDGE_CURVE('',#5121,#5122,#5964,.T.);
#4213=EDGE_CURVE('',#5118,#5122,#5965,.T.);
#4214=EDGE_CURVE('',#5123,#5113,#5966,.T.);
#4215=EDGE_CURVE('',#5123,#5073,#5967,.T.);
#4216=EDGE_CURVE('',#5108,#5119,#5968,.T.);
#4217=EDGE_CURVE('',#5120,#5112,#5969,.T.);
#4218=EDGE_CURVE('',#5124,#5121,#330,.T.);
#4219=EDGE_CURVE('',#5124,#5125,#5970,.T.);
#4220=EDGE_CURVE('',#5122,#5125,#5971,.T.);
#4221=EDGE_CURVE('',#5126,#5124,#331,.F.);
#4222=EDGE_CURVE('',#5111,#5126,#5972,.T.);
#4223=EDGE_CURVE('',#5080,#5124,#5973,.T.);
#4224=EDGE_CURVE('',#5125,#5079,#5974,.T.);
#4225=EDGE_CURVE('',#5111,#5081,#5975,.T.);
#4226=EDGE_CURVE('',#5127,#5128,#5976,.T.);
#4227=EDGE_CURVE('',#5127,#5069,#5977,.T.);
#4228=EDGE_CURVE('',#5068,#5128,#5978,.T.);
#4229=EDGE_CURVE('',#5064,#5128,#5979,.T.);
#4230=EDGE_CURVE('',#5129,#5046,#5980,.T.);
#4231=EDGE_CURVE('',#5118,#5129,#5981,.T.);
#4232=EDGE_CURVE('',#5130,#5129,#390,.T.);
#4233=EDGE_CURVE('',#5130,#5131,#5982,.T.);
#4234=EDGE_CURVE('',#5117,#5131,#5983,.T.);
#4235=EDGE_CURVE('',#5132,#5133,#5984,.T.);
#4236=EDGE_CURVE('',#5134,#5132,#5985,.T.);
#4237=EDGE_CURVE('',#5135,#5134,#5986,.T.);
#4238=EDGE_CURVE('',#5136,#5135,#5987,.T.);
#4239=EDGE_CURVE('',#5137,#5136,#5988,.T.);
#4240=EDGE_CURVE('',#5138,#5137,#5989,.T.);
#4241=EDGE_CURVE('',#5138,#5139,#5990,.T.);
#4242=EDGE_CURVE('',#5133,#5139,#5991,.T.);
#4243=EDGE_CURVE('',#5140,#5141,#391,.T.);
#4244=EDGE_CURVE('',#5115,#5140,#5992,.T.);
#4245=EDGE_CURVE('',#5054,#5141,#5993,.T.);
#4246=EDGE_CURVE('',#5142,#5140,#5994,.T.);
#4247=EDGE_CURVE('',#5116,#5142,#5995,.T.);
#4248=EDGE_CURVE('',#5143,#5142,#392,.T.);
#4249=EDGE_CURVE('',#5143,#5057,#5996,.T.);
#4250=EDGE_CURVE('',#5144,#5145,#332,.T.);
#4251=EDGE_CURVE('',#5146,#5144,#333,.T.);
#4252=EDGE_CURVE('',#5146,#5147,#5997,.T.);
#4253=EDGE_CURVE('',#5147,#5145,#334,.F.);
#4254=EDGE_CURVE('',#5148,#5070,#192,.T.);
#4255=EDGE_CURVE('',#5149,#5148,#568,.T.);
#4256=EDGE_CURVE('',#5149,#5100,#193,.T.);
#4257=EDGE_CURVE('',#5146,#5109,#194,.T.);
#4258=EDGE_CURVE('',#5150,#5144,#335,.T.);
#4259=EDGE_CURVE('',#5150,#5151,#569,.T.);
#4260=EDGE_CURVE('',#5151,#5152,#5998,.T.);
#4261=EDGE_CURVE('',#5152,#5153,#570,.T.);
#4262=EDGE_CURVE('',#5153,#5067,#195,.T.);
#4263=EDGE_CURVE('',#5154,#5149,#5999,.T.);
#4264=EDGE_CURVE('',#5101,#5154,#6000,.T.);
#4265=EDGE_CURVE('',#5155,#5154,#393,.T.);
#4266=EDGE_CURVE('',#5155,#5091,#6001,.T.);
#4267=EDGE_CURVE('',#5156,#5155,#394,.T.);
#4268=EDGE_CURVE('',#5092,#5156,#6002,.T.);
#4269=EDGE_CURVE('',#5157,#5158,#6003,.T.);
#4270=EDGE_CURVE('',#5159,#5158,#395,.T.);
#4271=EDGE_CURVE('',#5157,#5159,#6004,.T.);
#4272=EDGE_CURVE('',#5160,#5161,#6005,.T.);
#4273=EDGE_CURVE('',#5162,#5161,#6006,.T.);
#4274=EDGE_CURVE('',#5163,#5162,#6007,.T.);
#4275=EDGE_CURVE('',#5163,#5160,#6008,.T.);
#4276=EDGE_CURVE('',#5164,#5165,#6009,.T.);
#4277=EDGE_CURVE('',#5166,#5164,#6010,.T.);
#4278=EDGE_CURVE('',#5167,#5166,#6011,.T.);
#4279=EDGE_CURVE('',#5167,#5165,#6012,.T.);
#4280=EDGE_CURVE('',#5168,#5169,#6013,.T.);
#4281=EDGE_CURVE('',#5170,#5169,#6014,.T.);
#4282=EDGE_CURVE('',#5171,#5170,#6015,.T.);
#4283=EDGE_CURVE('',#5171,#5168,#6016,.T.);
#4284=EDGE_CURVE('',#5172,#5173,#6017,.T.);
#4285=EDGE_CURVE('',#5173,#5158,#6018,.T.);
#4286=EDGE_CURVE('',#5157,#5151,#6019,.T.);
#4287=EDGE_CURVE('',#5172,#5150,#6020,.T.);
#4288=EDGE_CURVE('',#5174,#5152,#6021,.T.);
#4289=EDGE_CURVE('',#5174,#5175,#6022,.T.);
#4290=EDGE_CURVE('',#5153,#5175,#6023,.T.);
#4291=EDGE_CURVE('',#5176,#5176,#571,.T.);
#4292=EDGE_CURVE('',#5177,#5178,#572,.T.);
#4293=EDGE_CURVE('',#5178,#5179,#573,.T.);
#4294=EDGE_CURVE('',#5180,#5179,#574,.T.);
#4295=EDGE_CURVE('',#5180,#5181,#6024,.T.);
#4296=EDGE_CURVE('',#5181,#5182,#6025,.T.);
#4297=EDGE_CURVE('',#5182,#5177,#6026,.T.);
#4298=EDGE_CURVE('',#5183,#5184,#575,.T.);
#4299=EDGE_CURVE('',#5180,#5184,#6027,.T.);
#4300=EDGE_CURVE('',#5183,#5179,#6028,.T.);
#4301=EDGE_CURVE('',#5185,#5186,#576,.T.);
#4302=EDGE_CURVE('',#5183,#5185,#336,.T.);
#4303=EDGE_CURVE('',#5173,#5183,#577,.T.);
#4304=EDGE_CURVE('',#5173,#5186,#578,.T.);
#4305=EDGE_CURVE('',#5186,#5187,#6029,.T.);
#4306=EDGE_CURVE('',#5187,#5172,#579,.T.);
#4307=EDGE_CURVE('',#5188,#5189,#6030,.T.);
#4308=EDGE_CURVE('',#5188,#5171,#396,.T.);
#4309=EDGE_CURVE('',#5189,#5170,#397,.T.);
#4310=EDGE_CURVE('',#5190,#5165,#398,.T.);
#4311=EDGE_CURVE('',#5191,#5190,#6031,.T.);
#4312=EDGE_CURVE('',#5191,#5192,#6032,.T.);
#4313=EDGE_CURVE('',#5193,#5192,#6033,.T.);
#4314=EDGE_CURVE('',#5193,#5164,#399,.T.);
#4315=EDGE_CURVE('',#5190,#5132,#580,.T.);
#4316=EDGE_CURVE('',#5167,#5134,#400,.T.);
#4317=EDGE_CURVE('',#5166,#5194,#401,.T.);
#4318=EDGE_CURVE('',#5195,#5194,#6034,.T.);
#4319=EDGE_CURVE('',#5135,#5195,#6035,.T.);
#4320=EDGE_CURVE('',#5194,#5193,#6036,.T.);
#4321=EDGE_CURVE('',#5160,#5196,#402,.T.);
#4322=EDGE_CURVE('',#5197,#5196,#6037,.T.);
#4323=EDGE_CURVE('',#5161,#5197,#403,.T.);
#4324=EDGE_CURVE('',#5163,#5198,#404,.T.);
#4325=EDGE_CURVE('',#5196,#5198,#581,.T.);
#4326=EDGE_CURVE('',#5199,#5200,#6038,.T.);
#4327=EDGE_CURVE('',#5199,#5198,#6039,.T.);
#4328=EDGE_CURVE('',#5162,#5201,#405,.T.);
#4329=EDGE_CURVE('',#5200,#5201,#6040,.T.);
#4330=EDGE_CURVE('',#5201,#5197,#6041,.T.);
#4331=EDGE_CURVE('',#5175,#5063,#6042,.T.);
#4332=EDGE_CURVE('',#5202,#5203,#6043,.T.);
#4333=EDGE_CURVE('',#5202,#5204,#6044,.T.);
#4334=EDGE_CURVE('',#5184,#5204,#6045,.T.);
#4335=EDGE_CURVE('',#5184,#5203,#6046,.T.);
#4336=EDGE_CURVE('',#5204,#5181,#6047,.T.);
#4337=EDGE_CURVE('',#5189,#5205,#6048,.T.);
#4338=EDGE_CURVE('',#5205,#5195,#6049,.T.);
#4339=EDGE_CURVE('',#5192,#5200,#6050,.T.);
#4340=EDGE_CURVE('',#5206,#5197,#6051,.T.);
#4341=EDGE_CURVE('',#5206,#5207,#6052,.T.);
#4342=EDGE_CURVE('',#5188,#5207,#6053,.T.);
#4343=EDGE_CURVE('',#5191,#5199,#6054,.T.);
#4344=EDGE_CURVE('',#5133,#5206,#6055,.T.);
#4345=EDGE_CURVE('',#5208,#5208,#582,.T.);
#4346=EDGE_CURVE('',#5203,#5185,#583,.T.);
#4347=EDGE_CURVE('',#5136,#5205,#6056,.T.);
#4348=EDGE_CURVE('',#5209,#5209,#584,.T.);
#4349=EDGE_CURVE('',#5210,#5211,#585,.T.);
#4350=EDGE_CURVE('',#5159,#5211,#6057,.T.);
#4351=EDGE_CURVE('',#5210,#5178,#6058,.T.);
#4352=EDGE_CURVE('',#4625,#5174,#6059,.T.);
#4353=EDGE_CURVE('',#5212,#5211,#586,.T.);
#4354=EDGE_CURVE('',#5177,#5212,#6060,.T.);
#4355=EDGE_CURVE('',#5182,#4641,#6061,.T.);
#4356=EDGE_CURVE('',#5210,#5212,#337,.T.);
#4357=EDGE_CURVE('',#5143,#5213,#406,.T.);
#4358=EDGE_CURVE('',#5057,#5213,#338,.T.);
#4359=EDGE_CURVE('',#5058,#5214,#6062,.F.);
#4360=EDGE_CURVE('',#5215,#5214,#6063,.T.);
#4361=EDGE_CURVE('',#5053,#5215,#6064,.F.);
#4362=EDGE_CURVE('',#5216,#5215,#407,.F.);
#4363=EDGE_CURVE('',#5054,#5216,#339,.T.);
#4364=EDGE_CURVE('',#5131,#5217,#6065,.T.);
#4365=EDGE_CURVE('',#5218,#5217,#6066,.T.);
#4366=EDGE_CURVE('',#5051,#5218,#6067,.F.);
#4367=EDGE_CURVE('',#5216,#5141,#408,.T.);
#4368=EDGE_CURVE('',#5130,#5217,#409,.T.);
#4369=EDGE_CURVE('',#5219,#5047,#410,.T.);
#4370=EDGE_CURVE('',#5050,#5219,#340,.F.);
#4371=EDGE_CURVE('',#5137,#5169,#411,.T.);
#4372=EDGE_CURVE('',#5138,#5168,#412,.T.);
#4373=EDGE_CURVE('',#5207,#5139,#6068,.T.);
#4374=EDGE_CURVE('',#5214,#5213,#413,.F.);
#4375=EDGE_CURVE('',#5145,#5220,#341,.T.);
#4376=EDGE_CURVE('',#5220,#5221,#6069,.T.);
#4377=EDGE_CURVE('',#5221,#5172,#587,.T.);
#4378=EDGE_CURVE('',#5219,#5218,#414,.F.);
#4379=EDGE_CURVE('',#5221,#5222,#588,.T.);
#4380=EDGE_CURVE('',#5187,#5222,#589,.T.);
#4381=EDGE_CURVE('',#5113,#5221,#6070,.T.);
#4382=EDGE_CURVE('',#5222,#5123,#6071,.T.);
#4383=EDGE_CURVE('',#5147,#5220,#6072,.T.);
#4384=EDGE_CURVE('',#5223,#5224,#590,.T.);
#4385=EDGE_CURVE('',#5224,#5156,#6073,.T.);
#4386=EDGE_CURVE('',#5148,#5223,#6074,.T.);
#4387=EDGE_CURVE('',#5202,#5225,#6075,.T.);
#4388=EDGE_CURVE('',#5225,#5226,#6076,.T.);
#4389=EDGE_CURVE('',#5127,#5226,#6077,.T.);
#4390=EDGE_CURVE('',#5226,#5223,#6078,.T.);
#4391=EDGE_CURVE('',#5224,#5075,#6079,.T.);
#4392=EDGE_CURVE('',#5075,#5227,#6080,.T.);
#4393=EDGE_CURVE('',#5072,#5227,#6081,.T.);
#4394=EDGE_CURVE('',#5228,#5225,#6082,.T.);
#4395=EDGE_CURVE('',#5228,#5223,#6083,.T.);
#4396=EDGE_CURVE('',#5229,#5228,#591,.T.);
#4397=EDGE_CURVE('',#5229,#5224,#342,.T.);
#4398=EDGE_CURVE('',#5227,#5229,#6084,.T.);
#4399=EDGE_CURVE('',#5230,#5230,#592,.T.);
#4400=EDGE_CURVE('',#5231,#5231,#593,.T.);
#4401=EDGE_CURVE('',#5232,#5232,#594,.T.);
#4402=EDGE_CURVE('',#5233,#5234,#6085,.T.);
#4403=EDGE_CURVE('',#5235,#5233,#6086,.T.);
#4404=EDGE_CURVE('',#5235,#5234,#6087,.T.);
#4405=EDGE_CURVE('',#5234,#5236,#6088,.T.);
#4406=EDGE_CURVE('',#5236,#5237,#6089,.T.);
#4407=EDGE_CURVE('',#5233,#5237,#6090,.T.);
#4408=EDGE_CURVE('',#5238,#5236,#6091,.T.);
#4409=EDGE_CURVE('',#5238,#5235,#6092,.T.);
#4410=EDGE_CURVE('',#5237,#5238,#6093,.T.);
#4411=VERTEX_POINT('',#11756);
#4412=VERTEX_POINT('',#11757);
#4413=VERTEX_POINT('',#11759);
#4414=VERTEX_POINT('',#11761);
#4415=VERTEX_POINT('',#11763);
#4416=VERTEX_POINT('',#11765);
#4417=VERTEX_POINT('',#11767);
#4418=VERTEX_POINT('',#11769);
#4419=VERTEX_POINT('',#11773);
#4420=VERTEX_POINT('',#11774);
#4421=VERTEX_POINT('',#11776);
#4422=VERTEX_POINT('',#11781);
#4423=VERTEX_POINT('',#11783);
#4424=VERTEX_POINT('',#11790);
#4425=VERTEX_POINT('',#11792);
#4426=VERTEX_POINT('',#11802);
#4427=VERTEX_POINT('',#11803);
#4428=VERTEX_POINT('',#11805);
#4429=VERTEX_POINT('',#11810);
#4430=VERTEX_POINT('',#11820);
#4431=VERTEX_POINT('',#11821);
#4432=VERTEX_POINT('',#11826);
#4433=VERTEX_POINT('',#11831);
#4434=VERTEX_POINT('',#11835);
#4435=VERTEX_POINT('',#11836);
#4436=VERTEX_POINT('',#11838);
#4437=VERTEX_POINT('',#11840);
#4438=VERTEX_POINT('',#11846);
#4439=VERTEX_POINT('',#11847);
#4440=VERTEX_POINT('',#11849);
#4441=VERTEX_POINT('',#11851);
#4442=VERTEX_POINT('',#11853);
#4443=VERTEX_POINT('',#11856);
#4444=VERTEX_POINT('',#11862);
#4445=VERTEX_POINT('',#11863);
#4446=VERTEX_POINT('',#11865);
#4447=VERTEX_POINT('',#11867);
#4448=VERTEX_POINT('',#11871);
#4449=VERTEX_POINT('',#11873);
#4450=VERTEX_POINT('',#11875);
#4451=VERTEX_POINT('',#11877);
#4452=VERTEX_POINT('',#11879);
#4453=VERTEX_POINT('',#11883);
#4454=VERTEX_POINT('',#11885);
#4455=VERTEX_POINT('',#11887);
#4456=VERTEX_POINT('',#11889);
#4457=VERTEX_POINT('',#11891);
#4458=VERTEX_POINT('',#11893);
#4459=VERTEX_POINT('',#11895);
#4460=VERTEX_POINT('',#11897);
#4461=VERTEX_POINT('',#11899);
#4462=VERTEX_POINT('',#11901);
#4463=VERTEX_POINT('',#11903);
#4464=VERTEX_POINT('',#11905);
#4465=VERTEX_POINT('',#11907);
#4466=VERTEX_POINT('',#11911);
#4467=VERTEX_POINT('',#11912);
#4468=VERTEX_POINT('',#11914);
#4469=VERTEX_POINT('',#11916);
#4470=VERTEX_POINT('',#11918);
#4471=VERTEX_POINT('',#11922);
#4472=VERTEX_POINT('',#11923);
#4473=VERTEX_POINT('',#12001);
#4474=VERTEX_POINT('',#12002);
#4475=VERTEX_POINT('',#12011);
#4476=VERTEX_POINT('',#12014);
#4477=VERTEX_POINT('',#12017);
#4478=VERTEX_POINT('',#12020);
#4479=VERTEX_POINT('',#12093);
#4480=VERTEX_POINT('',#12095);
#4481=VERTEX_POINT('',#12097);
#4482=VERTEX_POINT('',#12104);
#4483=VERTEX_POINT('',#12106);
#4484=VERTEX_POINT('',#12110);
#4485=VERTEX_POINT('',#12112);
#4486=VERTEX_POINT('',#12114);
#4487=VERTEX_POINT('',#12221);
#4488=VERTEX_POINT('',#12225);
#4489=VERTEX_POINT('',#12229);
#4490=VERTEX_POINT('',#12233);
#4491=VERTEX_POINT('',#12234);
#4492=VERTEX_POINT('',#12236);
#4493=VERTEX_POINT('',#12238);
#4494=VERTEX_POINT('',#12240);
#4495=VERTEX_POINT('',#12242);
#4496=VERTEX_POINT('',#12246);
#4497=VERTEX_POINT('',#12256);
#4498=VERTEX_POINT('',#12258);
#4499=VERTEX_POINT('',#12265);
#4500=VERTEX_POINT('',#12276);
#4501=VERTEX_POINT('',#12277);
#4502=VERTEX_POINT('',#12284);
#4503=VERTEX_POINT('',#12288);
#4504=VERTEX_POINT('',#12290);
#4505=VERTEX_POINT('',#12294);
#4506=VERTEX_POINT('',#12295);
#4507=VERTEX_POINT('',#12297);
#4508=VERTEX_POINT('',#12299);
#4509=VERTEX_POINT('',#12301);
#4510=VERTEX_POINT('',#12303);
#4511=VERTEX_POINT('',#12305);
#4512=VERTEX_POINT('',#12307);
#4513=VERTEX_POINT('',#12311);
#4514=VERTEX_POINT('',#12312);
#4515=VERTEX_POINT('',#12317);
#4516=VERTEX_POINT('',#12321);
#4517=VERTEX_POINT('',#12339);
#4518=VERTEX_POINT('',#12340);
#4519=VERTEX_POINT('',#12346);
#4520=VERTEX_POINT('',#12348);
#4521=VERTEX_POINT('',#12358);
#4522=VERTEX_POINT('',#12361);
#4523=VERTEX_POINT('',#12375);
#4524=VERTEX_POINT('',#12377);
#4525=VERTEX_POINT('',#12385);
#4526=VERTEX_POINT('',#12389);
#4527=VERTEX_POINT('',#12393);
#4528=VERTEX_POINT('',#12397);
#4529=VERTEX_POINT('',#12401);
#4530=VERTEX_POINT('',#12402);
#4531=VERTEX_POINT('',#12404);
#4532=VERTEX_POINT('',#12406);
#4533=VERTEX_POINT('',#12409);
#4534=VERTEX_POINT('',#12410);
#4535=VERTEX_POINT('',#12412);
#4536=VERTEX_POINT('',#12414);
#4537=VERTEX_POINT('',#12417);
#4538=VERTEX_POINT('',#12418);
#4539=VERTEX_POINT('',#12420);
#4540=VERTEX_POINT('',#12422);
#4541=VERTEX_POINT('',#12425);
#4542=VERTEX_POINT('',#12426);
#4543=VERTEX_POINT('',#12431);
#4544=VERTEX_POINT('',#12433);
#4545=VERTEX_POINT('',#12437);
#4546=VERTEX_POINT('',#12439);
#4547=VERTEX_POINT('',#12440);
#4548=VERTEX_POINT('',#12442);
#4549=VERTEX_POINT('',#12444);
#4550=VERTEX_POINT('',#12446);
#4551=VERTEX_POINT('',#12448);
#4552=VERTEX_POINT('',#12452);
#4553=VERTEX_POINT('',#12453);
#4554=VERTEX_POINT('',#12458);
#4555=VERTEX_POINT('',#12459);
#4556=VERTEX_POINT('',#12468);
#4557=VERTEX_POINT('',#12472);
#4558=VERTEX_POINT('',#12473);
#4559=VERTEX_POINT('',#12478);
#4560=VERTEX_POINT('',#12480);
#4561=VERTEX_POINT('',#12482);
#4562=VERTEX_POINT('',#12484);
#4563=VERTEX_POINT('',#12491);
#4564=VERTEX_POINT('',#12493);
#4565=VERTEX_POINT('',#12499);
#4566=VERTEX_POINT('',#12501);
#4567=VERTEX_POINT('',#12505);
#4568=VERTEX_POINT('',#12509);
#4569=VERTEX_POINT('',#12510);
#4570=VERTEX_POINT('',#12512);
#4571=VERTEX_POINT('',#12521);
#4572=VERTEX_POINT('',#12522);
#4573=VERTEX_POINT('',#12525);
#4574=VERTEX_POINT('',#12531);
#4575=VERTEX_POINT('',#12533);
#4576=VERTEX_POINT('',#12537);
#4577=VERTEX_POINT('',#12544);
#4578=VERTEX_POINT('',#12552);
#4579=VERTEX_POINT('',#12556);
#4580=VERTEX_POINT('',#12576);
#4581=VERTEX_POINT('',#12583);
#4582=VERTEX_POINT('',#12585);
#4583=VERTEX_POINT('',#12592);
#4584=VERTEX_POINT('',#12596);
#4585=VERTEX_POINT('',#12598);
#4586=VERTEX_POINT('',#12606);
#4587=VERTEX_POINT('',#12626);
#4588=VERTEX_POINT('',#12628);
#4589=VERTEX_POINT('',#12635);
#4590=VERTEX_POINT('',#12667);
#4591=VERTEX_POINT('',#12668);
#4592=VERTEX_POINT('',#12673);
#4593=VERTEX_POINT('',#12676);
#4594=VERTEX_POINT('',#12678);
#4595=VERTEX_POINT('',#12686);
#4596=VERTEX_POINT('',#12690);
#4597=VERTEX_POINT('',#12694);
#4598=VERTEX_POINT('',#12703);
#4599=VERTEX_POINT('',#12706);
#4600=VERTEX_POINT('',#12709);
#4601=VERTEX_POINT('',#12713);
#4602=VERTEX_POINT('',#12714);
#4603=VERTEX_POINT('',#12716);
#4604=VERTEX_POINT('',#12718);
#4605=VERTEX_POINT('',#12720);
#4606=VERTEX_POINT('',#12722);
#4607=VERTEX_POINT('',#12724);
#4608=VERTEX_POINT('',#12726);
#4609=VERTEX_POINT('',#12728);
#4610=VERTEX_POINT('',#12732);
#4611=VERTEX_POINT('',#12733);
#4612=VERTEX_POINT('',#12735);
#4613=VERTEX_POINT('',#12737);
#4614=VERTEX_POINT('',#12740);
#4615=VERTEX_POINT('',#12741);
#4616=VERTEX_POINT('',#12743);
#4617=VERTEX_POINT('',#12745);
#4618=VERTEX_POINT('',#12748);
#4619=VERTEX_POINT('',#12750);
#4620=VERTEX_POINT('',#12752);
#4621=VERTEX_POINT('',#12754);
#4622=VERTEX_POINT('',#12755);
#4623=VERTEX_POINT('',#12757);
#4624=VERTEX_POINT('',#12759);
#4625=VERTEX_POINT('',#12762);
#4626=VERTEX_POINT('',#12764);
#4627=VERTEX_POINT('',#12766);
#4628=VERTEX_POINT('',#12768);
#4629=VERTEX_POINT('',#12770);
#4630=VERTEX_POINT('',#12772);
#4631=VERTEX_POINT('',#12774);
#4632=VERTEX_POINT('',#12776);
#4633=VERTEX_POINT('',#12778);
#4634=VERTEX_POINT('',#12780);
#4635=VERTEX_POINT('',#12782);
#4636=VERTEX_POINT('',#12784);
#4637=VERTEX_POINT('',#12786);
#4638=VERTEX_POINT('',#12788);
#4639=VERTEX_POINT('',#12792);
#4640=VERTEX_POINT('',#12793);
#4641=VERTEX_POINT('',#12795);
#4642=VERTEX_POINT('',#12797);
#4643=VERTEX_POINT('',#12799);
#4644=VERTEX_POINT('',#12801);
#4645=VERTEX_POINT('',#12803);
#4646=VERTEX_POINT('',#12807);
#4647=VERTEX_POINT('',#12809);
#4648=VERTEX_POINT('',#12811);
#4649=VERTEX_POINT('',#12813);
#4650=VERTEX_POINT('',#12815);
#4651=VERTEX_POINT('',#12817);
#4652=VERTEX_POINT('',#12819);
#4653=VERTEX_POINT('',#12821);
#4654=VERTEX_POINT('',#12823);
#4655=VERTEX_POINT('',#12825);
#4656=VERTEX_POINT('',#12827);
#4657=VERTEX_POINT('',#12829);
#4658=VERTEX_POINT('',#12831);
#4659=VERTEX_POINT('',#12833);
#4660=VERTEX_POINT('',#12835);
#4661=VERTEX_POINT('',#12837);
#4662=VERTEX_POINT('',#12839);
#4663=VERTEX_POINT('',#12841);
#4664=VERTEX_POINT('',#12846);
#4665=VERTEX_POINT('',#12848);
#4666=VERTEX_POINT('',#12851);
#4667=VERTEX_POINT('',#12853);
#4668=VERTEX_POINT('',#12855);
#4669=VERTEX_POINT('',#12857);
#4670=VERTEX_POINT('',#12859);
#4671=VERTEX_POINT('',#12861);
#4672=VERTEX_POINT('',#12863);
#4673=VERTEX_POINT('',#12865);
#4674=VERTEX_POINT('',#12867);
#4675=VERTEX_POINT('',#12869);
#4676=VERTEX_POINT('',#12871);
#4677=VERTEX_POINT('',#12873);
#4678=VERTEX_POINT('',#12875);
#4679=VERTEX_POINT('',#12882);
#4680=VERTEX_POINT('',#12883);
#4681=VERTEX_POINT('',#12885);
#4682=VERTEX_POINT('',#12887);
#4683=VERTEX_POINT('',#12891);
#4684=VERTEX_POINT('',#12893);
#4685=VERTEX_POINT('',#12897);
#4686=VERTEX_POINT('',#12898);
#4687=VERTEX_POINT('',#12900);
#4688=VERTEX_POINT('',#12902);
#4689=VERTEX_POINT('',#12906);
#4690=VERTEX_POINT('',#12907);
#4691=VERTEX_POINT('',#12909);
#4692=VERTEX_POINT('',#12911);
#4693=VERTEX_POINT('',#12915);
#4694=VERTEX_POINT('',#12916);
#4695=VERTEX_POINT('',#12924);
#4696=VERTEX_POINT('',#12925);
#4697=VERTEX_POINT('',#12927);
#4698=VERTEX_POINT('',#12929);
#4699=VERTEX_POINT('',#12931);
#4700=VERTEX_POINT('',#12935);
#4701=VERTEX_POINT('',#12937);
#4702=VERTEX_POINT('',#12941);
#4703=VERTEX_POINT('',#12943);
#4704=VERTEX_POINT('',#12945);
#4705=VERTEX_POINT('',#12949);
#4706=VERTEX_POINT('',#13003);
#4707=VERTEX_POINT('',#13016);
#4708=VERTEX_POINT('',#13024);
#4709=VERTEX_POINT('',#13025);
#4710=VERTEX_POINT('',#13027);
#4711=VERTEX_POINT('',#13092);
#4712=VERTEX_POINT('',#13093);
#4713=VERTEX_POINT('',#13109);
#4714=VERTEX_POINT('',#13110);
#4715=VERTEX_POINT('',#13112);
#4716=VERTEX_POINT('',#13128);
#4717=VERTEX_POINT('',#13133);
#4718=VERTEX_POINT('',#13134);
#4719=VERTEX_POINT('',#13136);
#4720=VERTEX_POINT('',#13140);
#4721=VERTEX_POINT('',#13141);
#4722=VERTEX_POINT('',#13144);
#4723=VERTEX_POINT('',#13148);
#4724=VERTEX_POINT('',#13149);
#4725=VERTEX_POINT('',#13151);
#4726=VERTEX_POINT('',#13158);
#4727=VERTEX_POINT('',#13159);
#4728=VERTEX_POINT('',#13211);
#4729=VERTEX_POINT('',#13212);
#4730=VERTEX_POINT('',#13218);
#4731=VERTEX_POINT('',#13231);
#4732=VERTEX_POINT('',#13238);
#4733=VERTEX_POINT('',#13240);
#4734=VERTEX_POINT('',#13294);
#4735=VERTEX_POINT('',#13295);
#4736=VERTEX_POINT('',#13300);
#4737=VERTEX_POINT('',#13313);
#4738=VERTEX_POINT('',#13327);
#4739=VERTEX_POINT('',#13328);
#4740=VERTEX_POINT('',#13345);
#4741=VERTEX_POINT('',#13346);
#4742=VERTEX_POINT('',#13348);
#4743=VERTEX_POINT('',#13353);
#4744=VERTEX_POINT('',#13354);
#4745=VERTEX_POINT('',#13357);
#4746=VERTEX_POINT('',#13361);
#4747=VERTEX_POINT('',#13363);
#4748=VERTEX_POINT('',#13369);
#4749=VERTEX_POINT('',#13372);
#4750=VERTEX_POINT('',#13373);
#4751=VERTEX_POINT('',#13375);
#4752=VERTEX_POINT('',#13377);
#4753=VERTEX_POINT('',#13379);
#4754=VERTEX_POINT('',#13381);
#4755=VERTEX_POINT('',#13383);
#4756=VERTEX_POINT('',#13385);
#4757=VERTEX_POINT('',#13389);
#4758=VERTEX_POINT('',#13392);
#4759=VERTEX_POINT('',#13393);
#4760=VERTEX_POINT('',#13395);
#4761=VERTEX_POINT('',#13397);
#4762=VERTEX_POINT('',#13399);
#4763=VERTEX_POINT('',#13401);
#4764=VERTEX_POINT('',#13403);
#4765=VERTEX_POINT('',#13405);
#4766=VERTEX_POINT('',#13427);
#4767=VERTEX_POINT('',#13430);
#4768=VERTEX_POINT('',#13433);
#4769=VERTEX_POINT('',#13434);
#4770=VERTEX_POINT('',#13436);
#4771=VERTEX_POINT('',#13438);
#4772=VERTEX_POINT('',#13443);
#4773=VERTEX_POINT('',#13445);
#4774=VERTEX_POINT('',#13447);
#4775=VERTEX_POINT('',#13454);
#4776=VERTEX_POINT('',#13458);
#4777=VERTEX_POINT('',#13460);
#4778=VERTEX_POINT('',#13462);
#4779=VERTEX_POINT('',#13464);
#4780=VERTEX_POINT('',#13468);
#4781=VERTEX_POINT('',#13470);
#4782=VERTEX_POINT('',#13477);
#4783=VERTEX_POINT('',#13479);
#4784=VERTEX_POINT('',#13485);
#4785=VERTEX_POINT('',#13486);
#4786=VERTEX_POINT('',#13488);
#4787=VERTEX_POINT('',#13492);
#4788=VERTEX_POINT('',#13496);
#4789=VERTEX_POINT('',#13500);
#4790=VERTEX_POINT('',#13504);
#4791=VERTEX_POINT('',#13508);
#4792=VERTEX_POINT('',#13512);
#4793=VERTEX_POINT('',#13516);
#4794=VERTEX_POINT('',#13519);
#4795=VERTEX_POINT('',#13520);
#4796=VERTEX_POINT('',#13524);
#4797=VERTEX_POINT('',#13526);
#4798=VERTEX_POINT('',#13530);
#4799=VERTEX_POINT('',#13534);
#4800=VERTEX_POINT('',#13538);
#4801=VERTEX_POINT('',#13542);
#4802=VERTEX_POINT('',#13544);
#4803=VERTEX_POINT('',#13547);
#4804=VERTEX_POINT('',#13548);
#4805=VERTEX_POINT('',#13552);
#4806=VERTEX_POINT('',#13556);
#4807=VERTEX_POINT('',#13560);
#4808=VERTEX_POINT('',#13564);
#4809=VERTEX_POINT('',#13568);
#4810=VERTEX_POINT('',#13572);
#4811=VERTEX_POINT('',#13576);
#4812=VERTEX_POINT('',#13578);
#4813=VERTEX_POINT('',#13583);
#4814=VERTEX_POINT('',#13584);
#4815=VERTEX_POINT('',#13588);
#4816=VERTEX_POINT('',#13592);
#4817=VERTEX_POINT('',#13596);
#4818=VERTEX_POINT('',#13600);
#4819=VERTEX_POINT('',#13602);
#4820=VERTEX_POINT('',#13604);
#4821=VERTEX_POINT('',#13606);
#4822=VERTEX_POINT('',#13613);
#4823=VERTEX_POINT('',#13614);
#4824=VERTEX_POINT('',#13618);
#4825=VERTEX_POINT('',#13622);
#4826=VERTEX_POINT('',#13624);
#4827=VERTEX_POINT('',#13628);
#4828=VERTEX_POINT('',#13632);
#4829=VERTEX_POINT('',#13636);
#4830=VERTEX_POINT('',#13643);
#4831=VERTEX_POINT('',#13647);
#4832=VERTEX_POINT('',#13649);
#4833=VERTEX_POINT('',#13653);
#4834=VERTEX_POINT('',#13655);
#4835=VERTEX_POINT('',#13659);
#4836=VERTEX_POINT('',#13661);
#4837=VERTEX_POINT('',#13665);
#4838=VERTEX_POINT('',#13667);
#4839=VERTEX_POINT('',#13669);
#4840=VERTEX_POINT('',#13673);
#4841=VERTEX_POINT('',#13675);
#4842=VERTEX_POINT('',#13681);
#4843=VERTEX_POINT('',#13683);
#4844=VERTEX_POINT('',#13689);
#4845=VERTEX_POINT('',#13690);
#4846=VERTEX_POINT('',#13692);
#4847=VERTEX_POINT('',#13694);
#4848=VERTEX_POINT('',#13698);
#4849=VERTEX_POINT('',#13699);
#4850=VERTEX_POINT('',#13701);
#4851=VERTEX_POINT('',#13704);
#4852=VERTEX_POINT('',#13708);
#4853=VERTEX_POINT('',#13709);
#4854=VERTEX_POINT('',#13711);
#4855=VERTEX_POINT('',#13713);
#4856=VERTEX_POINT('',#13716);
#4857=VERTEX_POINT('',#13717);
#4858=VERTEX_POINT('',#13719);
#4859=VERTEX_POINT('',#13721);
#4860=VERTEX_POINT('',#13724);
#4861=VERTEX_POINT('',#13725);
#4862=VERTEX_POINT('',#13727);
#4863=VERTEX_POINT('',#13729);
#4864=VERTEX_POINT('',#13732);
#4865=VERTEX_POINT('',#13736);
#4866=VERTEX_POINT('',#13737);
#4867=VERTEX_POINT('',#13742);
#4868=VERTEX_POINT('',#13743);
#4869=VERTEX_POINT('',#13745);
#4870=VERTEX_POINT('',#13749);
#4871=VERTEX_POINT('',#13751);
#4872=VERTEX_POINT('',#13755);
#4873=VERTEX_POINT('',#13757);
#4874=VERTEX_POINT('',#13762);
#4875=VERTEX_POINT('',#13766);
#4876=VERTEX_POINT('',#13768);
#4877=VERTEX_POINT('',#13772);
#4878=VERTEX_POINT('',#13773);
#4879=VERTEX_POINT('',#13790);
#4880=VERTEX_POINT('',#13791);
#4881=VERTEX_POINT('',#13793);
#4882=VERTEX_POINT('',#13797);
#4883=VERTEX_POINT('',#13799);
#4884=VERTEX_POINT('',#13803);
#4885=VERTEX_POINT('',#13805);
#4886=VERTEX_POINT('',#13810);
#4887=VERTEX_POINT('',#13814);
#4888=VERTEX_POINT('',#13816);
#4889=VERTEX_POINT('',#13820);
#4890=VERTEX_POINT('',#13821);
#4891=VERTEX_POINT('',#13838);
#4892=VERTEX_POINT('',#13841);
#4893=VERTEX_POINT('',#13850);
#4894=VERTEX_POINT('',#13851);
#4895=VERTEX_POINT('',#13856);
#4896=VERTEX_POINT('',#13857);
#4897=VERTEX_POINT('',#13862);
#4898=VERTEX_POINT('',#13866);
#4899=VERTEX_POINT('',#13870);
#4900=VERTEX_POINT('',#13878);
#4901=VERTEX_POINT('',#13879);
#4902=VERTEX_POINT('',#13881);
#4903=VERTEX_POINT('',#13883);
#4904=VERTEX_POINT('',#13887);
#4905=VERTEX_POINT('',#13888);
#4906=VERTEX_POINT('',#13898);
#4907=VERTEX_POINT('',#13903);
#4908=VERTEX_POINT('',#13908);
#4909=VERTEX_POINT('',#13912);
#4910=VERTEX_POINT('',#13913);
#4911=VERTEX_POINT('',#13915);
#4912=VERTEX_POINT('',#13917);
#4913=VERTEX_POINT('',#13924);
#4914=VERTEX_POINT('',#13926);
#4915=VERTEX_POINT('',#13930);
#4916=VERTEX_POINT('',#13931);
#4917=VERTEX_POINT('',#13933);
#4918=VERTEX_POINT('',#13935);
#4919=VERTEX_POINT('',#13939);
#4920=VERTEX_POINT('',#13940);
#4921=VERTEX_POINT('',#13946);
#4922=VERTEX_POINT('',#13948);
#4923=VERTEX_POINT('',#13951);
#4924=VERTEX_POINT('',#13953);
#4925=VERTEX_POINT('',#13955);
#4926=VERTEX_POINT('',#13957);
#4927=VERTEX_POINT('',#13971);
#4928=VERTEX_POINT('',#13974);
#4929=VERTEX_POINT('',#13977);
#4930=VERTEX_POINT('',#13980);
#4931=VERTEX_POINT('',#13986);
#4932=VERTEX_POINT('',#13988);
#4933=VERTEX_POINT('',#13990);
#4934=VERTEX_POINT('',#13992);
#4935=VERTEX_POINT('',#13994);
#4936=VERTEX_POINT('',#13998);
#4937=VERTEX_POINT('',#14000);
#4938=VERTEX_POINT('',#14004);
#4939=VERTEX_POINT('',#14005);
#4940=VERTEX_POINT('',#14010);
#4941=VERTEX_POINT('',#14012);
#4942=VERTEX_POINT('',#14016);
#4943=VERTEX_POINT('',#14017);
#4944=VERTEX_POINT('',#14020);
#4945=VERTEX_POINT('',#14022);
#4946=VERTEX_POINT('',#14026);
#4947=VERTEX_POINT('',#14030);
#4948=VERTEX_POINT('',#14031);
#4949=VERTEX_POINT('',#14040);
#4950=VERTEX_POINT('',#14044);
#4951=VERTEX_POINT('',#14048);
#4952=VERTEX_POINT('',#14052);
#4953=VERTEX_POINT('',#14058);
#4954=VERTEX_POINT('',#14066);
#4955=VERTEX_POINT('',#14072);
#4956=VERTEX_POINT('',#14078);
#4957=VERTEX_POINT('',#14092);
#4958=VERTEX_POINT('',#14106);
#4959=VERTEX_POINT('',#14123);
#4960=VERTEX_POINT('',#14126);
#4961=VERTEX_POINT('',#14129);
#4962=VERTEX_POINT('',#14132);
#4963=VERTEX_POINT('',#14135);
#4964=VERTEX_POINT('',#14138);
#4965=VERTEX_POINT('',#14141);
#4966=VERTEX_POINT('',#14142);
#4967=VERTEX_POINT('',#14145);
#4968=VERTEX_POINT('',#14147);
#4969=VERTEX_POINT('',#14149);
#4970=VERTEX_POINT('',#14156);
#4971=VERTEX_POINT('',#14157);
#4972=VERTEX_POINT('',#14159);
#4973=VERTEX_POINT('',#14166);
#4974=VERTEX_POINT('',#14167);
#4975=VERTEX_POINT('',#14172);
#4976=VERTEX_POINT('',#14177);
#4977=VERTEX_POINT('',#14179);
#4978=VERTEX_POINT('',#14184);
#4979=VERTEX_POINT('',#14189);
#4980=VERTEX_POINT('',#14198);
#4981=VERTEX_POINT('',#14205);
#4982=VERTEX_POINT('',#14206);
#4983=VERTEX_POINT('',#14211);
#4984=VERTEX_POINT('',#14213);
#4985=VERTEX_POINT('',#14215);
#4986=VERTEX_POINT('',#14225);
#4987=VERTEX_POINT('',#14273);
#4988=VERTEX_POINT('',#14275);
#4989=VERTEX_POINT('',#14281);
#4990=VERTEX_POINT('',#14282);
#4991=VERTEX_POINT('',#14285);
#4992=VERTEX_POINT('',#14287);
#4993=VERTEX_POINT('',#14292);
#4994=VERTEX_POINT('',#14293);
#4995=VERTEX_POINT('',#14302);
#4996=VERTEX_POINT('',#14306);
#4997=VERTEX_POINT('',#14310);
#4998=VERTEX_POINT('',#14316);
#4999=VERTEX_POINT('',#14327);
#5000=VERTEX_POINT('',#14334);
#5001=VERTEX_POINT('',#14335);
#5002=VERTEX_POINT('',#14339);
#5003=VERTEX_POINT('',#14343);
#5004=VERTEX_POINT('',#14347);
#5005=VERTEX_POINT('',#14351);
#5006=VERTEX_POINT('',#14355);
#5007=VERTEX_POINT('',#14359);
#5008=VERTEX_POINT('',#14363);
#5009=VERTEX_POINT('',#14365);
#5010=VERTEX_POINT('',#14438);
#5011=VERTEX_POINT('',#14439);
#5012=VERTEX_POINT('',#14441);
#5013=VERTEX_POINT('',#14445);
#5014=VERTEX_POINT('',#14449);
#5015=VERTEX_POINT('',#14453);
#5016=VERTEX_POINT('',#14457);
#5017=VERTEX_POINT('',#14459);
#5018=VERTEX_POINT('',#14463);
#5019=VERTEX_POINT('',#14523);
#5020=VERTEX_POINT('',#14524);
#5021=VERTEX_POINT('',#14526);
#5022=VERTEX_POINT('',#14530);
#5023=VERTEX_POINT('',#14534);
#5024=VERTEX_POINT('',#14538);
#5025=VERTEX_POINT('',#14542);
#5026=VERTEX_POINT('',#14546);
#5027=VERTEX_POINT('',#14550);
#5028=VERTEX_POINT('',#14554);
#5029=VERTEX_POINT('',#14629);
#5030=VERTEX_POINT('',#14630);
#5031=VERTEX_POINT('',#14632);
#5032=VERTEX_POINT('',#14634);
#5033=VERTEX_POINT('',#14636);
#5034=VERTEX_POINT('',#14640);
#5035=VERTEX_POINT('',#14644);
#5036=VERTEX_POINT('',#14648);
#5037=VERTEX_POINT('',#14652);
#5038=VERTEX_POINT('',#14732);
#5039=VERTEX_POINT('',#14733);
#5040=VERTEX_POINT('',#14737);
#5041=VERTEX_POINT('',#14741);
#5042=VERTEX_POINT('',#14745);
#5043=VERTEX_POINT('',#14747);
#5044=VERTEX_POINT('',#14751);
#5045=VERTEX_POINT('',#14755);
#5046=VERTEX_POINT('',#14835);
#5047=VERTEX_POINT('',#14836);
#5048=VERTEX_POINT('',#14838);
#5049=VERTEX_POINT('',#14840);
#5050=VERTEX_POINT('',#14845);
#5051=VERTEX_POINT('',#14852);
#5052=VERTEX_POINT('',#14857);
#5053=VERTEX_POINT('',#14864);
#5054=VERTEX_POINT('',#14865);
#5055=VERTEX_POINT('',#14870);
#5056=VERTEX_POINT('',#14875);
#5057=VERTEX_POINT('',#14882);
#5058=VERTEX_POINT('',#14883);
#5059=VERTEX_POINT('',#14885);
#5060=VERTEX_POINT('',#14890);
#5061=VERTEX_POINT('',#14897);
#5062=VERTEX_POINT('',#14898);
#5063=VERTEX_POINT('',#14900);
#5064=VERTEX_POINT('',#14902);
#5065=VERTEX_POINT('',#14908);
#5066=VERTEX_POINT('',#14909);
#5067=VERTEX_POINT('',#14913);
#5068=VERTEX_POINT('',#14916);
#5069=VERTEX_POINT('',#14918);
#5070=VERTEX_POINT('',#14920);
#5071=VERTEX_POINT('',#14924);
#5072=VERTEX_POINT('',#14925);
#5073=VERTEX_POINT('',#14927);
#5074=VERTEX_POINT('',#14929);
#5075=VERTEX_POINT('',#14933);
#5076=VERTEX_POINT('',#14935);
#5077=VERTEX_POINT('',#14937);
#5078=VERTEX_POINT('',#14939);
#5079=VERTEX_POINT('',#14941);
#5080=VERTEX_POINT('',#14943);
#5081=VERTEX_POINT('',#14945);
#5082=VERTEX_POINT('',#14947);
#5083=VERTEX_POINT('',#14949);
#5084=VERTEX_POINT('',#14951);
#5085=VERTEX_POINT('',#14953);
#5086=VERTEX_POINT('',#14955);
#5087=VERTEX_POINT('',#14957);
#5088=VERTEX_POINT('',#14959);
#5089=VERTEX_POINT('',#14963);
#5090=VERTEX_POINT('',#14965);
#5091=VERTEX_POINT('',#14967);
#5092=VERTEX_POINT('',#14969);
#5093=VERTEX_POINT('',#14973);
#5094=VERTEX_POINT('',#14974);
#5095=VERTEX_POINT('',#14976);
#5096=VERTEX_POINT('',#14978);
#5097=VERTEX_POINT('',#14980);
#5098=VERTEX_POINT('',#14984);
#5099=VERTEX_POINT('',#14985);
#5100=VERTEX_POINT('',#15063);
#5101=VERTEX_POINT('',#15064);
#5102=VERTEX_POINT('',#15073);
#5103=VERTEX_POINT('',#15076);
#5104=VERTEX_POINT('',#15079);
#5105=VERTEX_POINT('',#15082);
#5106=VERTEX_POINT('',#15156);
#5107=VERTEX_POINT('',#15158);
#5108=VERTEX_POINT('',#15160);
#5109=VERTEX_POINT('',#15166);
#5110=VERTEX_POINT('',#15168);
#5111=VERTEX_POINT('',#15170);
#5112=VERTEX_POINT('',#15172);
#5113=VERTEX_POINT('',#15176);
#5114=VERTEX_POINT('',#15283);
#5115=VERTEX_POINT('',#15287);
#5116=VERTEX_POINT('',#15291);
#5117=VERTEX_POINT('',#15295);
#5118=VERTEX_POINT('',#15296);
#5119=VERTEX_POINT('',#15298);
#5120=VERTEX_POINT('',#15300);
#5121=VERTEX_POINT('',#15302);
#5122=VERTEX_POINT('',#15304);
#5123=VERTEX_POINT('',#15308);
#5124=VERTEX_POINT('',#15318);
#5125=VERTEX_POINT('',#15320);
#5126=VERTEX_POINT('',#15327);
#5127=VERTEX_POINT('',#15338);
#5128=VERTEX_POINT('',#15339);
#5129=VERTEX_POINT('',#15346);
#5130=VERTEX_POINT('',#15350);
#5131=VERTEX_POINT('',#15352);
#5132=VERTEX_POINT('',#15356);
#5133=VERTEX_POINT('',#15357);
#5134=VERTEX_POINT('',#15359);
#5135=VERTEX_POINT('',#15361);
#5136=VERTEX_POINT('',#15363);
#5137=VERTEX_POINT('',#15365);
#5138=VERTEX_POINT('',#15367);
#5139=VERTEX_POINT('',#15369);
#5140=VERTEX_POINT('',#15373);
#5141=VERTEX_POINT('',#15374);
#5142=VERTEX_POINT('',#15379);
#5143=VERTEX_POINT('',#15383);
#5144=VERTEX_POINT('',#15401);
#5145=VERTEX_POINT('',#15402);
#5146=VERTEX_POINT('',#15408);
#5147=VERTEX_POINT('',#15410);
#5148=VERTEX_POINT('',#15422);
#5149=VERTEX_POINT('',#15424);
#5150=VERTEX_POINT('',#15438);
#5151=VERTEX_POINT('',#15440);
#5152=VERTEX_POINT('',#15442);
#5153=VERTEX_POINT('',#15444);
#5154=VERTEX_POINT('',#15450);
#5155=VERTEX_POINT('',#15454);
#5156=VERTEX_POINT('',#15458);
#5157=VERTEX_POINT('',#15462);
#5158=VERTEX_POINT('',#15463);
#5159=VERTEX_POINT('',#15465);
#5160=VERTEX_POINT('',#15469);
#5161=VERTEX_POINT('',#15470);
#5162=VERTEX_POINT('',#15472);
#5163=VERTEX_POINT('',#15474);
#5164=VERTEX_POINT('',#15477);
#5165=VERTEX_POINT('',#15478);
#5166=VERTEX_POINT('',#15480);
#5167=VERTEX_POINT('',#15482);
#5168=VERTEX_POINT('',#15485);
#5169=VERTEX_POINT('',#15486);
#5170=VERTEX_POINT('',#15488);
#5171=VERTEX_POINT('',#15490);
#5172=VERTEX_POINT('',#15493);
#5173=VERTEX_POINT('',#15494);
#5174=VERTEX_POINT('',#15500);
#5175=VERTEX_POINT('',#15502);
#5176=VERTEX_POINT('',#15506);
#5177=VERTEX_POINT('',#15508);
#5178=VERTEX_POINT('',#15509);
#5179=VERTEX_POINT('',#15511);
#5180=VERTEX_POINT('',#15513);
#5181=VERTEX_POINT('',#15515);
#5182=VERTEX_POINT('',#15517);
#5183=VERTEX_POINT('',#15521);
#5184=VERTEX_POINT('',#15522);
#5185=VERTEX_POINT('',#15527);
#5186=VERTEX_POINT('',#15528);
#5187=VERTEX_POINT('',#15537);
#5188=VERTEX_POINT('',#15541);
#5189=VERTEX_POINT('',#15542);
#5190=VERTEX_POINT('',#15547);
#5191=VERTEX_POINT('',#15549);
#5192=VERTEX_POINT('',#15551);
#5193=VERTEX_POINT('',#15553);
#5194=VERTEX_POINT('',#15560);
#5195=VERTEX_POINT('',#15562);
#5196=VERTEX_POINT('',#15568);
#5197=VERTEX_POINT('',#15570);
#5198=VERTEX_POINT('',#15574);
#5199=VERTEX_POINT('',#15578);
#5200=VERTEX_POINT('',#15579);
#5201=VERTEX_POINT('',#15582);
#5202=VERTEX_POINT('',#15590);
#5203=VERTEX_POINT('',#15591);
#5204=VERTEX_POINT('',#15593);
#5205=VERTEX_POINT('',#15600);
#5206=VERTEX_POINT('',#15604);
#5207=VERTEX_POINT('',#15606);
#5208=VERTEX_POINT('',#15613);
#5209=VERTEX_POINT('',#15621);
#5210=VERTEX_POINT('',#15625);
#5211=VERTEX_POINT('',#15626);
#5212=VERTEX_POINT('',#15632);
#5213=VERTEX_POINT('',#15650);
#5214=VERTEX_POINT('',#15657);
#5215=VERTEX_POINT('',#15659);
#5216=VERTEX_POINT('',#15663);
#5217=VERTEX_POINT('',#15670);
#5218=VERTEX_POINT('',#15672);
#5219=VERTEX_POINT('',#15680);
#5220=VERTEX_POINT('',#15700);
#5221=VERTEX_POINT('',#15702);
#5222=VERTEX_POINT('',#15709);
#5223=VERTEX_POINT('',#15741);
#5224=VERTEX_POINT('',#15742);
#5225=VERTEX_POINT('',#15747);
#5226=VERTEX_POINT('',#15749);
#5227=VERTEX_POINT('',#15757);
#5228=VERTEX_POINT('',#15761);
#5229=VERTEX_POINT('',#15765);
#5230=VERTEX_POINT('',#15774);
#5231=VERTEX_POINT('',#15777);
#5232=VERTEX_POINT('',#15780);
#5233=VERTEX_POINT('',#15784);
#5234=VERTEX_POINT('',#15785);
#5235=VERTEX_POINT('',#15787);
#5236=VERTEX_POINT('',#15791);
#5237=VERTEX_POINT('',#15793);
#5238=VERTEX_POINT('',#15797);
#5239=LINE('',#11755,#6094);
#5240=LINE('',#11758,#6095);
#5241=LINE('',#11762,#6096);
#5242=LINE('',#11764,#6097);
#5243=LINE('',#11766,#6098);
#5244=LINE('',#11768,#6099);
#5245=LINE('',#11770,#6100);
#5246=LINE('',#11775,#6101);
#5247=LINE('',#11782,#6102);
#5248=LINE('',#11784,#6103);
#5249=LINE('',#11791,#6104);
#5250=LINE('',#11804,#6105);
#5251=LINE('',#11832,#6106);
#5252=LINE('',#11834,#6107);
#5253=LINE('',#11837,#6108);
#5254=LINE('',#11839,#6109);
#5255=LINE('',#11841,#6110);
#5256=LINE('',#11848,#6111);
#5257=LINE('',#11850,#6112);
#5258=LINE('',#11852,#6113);
#5259=LINE('',#11854,#6114);
#5260=LINE('',#11855,#6115);
#5261=LINE('',#11861,#6116);
#5262=LINE('',#11864,#6117);
#5263=LINE('',#11866,#6118);
#5264=LINE('',#11868,#6119);
#5265=LINE('',#11870,#6120);
#5266=LINE('',#11872,#6121);
#5267=LINE('',#11874,#6122);
#5268=LINE('',#11876,#6123);
#5269=LINE('',#11878,#6124);
#5270=LINE('',#11884,#6125);
#5271=LINE('',#11886,#6126);
#5272=LINE('',#11888,#6127);
#5273=LINE('',#11892,#6128);
#5274=LINE('',#11896,#6129);
#5275=LINE('',#11898,#6130);
#5276=LINE('',#11900,#6131);
#5277=LINE('',#11902,#6132);
#5278=LINE('',#11904,#6133);
#5279=LINE('',#11908,#6134);
#5280=LINE('',#11913,#6135);
#5281=LINE('',#11915,#6136);
#5282=LINE('',#11919,#6137);
#5283=LINE('',#11924,#6138);
#5284=LINE('',#11996,#6139);
#5285=LINE('',#11997,#6140);
#5286=LINE('',#12000,#6141);
#5287=LINE('',#12006,#6142);
#5288=LINE('',#12012,#6143);
#5289=LINE('',#12092,#6144);
#5290=LINE('',#12098,#6145);
#5291=LINE('',#12099,#6146);
#5292=LINE('',#12101,#6147);
#5293=LINE('',#12105,#6148);
#5294=LINE('',#12107,#6149);
#5295=LINE('',#12108,#6150);
#5296=LINE('',#12109,#6151);
#5297=LINE('',#12111,#6152);
#5298=LINE('',#12113,#6153);
#5299=LINE('',#12216,#6154);
#5300=LINE('',#12217,#6155);
#5301=LINE('',#12218,#6156);
#5302=LINE('',#12220,#6157);
#5303=LINE('',#12222,#6158);
#5304=LINE('',#12224,#6159);
#5305=LINE('',#12226,#6160);
#5306=LINE('',#12228,#6161);
#5307=LINE('',#12230,#6162);
#5308=LINE('',#12232,#6163);
#5309=LINE('',#12235,#6164);
#5310=LINE('',#12237,#6165);
#5311=LINE('',#12239,#6166);
#5312=LINE('',#12241,#6167);
#5313=LINE('',#12243,#6168);
#5314=LINE('',#12245,#6169);
#5315=LINE('',#12247,#6170);
#5316=LINE('',#12249,#6171);
#5317=LINE('',#12250,#6172);
#5318=LINE('',#12257,#6173);
#5319=LINE('',#12259,#6174);
#5320=LINE('',#12266,#6175);
#5321=LINE('',#12269,#6176);
#5322=LINE('',#12270,#6177);
#5323=LINE('',#12272,#6178);
#5324=LINE('',#12275,#6179);
#5325=LINE('',#12278,#6180);
#5326=LINE('',#12279,#6181);
#5327=LINE('',#12281,#6182);
#5328=LINE('',#12283,#6183);
#5329=LINE('',#12285,#6184);
#5330=LINE('',#12289,#6185);
#5331=LINE('',#12291,#6186);
#5332=LINE('',#12293,#6187);
#5333=LINE('',#12296,#6188);
#5334=LINE('',#12298,#6189);
#5335=LINE('',#12300,#6190);
#5336=LINE('',#12302,#6191);
#5337=LINE('',#12304,#6192);
#5338=LINE('',#12306,#6193);
#5339=LINE('',#12308,#6194);
#5340=LINE('',#12313,#6195);
#5341=LINE('',#12314,#6196);
#5342=LINE('',#12316,#6197);
#5343=LINE('',#12318,#6198);
#5344=LINE('',#12322,#6199);
#5345=LINE('',#12347,#6200);
#5346=LINE('',#12384,#6201);
#5347=LINE('',#12386,#6202);
#5348=LINE('',#12390,#6203);
#5349=LINE('',#12394,#6204);
#5350=LINE('',#12396,#6205);
#5351=LINE('',#12400,#6206);
#5352=LINE('',#12403,#6207);
#5353=LINE('',#12405,#6208);
#5354=LINE('',#12407,#6209);
#5355=LINE('',#12408,#6210);
#5356=LINE('',#12411,#6211);
#5357=LINE('',#12413,#6212);
#5358=LINE('',#12415,#6213);
#5359=LINE('',#12416,#6214);
#5360=LINE('',#12419,#6215);
#5361=LINE('',#12421,#6216);
#5362=LINE('',#12423,#6217);
#5363=LINE('',#12424,#6218);
#5364=LINE('',#12427,#6219);
#5365=LINE('',#12428,#6220);
#5366=LINE('',#12430,#6221);
#5367=LINE('',#12432,#6222);
#5368=LINE('',#12434,#6223);
#5369=LINE('',#12441,#6224);
#5370=LINE('',#12443,#6225);
#5371=LINE('',#12445,#6226);
#5372=LINE('',#12454,#6227);
#5373=LINE('',#12455,#6228);
#5374=LINE('',#12467,#6229);
#5375=LINE('',#12471,#6230);
#5376=LINE('',#12481,#6231);
#5377=LINE('',#12483,#6232);
#5378=LINE('',#12485,#6233);
#5379=LINE('',#12490,#6234);
#5380=LINE('',#12492,#6235);
#5381=LINE('',#12496,#6236);
#5382=LINE('',#12500,#6237);
#5383=LINE('',#12508,#6238);
#5384=LINE('',#12511,#6239);
#5385=LINE('',#12514,#6240);
#5386=LINE('',#12516,#6241);
#5387=LINE('',#12518,#6242);
#5388=LINE('',#12520,#6243);
#5389=LINE('',#12523,#6244);
#5390=LINE('',#12524,#6245);
#5391=LINE('',#12526,#6246);
#5392=LINE('',#12528,#6247);
#5393=LINE('',#12530,#6248);
#5394=LINE('',#12532,#6249);
#5395=LINE('',#12534,#6250);
#5396=LINE('',#12535,#6251);
#5397=LINE('',#12536,#6252);
#5398=LINE('',#12538,#6253);
#5399=LINE('',#12540,#6254);
#5400=LINE('',#12541,#6255);
#5401=LINE('',#12548,#6256);
#5402=LINE('',#12557,#6257);
#5403=LINE('',#12559,#6258);
#5404=LINE('',#12560,#6259);
#5405=LINE('',#12582,#6260);
#5406=LINE('',#12584,#6261);
#5407=LINE('',#12586,#6262);
#5408=LINE('',#12595,#6263);
#5409=LINE('',#12597,#6264);
#5410=LINE('',#12599,#6265);
#5411=LINE('',#12616,#6266);
#5412=LINE('',#12629,#6267);
#5413=LINE('',#12638,#6268);
#5414=LINE('',#12639,#6269);
#5415=LINE('',#12641,#6270);
#5416=LINE('',#12669,#6271);
#5417=LINE('',#12670,#6272);
#5418=LINE('',#12672,#6273);
#5419=LINE('',#12674,#6274);
#5420=LINE('',#12675,#6275);
#5421=LINE('',#12677,#6276);
#5422=LINE('',#12679,#6277);
#5423=LINE('',#12681,#6278);
#5424=LINE('',#12683,#6279);
#5425=LINE('',#12685,#6280);
#5426=LINE('',#12687,#6281);
#5427=LINE('',#12689,#6282);
#5428=LINE('',#12691,#6283);
#5429=LINE('',#12700,#6284);
#5430=LINE('',#12712,#6285);
#5431=LINE('',#12715,#6286);
#5432=LINE('',#12717,#6287);
#5433=LINE('',#12719,#6288);
#5434=LINE('',#12721,#6289);
#5435=LINE('',#12723,#6290);
#5436=LINE('',#12725,#6291);
#5437=LINE('',#12729,#6292);
#5438=LINE('',#12731,#6293);
#5439=LINE('',#12734,#6294);
#5440=LINE('',#12736,#6295);
#5441=LINE('',#12738,#6296);
#5442=LINE('',#12739,#6297);
#5443=LINE('',#12742,#6298);
#5444=LINE('',#12744,#6299);
#5445=LINE('',#12746,#6300);
#5446=LINE('',#12753,#6301);
#5447=LINE('',#12756,#6302);
#5448=LINE('',#12758,#6303);
#5449=LINE('',#12760,#6304);
#5450=LINE('',#12761,#6305);
#5451=LINE('',#12763,#6306);
#5452=LINE('',#12765,#6307);
#5453=LINE('',#12767,#6308);
#5454=LINE('',#12769,#6309);
#5455=LINE('',#12771,#6310);
#5456=LINE('',#12773,#6311);
#5457=LINE('',#12775,#6312);
#5458=LINE('',#12777,#6313);
#5459=LINE('',#12779,#6314);
#5460=LINE('',#12781,#6315);
#5461=LINE('',#12783,#6316);
#5462=LINE('',#12785,#6317);
#5463=LINE('',#12787,#6318);
#5464=LINE('',#12789,#6319);
#5465=LINE('',#12791,#6320);
#5466=LINE('',#12794,#6321);
#5467=LINE('',#12796,#6322);
#5468=LINE('',#12798,#6323);
#5469=LINE('',#12800,#6324);
#5470=LINE('',#12802,#6325);
#5471=LINE('',#12804,#6326);
#5472=LINE('',#12806,#6327);
#5473=LINE('',#12808,#6328);
#5474=LINE('',#12810,#6329);
#5475=LINE('',#12814,#6330);
#5476=LINE('',#12818,#6331);
#5477=LINE('',#12820,#6332);
#5478=LINE('',#12822,#6333);
#5479=LINE('',#12826,#6334);
#5480=LINE('',#12828,#6335);
#5481=LINE('',#12830,#6336);
#5482=LINE('',#12832,#6337);
#5483=LINE('',#12834,#6338);
#5484=LINE('',#12836,#6339);
#5485=LINE('',#12838,#6340);
#5486=LINE('',#12840,#6341);
#5487=LINE('',#12842,#6342);
#5488=LINE('',#12844,#6343);
#5489=LINE('',#12847,#6344);
#5490=LINE('',#12850,#6345);
#5491=LINE('',#12852,#6346);
#5492=LINE('',#12854,#6347);
#5493=LINE('',#12856,#6348);
#5494=LINE('',#12858,#6349);
#5495=LINE('',#12860,#6350);
#5496=LINE('',#12864,#6351);
#5497=LINE('',#12866,#6352);
#5498=LINE('',#12870,#6353);
#5499=LINE('',#12874,#6354);
#5500=LINE('',#12878,#6355);
#5501=LINE('',#12879,#6356);
#5502=LINE('',#12881,#6357);
#5503=LINE('',#12884,#6358);
#5504=LINE('',#12886,#6359);
#5505=LINE('',#12888,#6360);
#5506=LINE('',#12890,#6361);
#5507=LINE('',#12892,#6362);
#5508=LINE('',#12894,#6363);
#5509=LINE('',#12896,#6364);
#5510=LINE('',#12899,#6365);
#5511=LINE('',#12901,#6366);
#5512=LINE('',#12903,#6367);
#5513=LINE('',#12905,#6368);
#5514=LINE('',#12908,#6369);
#5515=LINE('',#12910,#6370);
#5516=LINE('',#12912,#6371);
#5517=LINE('',#12914,#6372);
#5518=LINE('',#12917,#6373);
#5519=LINE('',#12918,#6374);
#5520=LINE('',#12920,#6375);
#5521=LINE('',#12921,#6376);
#5522=LINE('',#12923,#6377);
#5523=LINE('',#12926,#6378);
#5524=LINE('',#12928,#6379);
#5525=LINE('',#12930,#6380);
#5526=LINE('',#12932,#6381);
#5527=LINE('',#12934,#6382);
#5528=LINE('',#12936,#6383);
#5529=LINE('',#12938,#6384);
#5530=LINE('',#12948,#6385);
#5531=LINE('',#12950,#6386);
#5532=LINE('',#13030,#6387);
#5533=LINE('',#13031,#6388);
#5534=LINE('',#13104,#6389);
#5535=LINE('',#13106,#6390);
#5536=LINE('',#13115,#6391);
#5537=LINE('',#13116,#6392);
#5538=LINE('',#13118,#6393);
#5539=LINE('',#13119,#6394);
#5540=LINE('',#13121,#6395);
#5541=LINE('',#13122,#6396);
#5542=LINE('',#13124,#6397);
#5543=LINE('',#13125,#6398);
#5544=LINE('',#13127,#6399);
#5545=LINE('',#13129,#6400);
#5546=LINE('',#13142,#6401);
#5547=LINE('',#13143,#6402);
#5548=LINE('',#13145,#6403);
#5549=LINE('',#13154,#6404);
#5550=LINE('',#13155,#6405);
#5551=LINE('',#13160,#6406);
#5552=LINE('',#13161,#6407);
#5553=LINE('',#13237,#6408);
#5554=LINE('',#13239,#6409);
#5555=LINE('',#13243,#6410);
#5556=LINE('',#13244,#6411);
#5557=LINE('',#13320,#6412);
#5558=LINE('',#13321,#6413);
#5559=LINE('',#13323,#6414);
#5560=LINE('',#13324,#6415);
#5561=LINE('',#13329,#6416);
#5562=LINE('',#13330,#6417);
#5563=LINE('',#13335,#6418);
#5564=LINE('',#13337,#6419);
#5565=LINE('',#13342,#6420);
#5566=LINE('',#13347,#6421);
#5567=LINE('',#13349,#6422);
#5568=LINE('',#13350,#6423);
#5569=LINE('',#13355,#6424);
#5570=LINE('',#13356,#6425);
#5571=LINE('',#13358,#6426);
#5572=LINE('',#13360,#6427);
#5573=LINE('',#13362,#6428);
#5574=LINE('',#13364,#6429);
#5575=LINE('',#13365,#6430);
#5576=LINE('',#13366,#6431);
#5577=LINE('',#13371,#6432);
#5578=LINE('',#13376,#6433);
#5579=LINE('',#13380,#6434);
#5580=LINE('',#13384,#6435);
#5581=LINE('',#13391,#6436);
#5582=LINE('',#13396,#6437);
#5583=LINE('',#13400,#6438);
#5584=LINE('',#13404,#6439);
#5585=LINE('',#13435,#6440);
#5586=LINE('',#13437,#6441);
#5587=LINE('',#13439,#6442);
#5588=LINE('',#13440,#6443);
#5589=LINE('',#13444,#6444);
#5590=LINE('',#13453,#6445);
#5591=LINE('',#13455,#6446);
#5592=LINE('',#13457,#6447);
#5593=LINE('',#13459,#6448);
#5594=LINE('',#13461,#6449);
#5595=LINE('',#13463,#6450);
#5596=LINE('',#13469,#6451);
#5597=LINE('',#13471,#6452);
#5598=LINE('',#13480,#6453);
#5599=LINE('',#13482,#6454);
#5600=LINE('',#13484,#6455);
#5601=LINE('',#13487,#6456);
#5602=LINE('',#13517,#6457);
#5603=LINE('',#13518,#6458);
#5604=LINE('',#13543,#6459);
#5605=LINE('',#13545,#6460);
#5606=LINE('',#13546,#6461);
#5607=LINE('',#13577,#6462);
#5608=LINE('',#13579,#6463);
#5609=LINE('',#13640,#6464);
#5610=LINE('',#13642,#6465);
#5611=LINE('',#13644,#6466);
#5612=LINE('',#13646,#6467);
#5613=LINE('',#13648,#6468);
#5614=LINE('',#13650,#6469);
#5615=LINE('',#13652,#6470);
#5616=LINE('',#13654,#6471);
#5617=LINE('',#13656,#6472);
#5618=LINE('',#13658,#6473);
#5619=LINE('',#13660,#6474);
#5620=LINE('',#13662,#6475);
#5621=LINE('',#13664,#6476);
#5622=LINE('',#13666,#6477);
#5623=LINE('',#13668,#6478);
#5624=LINE('',#13670,#6479);
#5625=LINE('',#13672,#6480);
#5626=LINE('',#13674,#6481);
#5627=LINE('',#13676,#6482);
#5628=LINE('',#13678,#6483);
#5629=LINE('',#13680,#6484);
#5630=LINE('',#13682,#6485);
#5631=LINE('',#13684,#6486);
#5632=LINE('',#13686,#6487);
#5633=LINE('',#13688,#6488);
#5634=LINE('',#13691,#6489);
#5635=LINE('',#13693,#6490);
#5636=LINE('',#13695,#6491);
#5637=LINE('',#13697,#6492);
#5638=LINE('',#13700,#6493);
#5639=LINE('',#13702,#6494);
#5640=LINE('',#13703,#6495);
#5641=LINE('',#13705,#6496);
#5642=LINE('',#13707,#6497);
#5643=LINE('',#13710,#6498);
#5644=LINE('',#13712,#6499);
#5645=LINE('',#13714,#6500);
#5646=LINE('',#13715,#6501);
#5647=LINE('',#13718,#6502);
#5648=LINE('',#13720,#6503);
#5649=LINE('',#13722,#6504);
#5650=LINE('',#13723,#6505);
#5651=LINE('',#13726,#6506);
#5652=LINE('',#13728,#6507);
#5653=LINE('',#13730,#6508);
#5654=LINE('',#13731,#6509);
#5655=LINE('',#13733,#6510);
#5656=LINE('',#13735,#6511);
#5657=LINE('',#13738,#6512);
#5658=LINE('',#13739,#6513);
#5659=LINE('',#13744,#6514);
#5660=LINE('',#13746,#6515);
#5661=LINE('',#13750,#6516);
#5662=LINE('',#13752,#6517);
#5663=LINE('',#13756,#6518);
#5664=LINE('',#13758,#6519);
#5665=LINE('',#13761,#6520);
#5666=LINE('',#13763,#6521);
#5667=LINE('',#13765,#6522);
#5668=LINE('',#13767,#6523);
#5669=LINE('',#13769,#6524);
#5670=LINE('',#13771,#6525);
#5671=LINE('',#13774,#6526);
#5672=LINE('',#13775,#6527);
#5673=LINE('',#13777,#6528);
#5674=LINE('',#13779,#6529);
#5675=LINE('',#13780,#6530);
#5676=LINE('',#13782,#6531);
#5677=LINE('',#13783,#6532);
#5678=LINE('',#13784,#6533);
#5679=LINE('',#13792,#6534);
#5680=LINE('',#13794,#6535);
#5681=LINE('',#13798,#6536);
#5682=LINE('',#13800,#6537);
#5683=LINE('',#13804,#6538);
#5684=LINE('',#13806,#6539);
#5685=LINE('',#13809,#6540);
#5686=LINE('',#13811,#6541);
#5687=LINE('',#13813,#6542);
#5688=LINE('',#13815,#6543);
#5689=LINE('',#13817,#6544);
#5690=LINE('',#13819,#6545);
#5691=LINE('',#13822,#6546);
#5692=LINE('',#13823,#6547);
#5693=LINE('',#13825,#6548);
#5694=LINE('',#13827,#6549);
#5695=LINE('',#13828,#6550);
#5696=LINE('',#13830,#6551);
#5697=LINE('',#13832,#6552);
#5698=LINE('',#13833,#6553);
#5699=LINE('',#13840,#6554);
#5700=LINE('',#13842,#6555);
#5701=LINE('',#13844,#6556);
#5702=LINE('',#13845,#6557);
#5703=LINE('',#13847,#6558);
#5704=LINE('',#13849,#6559);
#5705=LINE('',#13852,#6560);
#5706=LINE('',#13853,#6561);
#5707=LINE('',#13855,#6562);
#5708=LINE('',#13858,#6563);
#5709=LINE('',#13859,#6564);
#5710=LINE('',#13861,#6565);
#5711=LINE('',#13863,#6566);
#5712=LINE('',#13865,#6567);
#5713=LINE('',#13867,#6568);
#5714=LINE('',#13869,#6569);
#5715=LINE('',#13871,#6570);
#5716=LINE('',#13873,#6571);
#5717=LINE('',#13875,#6572);
#5718=LINE('',#13877,#6573);
#5719=LINE('',#13880,#6574);
#5720=LINE('',#13882,#6575);
#5721=LINE('',#13884,#6576);
#5722=LINE('',#13886,#6577);
#5723=LINE('',#13889,#6578);
#5724=LINE('',#13890,#6579);
#5725=LINE('',#13892,#6580);
#5726=LINE('',#13893,#6581);
#5727=LINE('',#13895,#6582);
#5728=LINE('',#13897,#6583);
#5729=LINE('',#13899,#6584);
#5730=LINE('',#13900,#6585);
#5731=LINE('',#13902,#6586);
#5732=LINE('',#13904,#6587);
#5733=LINE('',#13905,#6588);
#5734=LINE('',#13907,#6589);
#5735=LINE('',#13909,#6590);
#5736=LINE('',#13911,#6591);
#5737=LINE('',#13914,#6592);
#5738=LINE('',#13916,#6593);
#5739=LINE('',#13918,#6594);
#5740=LINE('',#13923,#6595);
#5741=LINE('',#13925,#6596);
#5742=LINE('',#13927,#6597);
#5743=LINE('',#13929,#6598);
#5744=LINE('',#13934,#6599);
#5745=LINE('',#13938,#6600);
#5746=LINE('',#13941,#6601);
#5747=LINE('',#13942,#6602);
#5748=LINE('',#13943,#6603);
#5749=LINE('',#13947,#6604);
#5750=LINE('',#13949,#6605);
#5751=LINE('',#13950,#6606);
#5752=LINE('',#13952,#6607);
#5753=LINE('',#13954,#6608);
#5754=LINE('',#13958,#6609);
#5755=LINE('',#13960,#6610);
#5756=LINE('',#13962,#6611);
#5757=LINE('',#13964,#6612);
#5758=LINE('',#13965,#6613);
#5759=LINE('',#13966,#6614);
#5760=LINE('',#13968,#6615);
#5761=LINE('',#13982,#6616);
#5762=LINE('',#13983,#6617);
#5763=LINE('',#13984,#6618);
#5764=LINE('',#13985,#6619);
#5765=LINE('',#13987,#6620);
#5766=LINE('',#13989,#6621);
#5767=LINE('',#13991,#6622);
#5768=LINE('',#13993,#6623);
#5769=LINE('',#13995,#6624);
#5770=LINE('',#13999,#6625);
#5771=LINE('',#14001,#6626);
#5772=LINE('',#14003,#6627);
#5773=LINE('',#14006,#6628);
#5774=LINE('',#14007,#6629);
#5775=LINE('',#14013,#6630);
#5776=LINE('',#14018,#6631);
#5777=LINE('',#14019,#6632);
#5778=LINE('',#14023,#6633);
#5779=LINE('',#14025,#6634);
#5780=LINE('',#14027,#6635);
#5781=LINE('',#14033,#6636);
#5782=LINE('',#14041,#6637);
#5783=LINE('',#14043,#6638);
#5784=LINE('',#14045,#6639);
#5785=LINE('',#14055,#6640);
#5786=LINE('',#14057,#6641);
#5787=LINE('',#14059,#6642);
#5788=LINE('',#14067,#6643);
#5789=LINE('',#14075,#6644);
#5790=LINE('',#14077,#6645);
#5791=LINE('',#14079,#6646);
#5792=LINE('',#14081,#6647);
#5793=LINE('',#14083,#6648);
#5794=LINE('',#14084,#6649);
#5795=LINE('',#14086,#6650);
#5796=LINE('',#14088,#6651);
#5797=LINE('',#14091,#6652);
#5798=LINE('',#14093,#6653);
#5799=LINE('',#14095,#6654);
#5800=LINE('',#14097,#6655);
#5801=LINE('',#14098,#6656);
#5802=LINE('',#14100,#6657);
#5803=LINE('',#14102,#6658);
#5804=LINE('',#14105,#6659);
#5805=LINE('',#14107,#6660);
#5806=LINE('',#14109,#6661);
#5807=LINE('',#14111,#6662);
#5808=LINE('',#14112,#6663);
#5809=LINE('',#14114,#6664);
#5810=LINE('',#14116,#6665);
#5811=LINE('',#14119,#6666);
#5812=LINE('',#14140,#6667);
#5813=LINE('',#14143,#6668);
#5814=LINE('',#14144,#6669);
#5815=LINE('',#14148,#6670);
#5816=LINE('',#14155,#6671);
#5817=LINE('',#14160,#6672);
#5818=LINE('',#14204,#6673);
#5819=LINE('',#14212,#6674);
#5820=LINE('',#14216,#6675);
#5821=LINE('',#14224,#6676);
#5822=LINE('',#14226,#6677);
#5823=LINE('',#14272,#6678);
#5824=LINE('',#14274,#6679);
#5825=LINE('',#14276,#6680);
#5826=LINE('',#14278,#6681);
#5827=LINE('',#14283,#6682);
#5828=LINE('',#14284,#6683);
#5829=LINE('',#14286,#6684);
#5830=LINE('',#14288,#6685);
#5831=LINE('',#14289,#6686);
#5832=LINE('',#14291,#6687);
#5833=LINE('',#14294,#6688);
#5834=LINE('',#14295,#6689);
#5835=LINE('',#14297,#6690);
#5836=LINE('',#14299,#6691);
#5837=LINE('',#14301,#6692);
#5838=LINE('',#14303,#6693);
#5839=LINE('',#14305,#6694);
#5840=LINE('',#14307,#6695);
#5841=LINE('',#14309,#6696);
#5842=LINE('',#14311,#6697);
#5843=LINE('',#14315,#6698);
#5844=LINE('',#14317,#6699);
#5845=LINE('',#14321,#6700);
#5846=LINE('',#14323,#6701);
#5847=LINE('',#14328,#6702);
#5848=LINE('',#14330,#6703);
#5849=LINE('',#14333,#6704);
#5850=LINE('',#14364,#6705);
#5851=LINE('',#14366,#6706);
#5852=LINE('',#14368,#6707);
#5853=LINE('',#14369,#6708);
#5854=LINE('',#14378,#6709);
#5855=LINE('',#14387,#6710);
#5856=LINE('',#14396,#6711);
#5857=LINE('',#14405,#6712);
#5858=LINE('',#14414,#6713);
#5859=LINE('',#14423,#6714);
#5860=LINE('',#14432,#6715);
#5861=LINE('',#14434,#6716);
#5862=LINE('',#14437,#6717);
#5863=LINE('',#14440,#6718);
#5864=LINE('',#14464,#6719);
#5865=LINE('',#14466,#6720);
#5866=LINE('',#14467,#6721);
#5867=LINE('',#14469,#6722);
#5868=LINE('',#14478,#6723);
#5869=LINE('',#14487,#6724);
#5870=LINE('',#14496,#6725);
#5871=LINE('',#14505,#6726);
#5872=LINE('',#14519,#6727);
#5873=LINE('',#14522,#6728);
#5874=LINE('',#14525,#6729);
#5875=LINE('',#14555,#6730);
#5876=LINE('',#14557,#6731);
#5877=LINE('',#14558,#6732);
#5878=LINE('',#14560,#6733);
#5879=LINE('',#14569,#6734);
#5880=LINE('',#14578,#6735);
#5881=LINE('',#14587,#6736);
#5882=LINE('',#14596,#6737);
#5883=LINE('',#14605,#6738);
#5884=LINE('',#14614,#6739);
#5885=LINE('',#14623,#6740);
#5886=LINE('',#14664,#6741);
#5887=LINE('',#14692,#6742);
#5888=LINE('',#14701,#6743);
#5889=LINE('',#14710,#6744);
#5890=LINE('',#14719,#6745);
#5891=LINE('',#14767,#6746);
#5892=LINE('',#14768,#6747);
#5893=LINE('',#14777,#6748);
#5894=LINE('',#14786,#6749);
#5895=LINE('',#14812,#6750);
#5896=LINE('',#14821,#6751);
#5897=LINE('',#14831,#6752);
#5898=LINE('',#14837,#6753);
#5899=LINE('',#14839,#6754);
#5900=LINE('',#14846,#6755);
#5901=LINE('',#14858,#6756);
#5902=LINE('',#14876,#6757);
#5903=LINE('',#14884,#6758);
#5904=LINE('',#14896,#6759);
#5905=LINE('',#14899,#6760);
#5906=LINE('',#14901,#6761);
#5907=LINE('',#14903,#6762);
#5908=LINE('',#14914,#6763);
#5909=LINE('',#14915,#6764);
#5910=LINE('',#14917,#6765);
#5911=LINE('',#14919,#6766);
#5912=LINE('',#14921,#6767);
#5913=LINE('',#14923,#6768);
#5914=LINE('',#14926,#6769);
#5915=LINE('',#14928,#6770);
#5916=LINE('',#14930,#6771);
#5917=LINE('',#14932,#6772);
#5918=LINE('',#14934,#6773);
#5919=LINE('',#14938,#6774);
#5920=LINE('',#14940,#6775);
#5921=LINE('',#14942,#6776);
#5922=LINE('',#14944,#6777);
#5923=LINE('',#14946,#6778);
#5924=LINE('',#14950,#6779);
#5925=LINE('',#14954,#6780);
#5926=LINE('',#14956,#6781);
#5927=LINE('',#14958,#6782);
#5928=LINE('',#14964,#6783);
#5929=LINE('',#14966,#6784);
#5930=LINE('',#14968,#6785);
#5931=LINE('',#14970,#6786);
#5932=LINE('',#14975,#6787);
#5933=LINE('',#14979,#6788);
#5934=LINE('',#14981,#6789);
#5935=LINE('',#14987,#6790);
#5936=LINE('',#15058,#6791);
#5937=LINE('',#15060,#6792);
#5938=LINE('',#15062,#6793);
#5939=LINE('',#15065,#6794);
#5940=LINE('',#15074,#6795);
#5941=LINE('',#15154,#6796);
#5942=LINE('',#15155,#6797);
#5943=LINE('',#15161,#6798);
#5944=LINE('',#15163,#6799);
#5945=LINE('',#15169,#6800);
#5946=LINE('',#15171,#6801);
#5947=LINE('',#15173,#6802);
#5948=LINE('',#15174,#6803);
#5949=LINE('',#15175,#6804);
#5950=LINE('',#15177,#6805);
#5951=LINE('',#15278,#6806);
#5952=LINE('',#15279,#6807);
#5953=LINE('',#15280,#6808);
#5954=LINE('',#15282,#6809);
#5955=LINE('',#15284,#6810);
#5956=LINE('',#15286,#6811);
#5957=LINE('',#15288,#6812);
#5958=LINE('',#15290,#6813);
#5959=LINE('',#15292,#6814);
#5960=LINE('',#15294,#6815);
#5961=LINE('',#15297,#6816);
#5962=LINE('',#15299,#6817);
#5963=LINE('',#15301,#6818);
#5964=LINE('',#15303,#6819);
#5965=LINE('',#15305,#6820);
#5966=LINE('',#15307,#6821);
#5967=LINE('',#15309,#6822);
#5968=LINE('',#15311,#6823);
#5969=LINE('',#15312,#6824);
#5970=LINE('',#15319,#6825);
#5971=LINE('',#15321,#6826);
#5972=LINE('',#15328,#6827);
#5973=LINE('',#15331,#6828);
#5974=LINE('',#15332,#6829);
#5975=LINE('',#15334,#6830);
#5976=LINE('',#15337,#6831);
#5977=LINE('',#15340,#6832);
#5978=LINE('',#15341,#6833);
#5979=LINE('',#15343,#6834);
#5980=LINE('',#15345,#6835);
#5981=LINE('',#15347,#6836);
#5982=LINE('',#15351,#6837);
#5983=LINE('',#15353,#6838);
#5984=LINE('',#15355,#6839);
#5985=LINE('',#15358,#6840);
#5986=LINE('',#15360,#6841);
#5987=LINE('',#15362,#6842);
#5988=LINE('',#15364,#6843);
#5989=LINE('',#15366,#6844);
#5990=LINE('',#15368,#6845);
#5991=LINE('',#15370,#6846);
#5992=LINE('',#15375,#6847);
#5993=LINE('',#15376,#6848);
#5994=LINE('',#15378,#6849);
#5995=LINE('',#15380,#6850);
#5996=LINE('',#15384,#6851);
#5997=LINE('',#15409,#6852);
#5998=LINE('',#15441,#6853);
#5999=LINE('',#15449,#6854);
#6000=LINE('',#15451,#6855);
#6001=LINE('',#15455,#6856);
#6002=LINE('',#15459,#6857);
#6003=LINE('',#15461,#6858);
#6004=LINE('',#15466,#6859);
#6005=LINE('',#15468,#6860);
#6006=LINE('',#15471,#6861);
#6007=LINE('',#15473,#6862);
#6008=LINE('',#15475,#6863);
#6009=LINE('',#15476,#6864);
#6010=LINE('',#15479,#6865);
#6011=LINE('',#15481,#6866);
#6012=LINE('',#15483,#6867);
#6013=LINE('',#15484,#6868);
#6014=LINE('',#15487,#6869);
#6015=LINE('',#15489,#6870);
#6016=LINE('',#15491,#6871);
#6017=LINE('',#15492,#6872);
#6018=LINE('',#15495,#6873);
#6019=LINE('',#15496,#6874);
#6020=LINE('',#15497,#6875);
#6021=LINE('',#15499,#6876);
#6022=LINE('',#15501,#6877);
#6023=LINE('',#15503,#6878);
#6024=LINE('',#15514,#6879);
#6025=LINE('',#15516,#6880);
#6026=LINE('',#15518,#6881);
#6027=LINE('',#15523,#6882);
#6028=LINE('',#15524,#6883);
#6029=LINE('',#15536,#6884);
#6030=LINE('',#15540,#6885);
#6031=LINE('',#15548,#6886);
#6032=LINE('',#15550,#6887);
#6033=LINE('',#15552,#6888);
#6034=LINE('',#15561,#6889);
#6035=LINE('',#15563,#6890);
#6036=LINE('',#15565,#6891);
#6037=LINE('',#15569,#6892);
#6038=LINE('',#15577,#6893);
#6039=LINE('',#15580,#6894);
#6040=LINE('',#15583,#6895);
#6041=LINE('',#15585,#6896);
#6042=LINE('',#15587,#6897);
#6043=LINE('',#15589,#6898);
#6044=LINE('',#15592,#6899);
#6045=LINE('',#15594,#6900);
#6046=LINE('',#15595,#6901);
#6047=LINE('',#15597,#6902);
#6048=LINE('',#15599,#6903);
#6049=LINE('',#15601,#6904);
#6050=LINE('',#15602,#6905);
#6051=LINE('',#15603,#6906);
#6052=LINE('',#15605,#6907);
#6053=LINE('',#15607,#6908);
#6054=LINE('',#15609,#6909);
#6055=LINE('',#15610,#6910);
#6056=LINE('',#15617,#6911);
#6057=LINE('',#15627,#6912);
#6058=LINE('',#15628,#6913);
#6059=LINE('',#15630,#6914);
#6060=LINE('',#15633,#6915);
#6061=LINE('',#15634,#6916);
#6062=LINE('',#15656,#6917);
#6063=LINE('',#15658,#6918);
#6064=LINE('',#15660,#6919);
#6065=LINE('',#15669,#6920);
#6066=LINE('',#15671,#6921);
#6067=LINE('',#15673,#6922);
#6068=LINE('',#15690,#6923);
#6069=LINE('',#15701,#6924);
#6070=LINE('',#15712,#6925);
#6071=LINE('',#15713,#6926);
#6072=LINE('',#15715,#6927);
#6073=LINE('',#15743,#6928);
#6074=LINE('',#15744,#6929);
#6075=LINE('',#15746,#6930);
#6076=LINE('',#15748,#6931);
#6077=LINE('',#15750,#6932);
#6078=LINE('',#15752,#6933);
#6079=LINE('',#15754,#6934);
#6080=LINE('',#15756,#6935);
#6081=LINE('',#15758,#6936);
#6082=LINE('',#15760,#6937);
#6083=LINE('',#15762,#6938);
#6084=LINE('',#15771,#6939);
#6085=LINE('',#15783,#6940);
#6086=LINE('',#15786,#6941);
#6087=LINE('',#15788,#6942);
#6088=LINE('',#15790,#6943);
#6089=LINE('',#15792,#6944);
#6090=LINE('',#15794,#6945);
#6091=LINE('',#15796,#6946);
#6092=LINE('',#15798,#6947);
#6093=LINE('',#15800,#6948);
#6094=VECTOR('',#9528,1.);
#6095=VECTOR('',#9529,1.);
#6096=VECTOR('',#9532,1.);
#6097=VECTOR('',#9533,1.);
#6098=VECTOR('',#9534,1.);
#6099=VECTOR('',#9535,1.);
#6100=VECTOR('',#9536,1.);
#6101=VECTOR('',#9541,1.);
#6102=VECTOR('',#9542,1.);
#6103=VECTOR('',#9543,1.);
#6104=VECTOR('',#9546,1.);
#6105=VECTOR('',#9549,1.);
#6106=VECTOR('',#9552,1.);
#6107=VECTOR('',#9555,1.);
#6108=VECTOR('',#9556,1.);
#6109=VECTOR('',#9557,1.);
#6110=VECTOR('',#9558,1.);
#6111=VECTOR('',#9561,1.);
#6112=VECTOR('',#9562,1.);
#6113=VECTOR('',#9563,1.);
#6114=VECTOR('',#9564,1.);
#6115=VECTOR('',#9565,1.);
#6116=VECTOR('',#9568,1.);
#6117=VECTOR('',#9569,1.);
#6118=VECTOR('',#9570,1.);
#6119=VECTOR('',#9571,1.);
#6120=VECTOR('',#9574,1.);
#6121=VECTOR('',#9575,1.);
#6122=VECTOR('',#9576,1.);
#6123=VECTOR('',#9577,1.);
#6124=VECTOR('',#9578,1.);
#6125=VECTOR('',#9579,1.);
#6126=VECTOR('',#9580,1.);
#6127=VECTOR('',#9581,1.);
#6128=VECTOR('',#9584,1.);
#6129=VECTOR('',#9587,1.);
#6130=VECTOR('',#9588,1.);
#6131=VECTOR('',#9589,1.);
#6132=VECTOR('',#9590,1.);
#6133=VECTOR('',#9591,1.);
#6134=VECTOR('',#9594,1.);
#6135=VECTOR('',#9599,1.);
#6136=VECTOR('',#9600,1.);
#6137=VECTOR('',#9603,1.);
#6138=VECTOR('',#9608,1.);
#6139=VECTOR('',#9611,1.);
#6140=VECTOR('',#9612,1.);
#6141=VECTOR('',#9617,1.);
#6142=VECTOR('',#9618,1.);
#6143=VECTOR('',#9621,1.);
#6144=VECTOR('',#9634,1.);
#6145=VECTOR('',#9639,1.);
#6146=VECTOR('',#9640,1.);
#6147=VECTOR('',#9643,1.);
#6148=VECTOR('',#9648,1.);
#6149=VECTOR('',#9649,1.);
#6150=VECTOR('',#9650,1.);
#6151=VECTOR('',#9651,1.);
#6152=VECTOR('',#9652,1.);
#6153=VECTOR('',#9653,1.);
#6154=VECTOR('',#9656,1.);
#6155=VECTOR('',#9657,1.);
#6156=VECTOR('',#9658,1.);
#6157=VECTOR('',#9661,1.);
#6158=VECTOR('',#9662,1.);
#6159=VECTOR('',#9665,1.);
#6160=VECTOR('',#9666,1.);
#6161=VECTOR('',#9669,1.);
#6162=VECTOR('',#9670,1.);
#6163=VECTOR('',#9673,1.);
#6164=VECTOR('',#9674,1.);
#6165=VECTOR('',#9675,1.);
#6166=VECTOR('',#9676,1.);
#6167=VECTOR('',#9677,1.);
#6168=VECTOR('',#9678,1.);
#6169=VECTOR('',#9681,1.);
#6170=VECTOR('',#9682,1.);
#6171=VECTOR('',#9685,1.);
#6172=VECTOR('',#9686,1.);
#6173=VECTOR('',#9689,1.);
#6174=VECTOR('',#9690,1.);
#6175=VECTOR('',#9693,1.);
#6176=VECTOR('',#9698,1.);
#6177=VECTOR('',#9699,1.);
#6178=VECTOR('',#9702,1.);
#6179=VECTOR('',#9707,1.);
#6180=VECTOR('',#9708,1.);
#6181=VECTOR('',#9709,1.);
#6182=VECTOR('',#9712,1.);
#6183=VECTOR('',#9715,1.);
#6184=VECTOR('',#9716,1.);
#6185=VECTOR('',#9721,1.);
#6186=VECTOR('',#9722,1.);
#6187=VECTOR('',#9725,1.);
#6188=VECTOR('',#9726,1.);
#6189=VECTOR('',#9727,1.);
#6190=VECTOR('',#9728,1.);
#6191=VECTOR('',#9729,1.);
#6192=VECTOR('',#9730,1.);
#6193=VECTOR('',#9731,1.);
#6194=VECTOR('',#9732,1.);
#6195=VECTOR('',#9737,1.);
#6196=VECTOR('',#9738,1.);
#6197=VECTOR('',#9741,1.);
#6198=VECTOR('',#9742,1.);
#6199=VECTOR('',#9747,1.);
#6200=VECTOR('',#9748,1.);
#6201=VECTOR('',#9759,1.);
#6202=VECTOR('',#9760,1.);
#6203=VECTOR('',#9765,1.);
#6204=VECTOR('',#9770,1.);
#6205=VECTOR('',#9773,1.);
#6206=VECTOR('',#9778,1.);
#6207=VECTOR('',#9779,1.);
#6208=VECTOR('',#9780,1.);
#6209=VECTOR('',#9781,1.);
#6210=VECTOR('',#9782,1.);
#6211=VECTOR('',#9783,1.);
#6212=VECTOR('',#9784,1.);
#6213=VECTOR('',#9785,1.);
#6214=VECTOR('',#9786,1.);
#6215=VECTOR('',#9787,1.);
#6216=VECTOR('',#9788,1.);
#6217=VECTOR('',#9789,1.);
#6218=VECTOR('',#9790,1.);
#6219=VECTOR('',#9791,1.);
#6220=VECTOR('',#9792,1.);
#6221=VECTOR('',#9795,1.);
#6222=VECTOR('',#9796,1.);
#6223=VECTOR('',#9797,1.);
#6224=VECTOR('',#9804,1.);
#6225=VECTOR('',#9805,1.);
#6226=VECTOR('',#9806,1.);
#6227=VECTOR('',#9815,1.);
#6228=VECTOR('',#9816,1.);
#6229=VECTOR('',#9827,1.);
#6230=VECTOR('',#9832,1.);
#6231=VECTOR('',#9843,1.);
#6232=VECTOR('',#9844,1.);
#6233=VECTOR('',#9845,1.);
#6234=VECTOR('',#9854,1.);
#6235=VECTOR('',#9855,1.);
#6236=VECTOR('',#9860,1.);
#6237=VECTOR('',#9865,1.);
#6238=VECTOR('',#9876,1.);
#6239=VECTOR('',#9877,1.);
#6240=VECTOR('',#9880,1.);
#6241=VECTOR('',#9883,1.);
#6242=VECTOR('',#9886,1.);
#6243=VECTOR('',#9889,1.);
#6244=VECTOR('',#9890,1.);
#6245=VECTOR('',#9891,1.);
#6246=VECTOR('',#9892,1.);
#6247=VECTOR('',#9895,1.);
#6248=VECTOR('',#9898,1.);
#6249=VECTOR('',#9899,1.);
#6250=VECTOR('',#9900,1.);
#6251=VECTOR('',#9901,1.);
#6252=VECTOR('',#9902,1.);
#6253=VECTOR('',#9903,1.);
#6254=VECTOR('',#9906,1.);
#6255=VECTOR('',#9907,1.);
#6256=VECTOR('',#9918,1.);
#6257=VECTOR('',#9931,1.);
#6258=VECTOR('',#9934,1.);
#6259=VECTOR('',#9935,1.);
#6260=VECTOR('',#9946,1.);
#6261=VECTOR('',#9947,1.);
#6262=VECTOR('',#9948,1.);
#6263=VECTOR('',#9955,1.);
#6264=VECTOR('',#9956,1.);
#6265=VECTOR('',#9957,1.);
#6266=VECTOR('',#9980,1.);
#6267=VECTOR('',#9989,1.);
#6268=VECTOR('',#10004,1.);
#6269=VECTOR('',#10005,1.);
#6270=VECTOR('',#10008,1.);
#6271=VECTOR('',#10015,1.);
#6272=VECTOR('',#10016,1.);
#6273=VECTOR('',#10019,1.);
#6274=VECTOR('',#10020,1.);
#6275=VECTOR('',#10021,1.);
#6276=VECTOR('',#10022,1.);
#6277=VECTOR('',#10023,1.);
#6278=VECTOR('',#10026,1.);
#6279=VECTOR('',#10029,1.);
#6280=VECTOR('',#10032,1.);
#6281=VECTOR('',#10033,1.);
#6282=VECTOR('',#10036,1.);
#6283=VECTOR('',#10037,1.);
#6284=VECTOR('',#10044,1.);
#6285=VECTOR('',#10061,1.);
#6286=VECTOR('',#10062,1.);
#6287=VECTOR('',#10063,1.);
#6288=VECTOR('',#10064,1.);
#6289=VECTOR('',#10065,1.);
#6290=VECTOR('',#10066,1.);
#6291=VECTOR('',#10067,1.);
#6292=VECTOR('',#10070,1.);
#6293=VECTOR('',#10073,1.);
#6294=VECTOR('',#10074,1.);
#6295=VECTOR('',#10075,1.);
#6296=VECTOR('',#10076,1.);
#6297=VECTOR('',#10077,1.);
#6298=VECTOR('',#10078,1.);
#6299=VECTOR('',#10079,1.);
#6300=VECTOR('',#10080,1.);
#6301=VECTOR('',#10087,1.);
#6302=VECTOR('',#10088,1.);
#6303=VECTOR('',#10089,1.);
#6304=VECTOR('',#10090,1.);
#6305=VECTOR('',#10091,1.);
#6306=VECTOR('',#10092,1.);
#6307=VECTOR('',#10093,1.);
#6308=VECTOR('',#10094,1.);
#6309=VECTOR('',#10095,1.);
#6310=VECTOR('',#10096,1.);
#6311=VECTOR('',#10097,1.);
#6312=VECTOR('',#10098,1.);
#6313=VECTOR('',#10099,1.);
#6314=VECTOR('',#10100,1.);
#6315=VECTOR('',#10101,1.);
#6316=VECTOR('',#10102,1.);
#6317=VECTOR('',#10103,1.);
#6318=VECTOR('',#10104,1.);
#6319=VECTOR('',#10105,1.);
#6320=VECTOR('',#10108,1.);
#6321=VECTOR('',#10109,1.);
#6322=VECTOR('',#10110,1.);
#6323=VECTOR('',#10111,1.);
#6324=VECTOR('',#10112,1.);
#6325=VECTOR('',#10113,1.);
#6326=VECTOR('',#10114,1.);
#6327=VECTOR('',#10117,1.);
#6328=VECTOR('',#10118,1.);
#6329=VECTOR('',#10119,1.);
#6330=VECTOR('',#10122,1.);
#6331=VECTOR('',#10125,1.);
#6332=VECTOR('',#10126,1.);
#6333=VECTOR('',#10127,1.);
#6334=VECTOR('',#10130,1.);
#6335=VECTOR('',#10131,1.);
#6336=VECTOR('',#10132,1.);
#6337=VECTOR('',#10133,1.);
#6338=VECTOR('',#10134,1.);
#6339=VECTOR('',#10135,1.);
#6340=VECTOR('',#10136,1.);
#6341=VECTOR('',#10137,1.);
#6342=VECTOR('',#10138,1.);
#6343=VECTOR('',#10141,1.);
#6344=VECTOR('',#10144,1.);
#6345=VECTOR('',#10147,1.);
#6346=VECTOR('',#10148,1.);
#6347=VECTOR('',#10149,1.);
#6348=VECTOR('',#10150,1.);
#6349=VECTOR('',#10151,1.);
#6350=VECTOR('',#10152,1.);
#6351=VECTOR('',#10155,1.);
#6352=VECTOR('',#10156,1.);
#6353=VECTOR('',#10159,1.);
#6354=VECTOR('',#10162,1.);
#6355=VECTOR('',#10167,1.);
#6356=VECTOR('',#10168,1.);
#6357=VECTOR('',#10171,1.);
#6358=VECTOR('',#10172,1.);
#6359=VECTOR('',#10173,1.);
#6360=VECTOR('',#10174,1.);
#6361=VECTOR('',#10177,1.);
#6362=VECTOR('',#10178,1.);
#6363=VECTOR('',#10179,1.);
#6364=VECTOR('',#10182,1.);
#6365=VECTOR('',#10183,1.);
#6366=VECTOR('',#10184,1.);
#6367=VECTOR('',#10185,1.);
#6368=VECTOR('',#10188,1.);
#6369=VECTOR('',#10189,1.);
#6370=VECTOR('',#10190,1.);
#6371=VECTOR('',#10191,1.);
#6372=VECTOR('',#10194,1.);
#6373=VECTOR('',#10195,1.);
#6374=VECTOR('',#10196,1.);
#6375=VECTOR('',#10199,1.);
#6376=VECTOR('',#10200,1.);
#6377=VECTOR('',#10203,1.);
#6378=VECTOR('',#10204,1.);
#6379=VECTOR('',#10205,1.);
#6380=VECTOR('',#10206,1.);
#6381=VECTOR('',#10207,1.);
#6382=VECTOR('',#10210,1.);
#6383=VECTOR('',#10211,1.);
#6384=VECTOR('',#10212,1.);
#6385=VECTOR('',#10225,1.);
#6386=VECTOR('',#10226,1.);
#6387=VECTOR('',#10237,1.);
#6388=VECTOR('',#10238,1.);
#6389=VECTOR('',#10241,1.);
#6390=VECTOR('',#10244,1.);
#6391=VECTOR('',#10255,1.);
#6392=VECTOR('',#10256,1.);
#6393=VECTOR('',#10259,1.);
#6394=VECTOR('',#10260,1.);
#6395=VECTOR('',#10263,1.);
#6396=VECTOR('',#10264,1.);
#6397=VECTOR('',#10267,1.);
#6398=VECTOR('',#10268,1.);
#6399=VECTOR('',#10271,1.);
#6400=VECTOR('',#10272,1.);
#6401=VECTOR('',#10287,1.);
#6402=VECTOR('',#10288,1.);
#6403=VECTOR('',#10289,1.);
#6404=VECTOR('',#10300,1.);
#6405=VECTOR('',#10301,1.);
#6406=VECTOR('',#10306,1.);
#6407=VECTOR('',#10307,1.);
#6408=VECTOR('',#10312,1.);
#6409=VECTOR('',#10313,1.);
#6410=VECTOR('',#10318,1.);
#6411=VECTOR('',#10319,1.);
#6412=VECTOR('',#10324,1.);
#6413=VECTOR('',#10325,1.);
#6414=VECTOR('',#10328,1.);
#6415=VECTOR('',#10329,1.);
#6416=VECTOR('',#10334,1.);
#6417=VECTOR('',#10335,1.);
#6418=VECTOR('',#10344,1.);
#6419=VECTOR('',#10347,1.);
#6420=VECTOR('',#10356,1.);
#6421=VECTOR('',#10361,1.);
#6422=VECTOR('',#10362,1.);
#6423=VECTOR('',#10363,1.);
#6424=VECTOR('',#10368,1.);
#6425=VECTOR('',#10369,1.);
#6426=VECTOR('',#10370,1.);
#6427=VECTOR('',#10373,1.);
#6428=VECTOR('',#10374,1.);
#6429=VECTOR('',#10375,1.);
#6430=VECTOR('',#10376,1.);
#6431=VECTOR('',#10377,1.);
#6432=VECTOR('',#10384,1.);
#6433=VECTOR('',#10387,1.);
#6434=VECTOR('',#10390,1.);
#6435=VECTOR('',#10393,1.);
#6436=VECTOR('',#10402,1.);
#6437=VECTOR('',#10405,1.);
#6438=VECTOR('',#10408,1.);
#6439=VECTOR('',#10411,1.);
#6440=VECTOR('',#10424,1.);
#6441=VECTOR('',#10425,1.);
#6442=VECTOR('',#10426,1.);
#6443=VECTOR('',#10427,1.);
#6444=VECTOR('',#10432,1.);
#6445=VECTOR('',#10437,1.);
#6446=VECTOR('',#10438,1.);
#6447=VECTOR('',#10441,1.);
#6448=VECTOR('',#10442,1.);
#6449=VECTOR('',#10443,1.);
#6450=VECTOR('',#10444,1.);
#6451=VECTOR('',#10451,1.);
#6452=VECTOR('',#10452,1.);
#6453=VECTOR('',#10457,1.);
#6454=VECTOR('',#10460,1.);
#6455=VECTOR('',#10463,1.);
#6456=VECTOR('',#10464,1.);
#6457=VECTOR('',#10465,1.);
#6458=VECTOR('',#10466,1.);
#6459=VECTOR('',#10469,1.);
#6460=VECTOR('',#10470,1.);
#6461=VECTOR('',#10471,1.);
#6462=VECTOR('',#10472,1.);
#6463=VECTOR('',#10473,1.);
#6464=VECTOR('',#10482,1.);
#6465=VECTOR('',#10485,1.);
#6466=VECTOR('',#10486,1.);
#6467=VECTOR('',#10489,1.);
#6468=VECTOR('',#10490,1.);
#6469=VECTOR('',#10491,1.);
#6470=VECTOR('',#10494,1.);
#6471=VECTOR('',#10495,1.);
#6472=VECTOR('',#10496,1.);
#6473=VECTOR('',#10499,1.);
#6474=VECTOR('',#10500,1.);
#6475=VECTOR('',#10501,1.);
#6476=VECTOR('',#10504,1.);
#6477=VECTOR('',#10505,1.);
#6478=VECTOR('',#10506,1.);
#6479=VECTOR('',#10507,1.);
#6480=VECTOR('',#10510,1.);
#6481=VECTOR('',#10511,1.);
#6482=VECTOR('',#10512,1.);
#6483=VECTOR('',#10515,1.);
#6484=VECTOR('',#10518,1.);
#6485=VECTOR('',#10519,1.);
#6486=VECTOR('',#10520,1.);
#6487=VECTOR('',#10523,1.);
#6488=VECTOR('',#10526,1.);
#6489=VECTOR('',#10527,1.);
#6490=VECTOR('',#10528,1.);
#6491=VECTOR('',#10529,1.);
#6492=VECTOR('',#10532,1.);
#6493=VECTOR('',#10533,1.);
#6494=VECTOR('',#10534,1.);
#6495=VECTOR('',#10535,1.);
#6496=VECTOR('',#10536,1.);
#6497=VECTOR('',#10539,1.);
#6498=VECTOR('',#10540,1.);
#6499=VECTOR('',#10541,1.);
#6500=VECTOR('',#10542,1.);
#6501=VECTOR('',#10543,1.);
#6502=VECTOR('',#10544,1.);
#6503=VECTOR('',#10545,1.);
#6504=VECTOR('',#10546,1.);
#6505=VECTOR('',#10547,1.);
#6506=VECTOR('',#10548,1.);
#6507=VECTOR('',#10549,1.);
#6508=VECTOR('',#10550,1.);
#6509=VECTOR('',#10551,1.);
#6510=VECTOR('',#10552,1.);
#6511=VECTOR('',#10555,1.);
#6512=VECTOR('',#10556,1.);
#6513=VECTOR('',#10557,1.);
#6514=VECTOR('',#10562,1.);
#6515=VECTOR('',#10563,1.);
#6516=VECTOR('',#10568,1.);
#6517=VECTOR('',#10569,1.);
#6518=VECTOR('',#10574,1.);
#6519=VECTOR('',#10575,1.);
#6520=VECTOR('',#10580,1.);
#6521=VECTOR('',#10581,1.);
#6522=VECTOR('',#10584,1.);
#6523=VECTOR('',#10585,1.);
#6524=VECTOR('',#10586,1.);
#6525=VECTOR('',#10589,1.);
#6526=VECTOR('',#10590,1.);
#6527=VECTOR('',#10591,1.);
#6528=VECTOR('',#10594,1.);
#6529=VECTOR('',#10597,1.);
#6530=VECTOR('',#10598,1.);
#6531=VECTOR('',#10601,1.);
#6532=VECTOR('',#10602,1.);
#6533=VECTOR('',#10603,1.);
#6534=VECTOR('',#10614,1.);
#6535=VECTOR('',#10615,1.);
#6536=VECTOR('',#10620,1.);
#6537=VECTOR('',#10621,1.);
#6538=VECTOR('',#10626,1.);
#6539=VECTOR('',#10627,1.);
#6540=VECTOR('',#10632,1.);
#6541=VECTOR('',#10633,1.);
#6542=VECTOR('',#10636,1.);
#6543=VECTOR('',#10637,1.);
#6544=VECTOR('',#10638,1.);
#6545=VECTOR('',#10641,1.);
#6546=VECTOR('',#10642,1.);
#6547=VECTOR('',#10643,1.);
#6548=VECTOR('',#10646,1.);
#6549=VECTOR('',#10649,1.);
#6550=VECTOR('',#10650,1.);
#6551=VECTOR('',#10653,1.);
#6552=VECTOR('',#10656,1.);
#6553=VECTOR('',#10657,1.);
#6554=VECTOR('',#10668,1.);
#6555=VECTOR('',#10669,1.);
#6556=VECTOR('',#10672,1.);
#6557=VECTOR('',#10673,1.);
#6558=VECTOR('',#10676,1.);
#6559=VECTOR('',#10679,1.);
#6560=VECTOR('',#10680,1.);
#6561=VECTOR('',#10681,1.);
#6562=VECTOR('',#10684,1.);
#6563=VECTOR('',#10685,1.);
#6564=VECTOR('',#10686,1.);
#6565=VECTOR('',#10689,1.);
#6566=VECTOR('',#10690,1.);
#6567=VECTOR('',#10693,1.);
#6568=VECTOR('',#10694,1.);
#6569=VECTOR('',#10697,1.);
#6570=VECTOR('',#10698,1.);
#6571=VECTOR('',#10701,1.);
#6572=VECTOR('',#10704,1.);
#6573=VECTOR('',#10707,1.);
#6574=VECTOR('',#10708,1.);
#6575=VECTOR('',#10709,1.);
#6576=VECTOR('',#10710,1.);
#6577=VECTOR('',#10713,1.);
#6578=VECTOR('',#10714,1.);
#6579=VECTOR('',#10715,1.);
#6580=VECTOR('',#10718,1.);
#6581=VECTOR('',#10719,1.);
#6582=VECTOR('',#10722,1.);
#6583=VECTOR('',#10725,1.);
#6584=VECTOR('',#10726,1.);
#6585=VECTOR('',#10727,1.);
#6586=VECTOR('',#10730,1.);
#6587=VECTOR('',#10731,1.);
#6588=VECTOR('',#10732,1.);
#6589=VECTOR('',#10735,1.);
#6590=VECTOR('',#10736,1.);
#6591=VECTOR('',#10739,1.);
#6592=VECTOR('',#10740,1.);
#6593=VECTOR('',#10741,1.);
#6594=VECTOR('',#10742,1.);
#6595=VECTOR('',#10751,1.);
#6596=VECTOR('',#10752,1.);
#6597=VECTOR('',#10753,1.);
#6598=VECTOR('',#10756,1.);
#6599=VECTOR('',#10759,1.);
#6600=VECTOR('',#10764,1.);
#6601=VECTOR('',#10765,1.);
#6602=VECTOR('',#10766,1.);
#6603=VECTOR('',#10767,1.);
#6604=VECTOR('',#10772,1.);
#6605=VECTOR('',#10773,1.);
#6606=VECTOR('',#10774,1.);
#6607=VECTOR('',#10775,1.);
#6608=VECTOR('',#10776,1.);
#6609=VECTOR('',#10779,1.);
#6610=VECTOR('',#10782,1.);
#6611=VECTOR('',#10785,1.);
#6612=VECTOR('',#10788,1.);
#6613=VECTOR('',#10789,1.);
#6614=VECTOR('',#10790,1.);
#6615=VECTOR('',#10793,1.);
#6616=VECTOR('',#10812,1.);
#6617=VECTOR('',#10813,1.);
#6618=VECTOR('',#10814,1.);
#6619=VECTOR('',#10815,1.);
#6620=VECTOR('',#10816,1.);
#6621=VECTOR('',#10817,1.);
#6622=VECTOR('',#10818,1.);
#6623=VECTOR('',#10819,1.);
#6624=VECTOR('',#10820,1.);
#6625=VECTOR('',#10825,1.);
#6626=VECTOR('',#10826,1.);
#6627=VECTOR('',#10829,1.);
#6628=VECTOR('',#10830,1.);
#6629=VECTOR('',#10831,1.);
#6630=VECTOR('',#10838,1.);
#6631=VECTOR('',#10843,1.);
#6632=VECTOR('',#10844,1.);
#6633=VECTOR('',#10847,1.);
#6634=VECTOR('',#10850,1.);
#6635=VECTOR('',#10851,1.);
#6636=VECTOR('',#10858,1.);
#6637=VECTOR('',#10861,1.);
#6638=VECTOR('',#10864,1.);
#6639=VECTOR('',#10865,1.);
#6640=VECTOR('',#10880,1.);
#6641=VECTOR('',#10883,1.);
#6642=VECTOR('',#10884,1.);
#6643=VECTOR('',#10887,1.);
#6644=VECTOR('',#10900,1.);
#6645=VECTOR('',#10903,1.);
#6646=VECTOR('',#10904,1.);
#6647=VECTOR('',#10907,1.);
#6648=VECTOR('',#10910,1.);
#6649=VECTOR('',#10911,1.);
#6650=VECTOR('',#10914,1.);
#6651=VECTOR('',#10917,1.);
#6652=VECTOR('',#10922,1.);
#6653=VECTOR('',#10923,1.);
#6654=VECTOR('',#10926,1.);
#6655=VECTOR('',#10929,1.);
#6656=VECTOR('',#10930,1.);
#6657=VECTOR('',#10933,1.);
#6658=VECTOR('',#10936,1.);
#6659=VECTOR('',#10941,1.);
#6660=VECTOR('',#10942,1.);
#6661=VECTOR('',#10945,1.);
#6662=VECTOR('',#10948,1.);
#6663=VECTOR('',#10949,1.);
#6664=VECTOR('',#10952,1.);
#6665=VECTOR('',#10955,1.);
#6666=VECTOR('',#10960,1.);
#6667=VECTOR('',#10989,1.);
#6668=VECTOR('',#10990,1.);
#6669=VECTOR('',#10991,1.);
#6670=VECTOR('',#10994,1.);
#6671=VECTOR('',#10997,1.);
#6672=VECTOR('',#11000,1.);
#6673=VECTOR('',#11007,1.);
#6674=VECTOR('',#11008,1.);
#6675=VECTOR('',#11011,1.);
#6676=VECTOR('',#11018,1.);
#6677=VECTOR('',#11019,1.);
#6678=VECTOR('',#11038,1.);
#6679=VECTOR('',#11039,1.);
#6680=VECTOR('',#11040,1.);
#6681=VECTOR('',#11043,1.);
#6682=VECTOR('',#11048,1.);
#6683=VECTOR('',#11049,1.);
#6684=VECTOR('',#11050,1.);
#6685=VECTOR('',#11051,1.);
#6686=VECTOR('',#11052,1.);
#6687=VECTOR('',#11055,1.);
#6688=VECTOR('',#11056,1.);
#6689=VECTOR('',#11057,1.);
#6690=VECTOR('',#11060,1.);
#6691=VECTOR('',#11063,1.);
#6692=VECTOR('',#11066,1.);
#6693=VECTOR('',#11067,1.);
#6694=VECTOR('',#11070,1.);
#6695=VECTOR('',#11071,1.);
#6696=VECTOR('',#11074,1.);
#6697=VECTOR('',#11075,1.);
#6698=VECTOR('',#11082,1.);
#6699=VECTOR('',#11083,1.);
#6700=VECTOR('',#11090,1.);
#6701=VECTOR('',#11093,1.);
#6702=VECTOR('',#11100,1.);
#6703=VECTOR('',#11103,1.);
#6704=VECTOR('',#11108,1.);
#6705=VECTOR('',#11109,1.);
#6706=VECTOR('',#11110,1.);
#6707=VECTOR('',#11113,1.);
#6708=VECTOR('',#11114,1.);
#6709=VECTOR('',#11115,1.);
#6710=VECTOR('',#11116,1.);
#6711=VECTOR('',#11117,1.);
#6712=VECTOR('',#11118,1.);
#6713=VECTOR('',#11119,1.);
#6714=VECTOR('',#11120,1.);
#6715=VECTOR('',#11121,1.);
#6716=VECTOR('',#11124,1.);
#6717=VECTOR('',#11129,1.);
#6718=VECTOR('',#11130,1.);
#6719=VECTOR('',#11133,1.);
#6720=VECTOR('',#11136,1.);
#6721=VECTOR('',#11137,1.);
#6722=VECTOR('',#11140,1.);
#6723=VECTOR('',#11141,1.);
#6724=VECTOR('',#11142,1.);
#6725=VECTOR('',#11143,1.);
#6726=VECTOR('',#11144,1.);
#6727=VECTOR('',#11147,1.);
#6728=VECTOR('',#11152,1.);
#6729=VECTOR('',#11153,1.);
#6730=VECTOR('',#11154,1.);
#6731=VECTOR('',#11157,1.);
#6732=VECTOR('',#11158,1.);
#6733=VECTOR('',#11161,1.);
#6734=VECTOR('',#11162,1.);
#6735=VECTOR('',#11163,1.);
#6736=VECTOR('',#11164,1.);
#6737=VECTOR('',#11165,1.);
#6738=VECTOR('',#11166,1.);
#6739=VECTOR('',#11167,1.);
#6740=VECTOR('',#11168,1.);
#6741=VECTOR('',#11179,1.);
#6742=VECTOR('',#11186,1.);
#6743=VECTOR('',#11187,1.);
#6744=VECTOR('',#11188,1.);
#6745=VECTOR('',#11189,1.);
#6746=VECTOR('',#11194,1.);
#6747=VECTOR('',#11195,1.);
#6748=VECTOR('',#11196,1.);
#6749=VECTOR('',#11197,1.);
#6750=VECTOR('',#11200,1.);
#6751=VECTOR('',#11201,1.);
#6752=VECTOR('',#11204,1.);
#6753=VECTOR('',#11211,1.);
#6754=VECTOR('',#11212,1.);
#6755=VECTOR('',#11213,1.);
#6756=VECTOR('',#11216,1.);
#6757=VECTOR('',#11219,1.);
#6758=VECTOR('',#11222,1.);
#6759=VECTOR('',#11225,1.);
#6760=VECTOR('',#11226,1.);
#6761=VECTOR('',#11227,1.);
#6762=VECTOR('',#11228,1.);
#6763=VECTOR('',#11231,1.);
#6764=VECTOR('',#11232,1.);
#6765=VECTOR('',#11233,1.);
#6766=VECTOR('',#11234,1.);
#6767=VECTOR('',#11235,1.);
#6768=VECTOR('',#11238,1.);
#6769=VECTOR('',#11239,1.);
#6770=VECTOR('',#11240,1.);
#6771=VECTOR('',#11241,1.);
#6772=VECTOR('',#11244,1.);
#6773=VECTOR('',#11245,1.);
#6774=VECTOR('',#11248,1.);
#6775=VECTOR('',#11249,1.);
#6776=VECTOR('',#11250,1.);
#6777=VECTOR('',#11251,1.);
#6778=VECTOR('',#11252,1.);
#6779=VECTOR('',#11255,1.);
#6780=VECTOR('',#11258,1.);
#6781=VECTOR('',#11259,1.);
#6782=VECTOR('',#11260,1.);
#6783=VECTOR('',#11261,1.);
#6784=VECTOR('',#11262,1.);
#6785=VECTOR('',#11263,1.);
#6786=VECTOR('',#11264,1.);
#6787=VECTOR('',#11269,1.);
#6788=VECTOR('',#11272,1.);
#6789=VECTOR('',#11273,1.);
#6790=VECTOR('',#11280,1.);
#6791=VECTOR('',#11281,1.);
#6792=VECTOR('',#11284,1.);
#6793=VECTOR('',#11287,1.);
#6794=VECTOR('',#11288,1.);
#6795=VECTOR('',#11291,1.);
#6796=VECTOR('',#11304,1.);
#6797=VECTOR('',#11305,1.);
#6798=VECTOR('',#11310,1.);
#6799=VECTOR('',#11313,1.);
#6800=VECTOR('',#11320,1.);
#6801=VECTOR('',#11321,1.);
#6802=VECTOR('',#11322,1.);
#6803=VECTOR('',#11323,1.);
#6804=VECTOR('',#11324,1.);
#6805=VECTOR('',#11325,1.);
#6806=VECTOR('',#11326,1.);
#6807=VECTOR('',#11327,1.);
#6808=VECTOR('',#11328,1.);
#6809=VECTOR('',#11331,1.);
#6810=VECTOR('',#11332,1.);
#6811=VECTOR('',#11335,1.);
#6812=VECTOR('',#11336,1.);
#6813=VECTOR('',#11339,1.);
#6814=VECTOR('',#11340,1.);
#6815=VECTOR('',#11343,1.);
#6816=VECTOR('',#11344,1.);
#6817=VECTOR('',#11345,1.);
#6818=VECTOR('',#11346,1.);
#6819=VECTOR('',#11347,1.);
#6820=VECTOR('',#11348,1.);
#6821=VECTOR('',#11351,1.);
#6822=VECTOR('',#11352,1.);
#6823=VECTOR('',#11355,1.);
#6824=VECTOR('',#11356,1.);
#6825=VECTOR('',#11359,1.);
#6826=VECTOR('',#11360,1.);
#6827=VECTOR('',#11363,1.);
#6828=VECTOR('',#11368,1.);
#6829=VECTOR('',#11369,1.);
#6830=VECTOR('',#11372,1.);
#6831=VECTOR('',#11377,1.);
#6832=VECTOR('',#11378,1.);
#6833=VECTOR('',#11379,1.);
#6834=VECTOR('',#11382,1.);
#6835=VECTOR('',#11385,1.);
#6836=VECTOR('',#11386,1.);
#6837=VECTOR('',#11391,1.);
#6838=VECTOR('',#11392,1.);
#6839=VECTOR('',#11395,1.);
#6840=VECTOR('',#11396,1.);
#6841=VECTOR('',#11397,1.);
#6842=VECTOR('',#11398,1.);
#6843=VECTOR('',#11399,1.);
#6844=VECTOR('',#11400,1.);
#6845=VECTOR('',#11401,1.);
#6846=VECTOR('',#11402,1.);
#6847=VECTOR('',#11407,1.);
#6848=VECTOR('',#11408,1.);
#6849=VECTOR('',#11411,1.);
#6850=VECTOR('',#11412,1.);
#6851=VECTOR('',#11417,1.);
#6852=VECTOR('',#11418,1.);
#6853=VECTOR('',#11425,1.);
#6854=VECTOR('',#11430,1.);
#6855=VECTOR('',#11431,1.);
#6856=VECTOR('',#11436,1.);
#6857=VECTOR('',#11441,1.);
#6858=VECTOR('',#11444,1.);
#6859=VECTOR('',#11447,1.);
#6860=VECTOR('',#11450,1.);
#6861=VECTOR('',#11451,1.);
#6862=VECTOR('',#11452,1.);
#6863=VECTOR('',#11453,1.);
#6864=VECTOR('',#11454,1.);
#6865=VECTOR('',#11455,1.);
#6866=VECTOR('',#11456,1.);
#6867=VECTOR('',#11457,1.);
#6868=VECTOR('',#11458,1.);
#6869=VECTOR('',#11459,1.);
#6870=VECTOR('',#11460,1.);
#6871=VECTOR('',#11461,1.);
#6872=VECTOR('',#11462,1.);
#6873=VECTOR('',#11463,1.);
#6874=VECTOR('',#11464,1.);
#6875=VECTOR('',#11465,1.);
#6876=VECTOR('',#11468,1.);
#6877=VECTOR('',#11469,1.);
#6878=VECTOR('',#11470,1.);
#6879=VECTOR('',#11481,1.);
#6880=VECTOR('',#11482,1.);
#6881=VECTOR('',#11483,1.);
#6882=VECTOR('',#11488,1.);
#6883=VECTOR('',#11489,1.);
#6884=VECTOR('',#11500,1.);
#6885=VECTOR('',#11505,1.);
#6886=VECTOR('',#11514,1.);
#6887=VECTOR('',#11515,1.);
#6888=VECTOR('',#11516,1.);
#6889=VECTOR('',#11529,1.);
#6890=VECTOR('',#11530,1.);
#6891=VECTOR('',#11533,1.);
#6892=VECTOR('',#11538,1.);
#6893=VECTOR('',#11549,1.);
#6894=VECTOR('',#11550,1.);
#6895=VECTOR('',#11553,1.);
#6896=VECTOR('',#11556,1.);
#6897=VECTOR('',#11559,1.);
#6898=VECTOR('',#11562,1.);
#6899=VECTOR('',#11563,1.);
#6900=VECTOR('',#11564,1.);
#6901=VECTOR('',#11565,1.);
#6902=VECTOR('',#11568,1.);
#6903=VECTOR('',#11571,1.);
#6904=VECTOR('',#11572,1.);
#6905=VECTOR('',#11573,1.);
#6906=VECTOR('',#11574,1.);
#6907=VECTOR('',#11575,1.);
#6908=VECTOR('',#11576,1.);
#6909=VECTOR('',#11579,1.);
#6910=VECTOR('',#11580,1.);
#6911=VECTOR('',#11591,1.);
#6912=VECTOR('',#11604,1.);
#6913=VECTOR('',#11605,1.);
#6914=VECTOR('',#11608,1.);
#6915=VECTOR('',#11611,1.);
#6916=VECTOR('',#11612,1.);
#6917=VECTOR('',#11623,1.);
#6918=VECTOR('',#11624,1.);
#6919=VECTOR('',#11625,1.);
#6920=VECTOR('',#11632,1.);
#6921=VECTOR('',#11633,1.);
#6922=VECTOR('',#11634,1.);
#6923=VECTOR('',#11657,1.);
#6924=VECTOR('',#11664,1.);
#6925=VECTOR('',#11681,1.);
#6926=VECTOR('',#11682,1.);
#6927=VECTOR('',#11685,1.);
#6928=VECTOR('',#11692,1.);
#6929=VECTOR('',#11693,1.);
#6930=VECTOR('',#11696,1.);
#6931=VECTOR('',#11697,1.);
#6932=VECTOR('',#11698,1.);
#6933=VECTOR('',#11701,1.);
#6934=VECTOR('',#11704,1.);
#6935=VECTOR('',#11707,1.);
#6936=VECTOR('',#11708,1.);
#6937=VECTOR('',#11711,1.);
#6938=VECTOR('',#11712,1.);
#6939=VECTOR('',#11719,1.);
#6940=VECTOR('',#11736,1.);
#6941=VECTOR('',#11737,1.);
#6942=VECTOR('',#11738,1.);
#6943=VECTOR('',#11741,1.);
#6944=VECTOR('',#11742,1.);
#6945=VECTOR('',#11743,1.);
#6946=VECTOR('',#11746,1.);
#6947=VECTOR('',#11747,1.);
#6948=VECTOR('',#11750,1.);
#6949=EDGE_LOOP('',(#595,#596,#597,#598,#599,#600,#601,#602));
#6950=EDGE_LOOP('',(#603,#604,#605,#606,#607));
#6951=EDGE_LOOP('',(#608,#609,#610,#611));
#6952=EDGE_LOOP('',(#612,#613,#614,#615));
#6953=EDGE_LOOP('',(#616,#617,#618,#619));
#6954=EDGE_LOOP('',(#620,#621,#622,#623));
#6955=EDGE_LOOP('',(#624,#625,#626,#627,#628,#629,#630,#631));
#6956=EDGE_LOOP('',(#632,#633,#634,#635));
#6957=EDGE_LOOP('',(#636,#637,#638,#639,#640,#641,#642,#643,#644,#645,#646,
#647,#648,#649,#650,#651,#652,#653,#654));
#6958=EDGE_LOOP('',(#655,#656,#657,#658,#659));
#6959=EDGE_LOOP('',(#660,#661,#662,#663));
#6960=EDGE_LOOP('',(#664,#665,#666,#667,#668,#669));
#6961=EDGE_LOOP('',(#670,#671,#672,#673));
#6962=EDGE_LOOP('',(#674,#675,#676));
#6963=EDGE_LOOP('',(#677));
#6964=EDGE_LOOP('',(#678));
#6965=EDGE_LOOP('',(#679));
#6966=EDGE_LOOP('',(#680));
#6967=EDGE_LOOP('',(#681));
#6968=EDGE_LOOP('',(#682));
#6969=EDGE_LOOP('',(#683,#684,#685,#686,#687,#688,#689));
#6970=EDGE_LOOP('',(#690,#691,#692,#693));
#6971=EDGE_LOOP('',(#694,#695,#696,#697,#698,#699,#700,#701,#702,#703));
#6972=EDGE_LOOP('',(#704,#705,#706,#707,#708,#709,#710));
#6973=EDGE_LOOP('',(#711,#712,#713,#714));
#6974=EDGE_LOOP('',(#715,#716,#717,#718,#719));
#6975=EDGE_LOOP('',(#720,#721,#722,#723));
#6976=EDGE_LOOP('',(#724,#725,#726,#727,#728,#729));
#6977=EDGE_LOOP('',(#730,#731,#732,#733));
#6978=EDGE_LOOP('',(#734,#735,#736,#737,#738));
#6979=EDGE_LOOP('',(#739,#740,#741,#742));
#6980=EDGE_LOOP('',(#743,#744,#745,#746,#747,#748));
#6981=EDGE_LOOP('',(#749,#750,#751,#752));
#6982=EDGE_LOOP('',(#753,#754,#755,#756));
#6983=EDGE_LOOP('',(#757,#758,#759,#760,#761));
#6984=EDGE_LOOP('',(#762,#763,#764,#765));
#6985=EDGE_LOOP('',(#766,#767,#768,#769));
#6986=EDGE_LOOP('',(#770,#771,#772,#773));
#6987=EDGE_LOOP('',(#774,#775,#776,#777,#778,#779,#780,#781));
#6988=EDGE_LOOP('',(#782,#783,#784,#785,#786));
#6989=EDGE_LOOP('',(#787,#788,#789,#790,#791,#792,#793,#794));
#6990=EDGE_LOOP('',(#795,#796,#797,#798,#799));
#6991=EDGE_LOOP('',(#800,#801,#802,#803,#804,#805,#806,#807));
#6992=EDGE_LOOP('',(#808,#809,#810,#811,#812));
#6993=EDGE_LOOP('',(#813,#814,#815,#816));
#6994=EDGE_LOOP('',(#817,#818,#819,#820,#821,#822,#823,#824,#825,#826,#827,
#828,#829,#830,#831,#832,#833,#834,#835));
#6995=EDGE_LOOP('',(#836,#837,#838,#839));
#6996=EDGE_LOOP('',(#840,#841,#842,#843,#844));
#6997=EDGE_LOOP('',(#845,#846,#847,#848));
#6998=EDGE_LOOP('',(#849,#850,#851));
#6999=EDGE_LOOP('',(#852,#853,#854,#855));
#7000=EDGE_LOOP('',(#856,#857,#858,#859));
#7001=EDGE_LOOP('',(#860,#861,#862,#863));
#7002=EDGE_LOOP('',(#864,#865,#866,#867,#868,#869));
#7003=EDGE_LOOP('',(#870,#871,#872,#873,#874));
#7004=EDGE_LOOP('',(#875));
#7005=EDGE_LOOP('',(#876,#877,#878,#879,#880,#881));
#7006=EDGE_LOOP('',(#882,#883,#884,#885));
#7007=EDGE_LOOP('',(#886,#887,#888,#889));
#7008=EDGE_LOOP('',(#890,#891,#892,#893));
#7009=EDGE_LOOP('',(#894,#895,#896,#897));
#7010=EDGE_LOOP('',(#898,#899,#900,#901,#902,#903));
#7011=EDGE_LOOP('',(#904,#905,#906,#907,#908));
#7012=EDGE_LOOP('',(#909,#910,#911,#912,#913,#914));
#7013=EDGE_LOOP('',(#915,#916,#917,#918));
#7014=EDGE_LOOP('',(#919,#920,#921,#922));
#7015=EDGE_LOOP('',(#923,#924,#925,#926));
#7016=EDGE_LOOP('',(#927,#928,#929,#930,#931,#932));
#7017=EDGE_LOOP('',(#933,#934,#935,#936));
#7018=EDGE_LOOP('',(#937,#938,#939,#940,#941));
#7019=EDGE_LOOP('',(#942,#943,#944,#945));
#7020=EDGE_LOOP('',(#946,#947,#948,#949));
#7021=EDGE_LOOP('',(#950,#951,#952,#953,#954,#955,#956,#957,#958,#959,#960,
#961));
#7022=EDGE_LOOP('',(#962,#963,#964,#965,#966,#967,#968,#969,#970));
#7023=EDGE_LOOP('',(#971));
#7024=EDGE_LOOP('',(#972));
#7025=EDGE_LOOP('',(#973,#974,#975,#976));
#7026=EDGE_LOOP('',(#977,#978,#979,#980));
#7027=EDGE_LOOP('',(#981,#982,#983,#984));
#7028=EDGE_LOOP('',(#985));
#7029=EDGE_LOOP('',(#986));
#7030=EDGE_LOOP('',(#987));
#7031=EDGE_LOOP('',(#988,#989,#990,#991,#992,#993,#994,#995));
#7032=EDGE_LOOP('',(#996,#997,#998));
#7033=EDGE_LOOP('',(#999,#1000,#1001));
#7034=EDGE_LOOP('',(#1002,#1003,#1004,#1005,#1006));
#7035=EDGE_LOOP('',(#1007,#1008,#1009));
#7036=EDGE_LOOP('',(#1010,#1011,#1012,#1013,#1014,#1015,#1016,#1017));
#7037=EDGE_LOOP('',(#1018,#1019,#1020,#1021));
#7038=EDGE_LOOP('',(#1022,#1023,#1024,#1025,#1026,#1027,#1028,#1029));
#7039=EDGE_LOOP('',(#1030,#1031,#1032));
#7040=EDGE_LOOP('',(#1033,#1034,#1035));
#7041=EDGE_LOOP('',(#1036,#1037,#1038));
#7042=EDGE_LOOP('',(#1039,#1040,#1041,#1042,#1043,#1044));
#7043=EDGE_LOOP('',(#1045,#1046,#1047,#1048));
#7044=EDGE_LOOP('',(#1049,#1050,#1051,#1052,#1053,#1054));
#7045=EDGE_LOOP('',(#1055,#1056,#1057,#1058,#1059,#1060,#1061,#1062));
#7046=EDGE_LOOP('',(#1063,#1064,#1065,#1066,#1067,#1068));
#7047=EDGE_LOOP('',(#1069,#1070,#1071,#1072,#1073,#1074,#1075));
#7048=EDGE_LOOP('',(#1076,#1077,#1078,#1079));
#7049=EDGE_LOOP('',(#1080,#1081,#1082,#1083));
#7050=EDGE_LOOP('',(#1084,#1085,#1086,#1087));
#7051=EDGE_LOOP('',(#1088,#1089,#1090,#1091,#1092,#1093));
#7052=EDGE_LOOP('',(#1094,#1095,#1096));
#7053=EDGE_LOOP('',(#1097,#1098,#1099,#1100));
#7054=EDGE_LOOP('',(#1101,#1102,#1103,#1104,#1105,#1106,#1107));
#7055=EDGE_LOOP('',(#1108,#1109,#1110,#1111,#1112,#1113,#1114,#1115,#1116,
#1117,#1118,#1119,#1120,#1121));
#7056=EDGE_LOOP('',(#1122,#1123,#1124,#1125));
#7057=EDGE_LOOP('',(#1126,#1127,#1128,#1129,#1130,#1131));
#7058=EDGE_LOOP('',(#1132,#1133,#1134,#1135));
#7059=EDGE_LOOP('',(#1136,#1137,#1138,#1139));
#7060=EDGE_LOOP('',(#1140,#1141,#1142,#1143));
#7061=EDGE_LOOP('',(#1144,#1145,#1146,#1147));
#7062=EDGE_LOOP('',(#1148,#1149,#1150,#1151));
#7063=EDGE_LOOP('',(#1152));
#7064=EDGE_LOOP('',(#1153));
#7065=EDGE_LOOP('',(#1154,#1155,#1156,#1157,#1158,#1159,#1160,#1161,#1162,
#1163,#1164,#1165,#1166));
#7066=EDGE_LOOP('',(#1167));
#7067=EDGE_LOOP('',(#1168));
#7068=EDGE_LOOP('',(#1169));
#7069=EDGE_LOOP('',(#1170));
#7070=EDGE_LOOP('',(#1171,#1172,#1173,#1174,#1175,#1176,#1177,#1178,#1179));
#7071=EDGE_LOOP('',(#1180,#1181,#1182,#1183));
#7072=EDGE_LOOP('',(#1184,#1185,#1186,#1187));
#7073=EDGE_LOOP('',(#1188));
#7074=EDGE_LOOP('',(#1189));
#7075=EDGE_LOOP('',(#1190));
#7076=EDGE_LOOP('',(#1191,#1192,#1193,#1194));
#7077=EDGE_LOOP('',(#1195,#1196,#1197,#1198,#1199,#1200,#1201,#1202,#1203,
#1204,#1205,#1206,#1207,#1208,#1209,#1210));
#7078=EDGE_LOOP('',(#1211,#1212,#1213,#1214,#1215,#1216,#1217));
#7079=EDGE_LOOP('',(#1218,#1219,#1220,#1221,#1222,#1223,#1224,#1225,#1226,
#1227,#1228,#1229,#1230,#1231,#1232,#1233,#1234,#1235,#1236,#1237));
#7080=EDGE_LOOP('',(#1238,#1239,#1240,#1241,#1242,#1243,#1244,#1245,#1246,
#1247,#1248,#1249,#1250,#1251,#1252,#1253,#1254,#1255,#1256,#1257,#1258));
#7081=EDGE_LOOP('',(#1259,#1260,#1261,#1262));
#7082=EDGE_LOOP('',(#1263,#1264,#1265,#1266));
#7083=EDGE_LOOP('',(#1267,#1268,#1269,#1270));
#7084=EDGE_LOOP('',(#1271,#1272,#1273,#1274));
#7085=EDGE_LOOP('',(#1275,#1276,#1277,#1278));
#7086=EDGE_LOOP('',(#1279,#1280,#1281,#1282));
#7087=EDGE_LOOP('',(#1283,#1284,#1285,#1286,#1287));
#7088=EDGE_LOOP('',(#1288,#1289,#1290,#1291,#1292));
#7089=EDGE_LOOP('',(#1293,#1294,#1295,#1296));
#7090=EDGE_LOOP('',(#1297,#1298,#1299,#1300));
#7091=EDGE_LOOP('',(#1301,#1302,#1303,#1304));
#7092=EDGE_LOOP('',(#1305,#1306,#1307,#1308));
#7093=EDGE_LOOP('',(#1309,#1310,#1311));
#7094=EDGE_LOOP('',(#1312,#1313,#1314,#1315));
#7095=EDGE_LOOP('',(#1316,#1317,#1318,#1319));
#7096=EDGE_LOOP('',(#1320,#1321,#1322,#1323));
#7097=EDGE_LOOP('',(#1324,#1325,#1326,#1327));
#7098=EDGE_LOOP('',(#1328,#1329,#1330));
#7099=EDGE_LOOP('',(#1331,#1332,#1333,#1334));
#7100=EDGE_LOOP('',(#1335,#1336,#1337,#1338));
#7101=EDGE_LOOP('',(#1339,#1340,#1341,#1342));
#7102=EDGE_LOOP('',(#1343,#1344,#1345,#1346));
#7103=EDGE_LOOP('',(#1347,#1348,#1349,#1350,#1351));
#7104=EDGE_LOOP('',(#1352,#1353,#1354,#1355));
#7105=EDGE_LOOP('',(#1356,#1357,#1358));
#7106=EDGE_LOOP('',(#1359,#1360,#1361,#1362,#1363));
#7107=EDGE_LOOP('',(#1364,#1365,#1366));
#7108=EDGE_LOOP('',(#1367,#1368,#1369,#1370));
#7109=EDGE_LOOP('',(#1371,#1372,#1373,#1374));
#7110=EDGE_LOOP('',(#1375,#1376,#1377,#1378));
#7111=EDGE_LOOP('',(#1379,#1380,#1381,#1382));
#7112=EDGE_LOOP('',(#1383,#1384,#1385,#1386));
#7113=EDGE_LOOP('',(#1387,#1388,#1389,#1390));
#7114=EDGE_LOOP('',(#1391,#1392,#1393,#1394));
#7115=EDGE_LOOP('',(#1395,#1396,#1397,#1398));
#7116=EDGE_LOOP('',(#1399,#1400,#1401,#1402));
#7117=EDGE_LOOP('',(#1403,#1404,#1405,#1406));
#7118=EDGE_LOOP('',(#1407,#1408,#1409,#1410));
#7119=EDGE_LOOP('',(#1411,#1412,#1413,#1414));
#7120=EDGE_LOOP('',(#1415,#1416,#1417,#1418));
#7121=EDGE_LOOP('',(#1419,#1420,#1421,#1422));
#7122=EDGE_LOOP('',(#1423,#1424,#1425,#1426));
#7123=EDGE_LOOP('',(#1427,#1428,#1429,#1430,#1431));
#7124=EDGE_LOOP('',(#1432,#1433,#1434,#1435,#1436));
#7125=EDGE_LOOP('',(#1437,#1438,#1439,#1440,#1441,#1442));
#7126=EDGE_LOOP('',(#1443,#1444,#1445,#1446,#1447,#1448,#1449,#1450,#1451,
#1452));
#7127=EDGE_LOOP('',(#1453));
#7128=EDGE_LOOP('',(#1454));
#7129=EDGE_LOOP('',(#1455,#1456,#1457,#1458,#1459,#1460,#1461,#1462));
#7130=EDGE_LOOP('',(#1463));
#7131=EDGE_LOOP('',(#1464));
#7132=EDGE_LOOP('',(#1465));
#7133=EDGE_LOOP('',(#1466,#1467,#1468,#1469,#1470,#1471,#1472,#1473));
#7134=EDGE_LOOP('',(#1474));
#7135=EDGE_LOOP('',(#1475));
#7136=EDGE_LOOP('',(#1476));
#7137=EDGE_LOOP('',(#1477));
#7138=EDGE_LOOP('',(#1478));
#7139=EDGE_LOOP('',(#1479,#1480,#1481,#1482,#1483,#1484));
#7140=EDGE_LOOP('',(#1485,#1486,#1487,#1488,#1489));
#7141=EDGE_LOOP('',(#1490,#1491,#1492,#1493,#1494));
#7142=EDGE_LOOP('',(#1495,#1496,#1497,#1498,#1499,#1500));
#7143=EDGE_LOOP('',(#1501,#1502,#1503,#1504,#1505));
#7144=EDGE_LOOP('',(#1506,#1507,#1508,#1509,#1510));
#7145=EDGE_LOOP('',(#1511,#1512,#1513,#1514));
#7146=EDGE_LOOP('',(#1515,#1516,#1517,#1518,#1519,#1520,#1521,#1522,#1523,
#1524));
#7147=EDGE_LOOP('',(#1525,#1526,#1527,#1528,#1529,#1530,#1531,#1532,#1533));
#7148=EDGE_LOOP('',(#1534,#1535,#1536,#1537,#1538,#1539,#1540,#1541,#1542,
#1543));
#7149=EDGE_LOOP('',(#1544,#1545,#1546,#1547,#1548,#1549,#1550,#1551,#1552));
#7150=EDGE_LOOP('',(#1553,#1554,#1555,#1556,#1557,#1558,#1559,#1560));
#7151=EDGE_LOOP('',(#1561,#1562,#1563,#1564,#1565,#1566));
#7152=EDGE_LOOP('',(#1567,#1568,#1569,#1570));
#7153=EDGE_LOOP('',(#1571,#1572,#1573,#1574,#1575));
#7154=EDGE_LOOP('',(#1576,#1577,#1578,#1579,#1580));
#7155=EDGE_LOOP('',(#1581,#1582,#1583,#1584,#1585,#1586));
#7156=EDGE_LOOP('',(#1587,#1588,#1589,#1590,#1591,#1592));
#7157=EDGE_LOOP('',(#1593,#1594,#1595,#1596));
#7158=EDGE_LOOP('',(#1597,#1598,#1599,#1600));
#7159=EDGE_LOOP('',(#1601,#1602,#1603,#1604));
#7160=EDGE_LOOP('',(#1605,#1606,#1607,#1608));
#7161=EDGE_LOOP('',(#1609,#1610,#1611,#1612));
#7162=EDGE_LOOP('',(#1613,#1614,#1615,#1616,#1617,#1618));
#7163=EDGE_LOOP('',(#1619,#1620,#1621,#1622));
#7164=EDGE_LOOP('',(#1623,#1624,#1625,#1626));
#7165=EDGE_LOOP('',(#1627,#1628,#1629,#1630));
#7166=EDGE_LOOP('',(#1631,#1632,#1633,#1634));
#7167=EDGE_LOOP('',(#1635,#1636,#1637,#1638));
#7168=EDGE_LOOP('',(#1639,#1640,#1641));
#7169=EDGE_LOOP('',(#1642,#1643,#1644));
#7170=EDGE_LOOP('',(#1645,#1646,#1647));
#7171=EDGE_LOOP('',(#1648,#1649,#1650));
#7172=EDGE_LOOP('',(#1651,#1652,#1653,#1654,#1655));
#7173=EDGE_LOOP('',(#1656,#1657,#1658,#1659,#1660));
#7174=EDGE_LOOP('',(#1661,#1662));
#7175=EDGE_LOOP('',(#1663,#1664,#1665,#1666,#1667,#1668,#1669,#1670,#1671));
#7176=EDGE_LOOP('',(#1672,#1673,#1674,#1675,#1676,#1677,#1678,#1679,#1680));
#7177=EDGE_LOOP('',(#1681,#1682,#1683,#1684));
#7178=EDGE_LOOP('',(#1685,#1686,#1687,#1688));
#7179=EDGE_LOOP('',(#1689,#1690));
#7180=EDGE_LOOP('',(#1691,#1692,#1693));
#7181=EDGE_LOOP('',(#1694,#1695,#1696));
#7182=EDGE_LOOP('',(#1697,#1698,#1699));
#7183=EDGE_LOOP('',(#1700,#1701,#1702));
#7184=EDGE_LOOP('',(#1703,#1704,#1705,#1706,#1707));
#7185=EDGE_LOOP('',(#1708,#1709,#1710,#1711,#1712));
#7186=EDGE_LOOP('',(#1713,#1714));
#7187=EDGE_LOOP('',(#1715,#1716,#1717,#1718));
#7188=EDGE_LOOP('',(#1719,#1720,#1721,#1722,#1723,#1724,#1725,#1726,#1727));
#7189=EDGE_LOOP('',(#1728,#1729,#1730,#1731,#1732,#1733,#1734,#1735,#1736));
#7190=EDGE_LOOP('',(#1737,#1738,#1739,#1740));
#7191=EDGE_LOOP('',(#1741,#1742));
#7192=EDGE_LOOP('',(#1743,#1744,#1745,#1746));
#7193=EDGE_LOOP('',(#1747));
#7194=EDGE_LOOP('',(#1748,#1749,#1750,#1751));
#7195=EDGE_LOOP('',(#1752,#1753,#1754,#1755));
#7196=EDGE_LOOP('',(#1756,#1757,#1758,#1759,#1760,#1761));
#7197=EDGE_LOOP('',(#1762,#1763,#1764,#1765));
#7198=EDGE_LOOP('',(#1766,#1767,#1768,#1769));
#7199=EDGE_LOOP('',(#1770,#1771,#1772,#1773));
#7200=EDGE_LOOP('',(#1774,#1775,#1776,#1777));
#7201=EDGE_LOOP('',(#1778,#1779,#1780,#1781));
#7202=EDGE_LOOP('',(#1782,#1783,#1784,#1785,#1786,#1787));
#7203=EDGE_LOOP('',(#1788,#1789,#1790,#1791));
#7204=EDGE_LOOP('',(#1792,#1793,#1794,#1795));
#7205=EDGE_LOOP('',(#1796,#1797,#1798,#1799));
#7206=EDGE_LOOP('',(#1800,#1801,#1802,#1803));
#7207=EDGE_LOOP('',(#1804,#1805,#1806,#1807));
#7208=EDGE_LOOP('',(#1808,#1809,#1810,#1811,#1812,#1813));
#7209=EDGE_LOOP('',(#1814,#1815,#1816,#1817,#1818,#1819));
#7210=EDGE_LOOP('',(#1820,#1821,#1822,#1823));
#7211=EDGE_LOOP('',(#1824,#1825,#1826,#1827));
#7212=EDGE_LOOP('',(#1828,#1829,#1830,#1831));
#7213=EDGE_LOOP('',(#1832,#1833,#1834,#1835));
#7214=EDGE_LOOP('',(#1836,#1837,#1838,#1839));
#7215=EDGE_LOOP('',(#1840,#1841,#1842,#1843,#1844,#1845,#1846,#1847,#1848));
#7216=EDGE_LOOP('',(#1849,#1850,#1851,#1852,#1853,#1854,#1855,#1856,#1857,
#1858));
#7217=EDGE_LOOP('',(#1859,#1860,#1861,#1862,#1863,#1864));
#7218=EDGE_LOOP('',(#1865,#1866,#1867,#1868,#1869,#1870,#1871,#1872,#1873,
#1874));
#7219=EDGE_LOOP('',(#1875,#1876,#1877,#1878,#1879,#1880,#1881,#1882,#1883,
#1884));
#7220=EDGE_LOOP('',(#1885,#1886,#1887,#1888,#1889,#1890));
#7221=EDGE_LOOP('',(#1891));
#7222=EDGE_LOOP('',(#1892));
#7223=EDGE_LOOP('',(#1893));
#7224=EDGE_LOOP('',(#1894));
#7225=EDGE_LOOP('',(#1895));
#7226=EDGE_LOOP('',(#1896));
#7227=EDGE_LOOP('',(#1897,#1898,#1899,#1900,#1901,#1902,#1903,#1904,#1905,
#1906,#1907,#1908,#1909,#1910,#1911,#1912,#1913,#1914,#1915,#1916));
#7228=EDGE_LOOP('',(#1917,#1918,#1919,#1920));
#7229=EDGE_LOOP('',(#1921,#1922,#1923,#1924));
#7230=EDGE_LOOP('',(#1925,#1926,#1927,#1928,#1929,#1930));
#7231=EDGE_LOOP('',(#1931,#1932,#1933,#1934,#1935,#1936));
#7232=EDGE_LOOP('',(#1937,#1938,#1939,#1940));
#7233=EDGE_LOOP('',(#1941,#1942,#1943,#1944,#1945));
#7234=EDGE_LOOP('',(#1946,#1947,#1948,#1949));
#7235=EDGE_LOOP('',(#1950,#1951,#1952,#1953));
#7236=EDGE_LOOP('',(#1954,#1955,#1956,#1957,#1958));
#7237=EDGE_LOOP('',(#1959,#1960,#1961,#1962,#1963));
#7238=EDGE_LOOP('',(#1964,#1965,#1966,#1967,#1968));
#7239=EDGE_LOOP('',(#1969,#1970,#1971,#1972));
#7240=EDGE_LOOP('',(#1973,#1974,#1975,#1976));
#7241=EDGE_LOOP('',(#1977,#1978,#1979,#1980));
#7242=EDGE_LOOP('',(#1981,#1982,#1983,#1984,#1985));
#7243=EDGE_LOOP('',(#1986,#1987,#1988,#1989,#1990));
#7244=EDGE_LOOP('',(#1991,#1992,#1993,#1994));
#7245=EDGE_LOOP('',(#1995,#1996,#1997,#1998));
#7246=EDGE_LOOP('',(#1999,#2000,#2001,#2002));
#7247=EDGE_LOOP('',(#2003,#2004,#2005,#2006));
#7248=EDGE_LOOP('',(#2007,#2008,#2009,#2010));
#7249=EDGE_LOOP('',(#2011,#2012,#2013,#2014));
#7250=EDGE_LOOP('',(#2015,#2016,#2017,#2018));
#7251=EDGE_LOOP('',(#2019,#2020,#2021,#2022));
#7252=EDGE_LOOP('',(#2023,#2024,#2025,#2026));
#7253=EDGE_LOOP('',(#2027,#2028,#2029,#2030));
#7254=EDGE_LOOP('',(#2031,#2032,#2033,#2034));
#7255=EDGE_LOOP('',(#2035,#2036,#2037,#2038));
#7256=EDGE_LOOP('',(#2039,#2040,#2041,#2042));
#7257=EDGE_LOOP('',(#2043,#2044,#2045,#2046));
#7258=EDGE_LOOP('',(#2047,#2048,#2049,#2050));
#7259=EDGE_LOOP('',(#2051,#2052,#2053,#2054));
#7260=EDGE_LOOP('',(#2055,#2056,#2057,#2058));
#7261=EDGE_LOOP('',(#2059,#2060,#2061,#2062));
#7262=EDGE_LOOP('',(#2063));
#7263=EDGE_LOOP('',(#2064));
#7264=EDGE_LOOP('',(#2065));
#7265=EDGE_LOOP('',(#2066,#2067,#2068,#2069,#2070,#2071,#2072,#2073,#2074,
#2075,#2076,#2077));
#7266=EDGE_LOOP('',(#2078,#2079,#2080,#2081));
#7267=EDGE_LOOP('',(#2082));
#7268=EDGE_LOOP('',(#2083));
#7269=EDGE_LOOP('',(#2084));
#7270=EDGE_LOOP('',(#2085));
#7271=EDGE_LOOP('',(#2086));
#7272=EDGE_LOOP('',(#2087));
#7273=EDGE_LOOP('',(#2088));
#7274=EDGE_LOOP('',(#2089));
#7275=EDGE_LOOP('',(#2090));
#7276=EDGE_LOOP('',(#2091));
#7277=EDGE_LOOP('',(#2092,#2093,#2094,#2095,#2096,#2097,#2098,#2099,#2100,
#2101,#2102));
#7278=EDGE_LOOP('',(#2103,#2104,#2105));
#7279=EDGE_LOOP('',(#2106,#2107,#2108,#2109,#2110,#2111,#2112,#2113,#2114,
#2115));
#7280=EDGE_LOOP('',(#2116));
#7281=EDGE_LOOP('',(#2117));
#7282=EDGE_LOOP('',(#2118));
#7283=EDGE_LOOP('',(#2119,#2120,#2121,#2122,#2123,#2124,#2125,#2126,#2127,
#2128,#2129,#2130,#2131,#2132,#2133,#2134,#2135,#2136,#2137,#2138,#2139,
#2140,#2141,#2142,#2143,#2144,#2145,#2146,#2147,#2148,#2149,#2150));
#7284=EDGE_LOOP('',(#2151,#2152,#2153,#2154));
#7285=EDGE_LOOP('',(#2155,#2156));
#7286=EDGE_LOOP('',(#2157,#2158,#2159));
#7287=EDGE_LOOP('',(#2160,#2161,#2162,#2163,#2164));
#7288=EDGE_LOOP('',(#2165,#2166,#2167,#2168,#2169));
#7289=EDGE_LOOP('',(#2170,#2171,#2172,#2173,#2174,#2175,#2176,#2177));
#7290=EDGE_LOOP('',(#2178,#2179,#2180,#2181));
#7291=EDGE_LOOP('',(#2182,#2183,#2184,#2185,#2186,#2187));
#7292=EDGE_LOOP('',(#2188,#2189,#2190,#2191,#2192,#2193));
#7293=EDGE_LOOP('',(#2194,#2195,#2196,#2197,#2198,#2199,#2200,#2201));
#7294=EDGE_LOOP('',(#2202,#2203,#2204,#2205));
#7295=EDGE_LOOP('',(#2206,#2207,#2208,#2209,#2210,#2211,#2212,#2213,#2214,
#2215,#2216,#2217,#2218,#2219,#2220,#2221,#2222,#2223,#2224,#2225,#2226,
#2227,#2228));
#7296=EDGE_LOOP('',(#2229,#2230,#2231,#2232));
#7297=EDGE_LOOP('',(#2233,#2234,#2235,#2236));
#7298=EDGE_LOOP('',(#2237,#2238,#2239,#2240));
#7299=EDGE_LOOP('',(#2241,#2242,#2243,#2244));
#7300=EDGE_LOOP('',(#2245,#2246,#2247,#2248,#2249,#2250));
#7301=EDGE_LOOP('',(#2251,#2252,#2253,#2254));
#7302=EDGE_LOOP('',(#2255,#2256,#2257,#2258));
#7303=EDGE_LOOP('',(#2259,#2260,#2261,#2262,#2263,#2264,#2265,#2266));
#7304=EDGE_LOOP('',(#2267,#2268,#2269,#2270));
#7305=EDGE_LOOP('',(#2271,#2272,#2273,#2274));
#7306=EDGE_LOOP('',(#2275,#2276,#2277,#2278,#2279));
#7307=EDGE_LOOP('',(#2280,#2281,#2282));
#7308=EDGE_LOOP('',(#2283,#2284,#2285,#2286,#2287,#2288,#2289,#2290,#2291,
#2292));
#7309=EDGE_LOOP('',(#2293,#2294,#2295,#2296));
#7310=EDGE_LOOP('',(#2297,#2298,#2299,#2300));
#7311=EDGE_LOOP('',(#2301,#2302,#2303,#2304,#2305,#2306,#2307,#2308,#2309,
#2310));
#7312=EDGE_LOOP('',(#2311,#2312,#2313,#2314));
#7313=EDGE_LOOP('',(#2315,#2316,#2317,#2318));
#7314=EDGE_LOOP('',(#2319,#2320,#2321,#2322));
#7315=EDGE_LOOP('',(#2323,#2324,#2325,#2326));
#7316=EDGE_LOOP('',(#2327,#2328,#2329,#2330));
#7317=EDGE_LOOP('',(#2331,#2332,#2333,#2334));
#7318=EDGE_LOOP('',(#2335,#2336,#2337,#2338));
#7319=EDGE_LOOP('',(#2339,#2340,#2341,#2342));
#7320=EDGE_LOOP('',(#2343,#2344,#2345,#2346));
#7321=EDGE_LOOP('',(#2347,#2348,#2349,#2350));
#7322=EDGE_LOOP('',(#2351,#2352,#2353,#2354,#2355,#2356,#2357,#2358,#2359));
#7323=EDGE_LOOP('',(#2360,#2361,#2362,#2363));
#7324=EDGE_LOOP('',(#2364,#2365,#2366,#2367));
#7325=EDGE_LOOP('',(#2368,#2369,#2370,#2371));
#7326=EDGE_LOOP('',(#2372,#2373,#2374,#2375));
#7327=EDGE_LOOP('',(#2376,#2377,#2378,#2379));
#7328=EDGE_LOOP('',(#2380,#2381,#2382,#2383));
#7329=EDGE_LOOP('',(#2384,#2385,#2386,#2387));
#7330=EDGE_LOOP('',(#2388,#2389,#2390,#2391));
#7331=EDGE_LOOP('',(#2392,#2393,#2394,#2395));
#7332=EDGE_LOOP('',(#2396,#2397,#2398,#2399,#2400,#2401,#2402,#2403,#2404,
#2405));
#7333=EDGE_LOOP('',(#2406,#2407,#2408,#2409));
#7334=EDGE_LOOP('',(#2410,#2411,#2412,#2413));
#7335=EDGE_LOOP('',(#2414,#2415,#2416,#2417));
#7336=EDGE_LOOP('',(#2418,#2419,#2420,#2421));
#7337=EDGE_LOOP('',(#2422,#2423,#2424,#2425));
#7338=EDGE_LOOP('',(#2426,#2427,#2428,#2429));
#7339=EDGE_LOOP('',(#2430,#2431,#2432,#2433));
#7340=EDGE_LOOP('',(#2434,#2435,#2436,#2437));
#7341=EDGE_LOOP('',(#2438,#2439,#2440,#2441));
#7342=EDGE_LOOP('',(#2442,#2443,#2444,#2445));
#7343=EDGE_LOOP('',(#2446,#2447,#2448,#2449,#2450,#2451,#2452,#2453,#2454));
#7344=EDGE_LOOP('',(#2455,#2456,#2457,#2458));
#7345=EDGE_LOOP('',(#2459,#2460,#2461,#2462));
#7346=EDGE_LOOP('',(#2463,#2464,#2465,#2466));
#7347=EDGE_LOOP('',(#2467,#2468,#2469,#2470));
#7348=EDGE_LOOP('',(#2471,#2472,#2473,#2474));
#7349=EDGE_LOOP('',(#2475,#2476,#2477,#2478));
#7350=EDGE_LOOP('',(#2479,#2480,#2481,#2482));
#7351=EDGE_LOOP('',(#2483,#2484,#2485,#2486));
#7352=EDGE_LOOP('',(#2487,#2488,#2489,#2490));
#7353=EDGE_LOOP('',(#2491,#2492,#2493,#2494,#2495,#2496,#2497,#2498));
#7354=EDGE_LOOP('',(#2499,#2500,#2501,#2502));
#7355=EDGE_LOOP('',(#2503,#2504,#2505,#2506));
#7356=EDGE_LOOP('',(#2507,#2508,#2509,#2510));
#7357=EDGE_LOOP('',(#2511,#2512,#2513,#2514));
#7358=EDGE_LOOP('',(#2515,#2516,#2517,#2518));
#7359=EDGE_LOOP('',(#2519,#2520,#2521,#2522));
#7360=EDGE_LOOP('',(#2523,#2524,#2525,#2526));
#7361=EDGE_LOOP('',(#2527,#2528,#2529,#2530));
#7362=EDGE_LOOP('',(#2531,#2532,#2533,#2534));
#7363=EDGE_LOOP('',(#2535,#2536,#2537,#2538,#2539,#2540));
#7364=EDGE_LOOP('',(#2541,#2542,#2543,#2544,#2545));
#7365=EDGE_LOOP('',(#2546,#2547,#2548,#2549));
#7366=EDGE_LOOP('',(#2550,#2551,#2552,#2553));
#7367=EDGE_LOOP('',(#2554,#2555,#2556,#2557));
#7368=EDGE_LOOP('',(#2558,#2559,#2560,#2561));
#7369=EDGE_LOOP('',(#2562,#2563,#2564,#2565,#2566,#2567,#2568,#2569));
#7370=EDGE_LOOP('',(#2570,#2571,#2572,#2573));
#7371=EDGE_LOOP('',(#2574,#2575,#2576,#2577,#2578,#2579,#2580,#2581,#2582,
#2583,#2584,#2585,#2586,#2587,#2588,#2589,#2590,#2591,#2592));
#7372=EDGE_LOOP('',(#2593,#2594,#2595,#2596,#2597));
#7373=EDGE_LOOP('',(#2598,#2599,#2600,#2601));
#7374=EDGE_LOOP('',(#2602,#2603,#2604,#2605,#2606,#2607));
#7375=EDGE_LOOP('',(#2608,#2609,#2610,#2611));
#7376=EDGE_LOOP('',(#2612,#2613,#2614));
#7377=EDGE_LOOP('',(#2615));
#7378=EDGE_LOOP('',(#2616));
#7379=EDGE_LOOP('',(#2617));
#7380=EDGE_LOOP('',(#2618));
#7381=EDGE_LOOP('',(#2619));
#7382=EDGE_LOOP('',(#2620));
#7383=EDGE_LOOP('',(#2621,#2622,#2623,#2624,#2625,#2626,#2627));
#7384=EDGE_LOOP('',(#2628,#2629,#2630,#2631));
#7385=EDGE_LOOP('',(#2632,#2633,#2634,#2635,#2636,#2637,#2638,#2639,#2640,
#2641));
#7386=EDGE_LOOP('',(#2642,#2643,#2644,#2645,#2646,#2647,#2648));
#7387=EDGE_LOOP('',(#2649,#2650,#2651,#2652));
#7388=EDGE_LOOP('',(#2653,#2654,#2655,#2656,#2657));
#7389=EDGE_LOOP('',(#2658,#2659,#2660,#2661));
#7390=EDGE_LOOP('',(#2662,#2663,#2664,#2665,#2666,#2667));
#7391=EDGE_LOOP('',(#2668,#2669,#2670,#2671));
#7392=EDGE_LOOP('',(#2672,#2673,#2674,#2675,#2676));
#7393=EDGE_LOOP('',(#2677,#2678,#2679,#2680));
#7394=EDGE_LOOP('',(#2681,#2682,#2683,#2684,#2685,#2686));
#7395=EDGE_LOOP('',(#2687,#2688,#2689,#2690));
#7396=EDGE_LOOP('',(#2691,#2692,#2693,#2694));
#7397=EDGE_LOOP('',(#2695,#2696,#2697,#2698,#2699));
#7398=EDGE_LOOP('',(#2700,#2701,#2702,#2703));
#7399=EDGE_LOOP('',(#2704,#2705,#2706,#2707));
#7400=EDGE_LOOP('',(#2708,#2709,#2710,#2711));
#7401=EDGE_LOOP('',(#2712,#2713,#2714,#2715,#2716,#2717,#2718,#2719));
#7402=EDGE_LOOP('',(#2720,#2721,#2722,#2723,#2724));
#7403=EDGE_LOOP('',(#2725,#2726,#2727,#2728,#2729,#2730,#2731,#2732));
#7404=EDGE_LOOP('',(#2733,#2734,#2735,#2736,#2737));
#7405=EDGE_LOOP('',(#2738,#2739,#2740,#2741,#2742,#2743,#2744,#2745));
#7406=EDGE_LOOP('',(#2746,#2747,#2748,#2749,#2750));
#7407=EDGE_LOOP('',(#2751,#2752,#2753,#2754));
#7408=EDGE_LOOP('',(#2755,#2756,#2757,#2758,#2759,#2760,#2761,#2762,#2763,
#2764,#2765,#2766,#2767,#2768,#2769,#2770,#2771,#2772,#2773));
#7409=EDGE_LOOP('',(#2774,#2775,#2776,#2777));
#7410=EDGE_LOOP('',(#2778,#2779,#2780,#2781,#2782));
#7411=EDGE_LOOP('',(#2783,#2784,#2785,#2786));
#7412=EDGE_LOOP('',(#2787,#2788,#2789));
#7413=EDGE_LOOP('',(#2790,#2791,#2792,#2793));
#7414=EDGE_LOOP('',(#2794,#2795,#2796,#2797));
#7415=EDGE_LOOP('',(#2798,#2799,#2800,#2801));
#7416=EDGE_LOOP('',(#2802,#2803,#2804,#2805,#2806,#2807));
#7417=EDGE_LOOP('',(#2808,#2809,#2810,#2811));
#7418=EDGE_LOOP('',(#2812));
#7419=EDGE_LOOP('',(#2813,#2814,#2815,#2816,#2817,#2818));
#7420=EDGE_LOOP('',(#2819,#2820,#2821,#2822));
#7421=EDGE_LOOP('',(#2823,#2824,#2825,#2826));
#7422=EDGE_LOOP('',(#2827,#2828,#2829,#2830));
#7423=EDGE_LOOP('',(#2831,#2832,#2833,#2834));
#7424=EDGE_LOOP('',(#2835,#2836,#2837,#2838,#2839,#2840));
#7425=EDGE_LOOP('',(#2841,#2842,#2843,#2844,#2845));
#7426=EDGE_LOOP('',(#2846,#2847,#2848,#2849,#2850,#2851));
#7427=EDGE_LOOP('',(#2852,#2853,#2854,#2855));
#7428=EDGE_LOOP('',(#2856,#2857,#2858,#2859));
#7429=EDGE_LOOP('',(#2860,#2861,#2862,#2863));
#7430=EDGE_LOOP('',(#2864,#2865,#2866,#2867,#2868,#2869));
#7431=EDGE_LOOP('',(#2870,#2871,#2872,#2873));
#7432=EDGE_LOOP('',(#2874,#2875,#2876,#2877,#2878));
#7433=EDGE_LOOP('',(#2879,#2880,#2881,#2882));
#7434=EDGE_LOOP('',(#2883,#2884,#2885,#2886));
#7435=EDGE_LOOP('',(#2887,#2888,#2889,#2890,#2891,#2892,#2893,#2894,#2895,
#2896,#2897,#2898));
#7436=EDGE_LOOP('',(#2899,#2900,#2901,#2902,#2903,#2904,#2905,#2906,#2907));
#7437=EDGE_LOOP('',(#2908));
#7438=EDGE_LOOP('',(#2909));
#7439=EDGE_LOOP('',(#2910,#2911,#2912,#2913));
#7440=EDGE_LOOP('',(#2914,#2915,#2916,#2917));
#7441=EDGE_LOOP('',(#2918,#2919,#2920,#2921));
#7442=EDGE_LOOP('',(#2922));
#7443=EDGE_LOOP('',(#2923));
#7444=EDGE_LOOP('',(#2924));
#7445=EDGE_LOOP('',(#2925,#2926,#2927,#2928,#2929,#2930,#2931,#2932));
#7446=EDGE_LOOP('',(#2933,#2934,#2935,#2936,#2937,#2938,#2939,#2940,#2941,
#2942,#2943,#2944,#2945));
#7447=EDGE_LOOP('',(#2946,#2947,#2948));
#7448=EDGE_LOOP('',(#2949,#2950,#2951,#2952));
#7449=EDGE_LOOP('',(#2953,#2954,#2955));
#7450=EDGE_LOOP('',(#2956,#2957,#2958,#2959,#2960,#2961,#2962,#2963));
#7451=EDGE_LOOP('',(#2964,#2965,#2966,#2967));
#7452=EDGE_LOOP('',(#2968,#2969,#2970,#2971,#2972,#2973,#2974,#2975));
#7453=EDGE_LOOP('',(#2976,#2977,#2978));
#7454=EDGE_LOOP('',(#2979,#2980,#2981));
#7455=EDGE_LOOP('',(#2982,#2983,#2984));
#7456=EDGE_LOOP('',(#2985,#2986,#2987,#2988,#2989,#2990));
#7457=EDGE_LOOP('',(#2991,#2992,#2993,#2994));
#7458=EDGE_LOOP('',(#2995,#2996,#2997,#2998,#2999,#3000));
#7459=EDGE_LOOP('',(#3001,#3002,#3003,#3004,#3005,#3006,#3007,#3008));
#7460=EDGE_LOOP('',(#3009,#3010,#3011,#3012,#3013,#3014));
#7461=EDGE_LOOP('',(#3015,#3016,#3017,#3018,#3019,#3020,#3021));
#7462=EDGE_LOOP('',(#3022,#3023,#3024,#3025));
#7463=EDGE_LOOP('',(#3026,#3027,#3028,#3029));
#7464=EDGE_LOOP('',(#3030,#3031,#3032,#3033));
#7465=EDGE_LOOP('',(#3034,#3035,#3036,#3037,#3038,#3039));
#7466=EDGE_LOOP('',(#3040,#3041,#3042));
#7467=EDGE_LOOP('',(#3043,#3044,#3045,#3046));
#7468=EDGE_LOOP('',(#3047,#3048,#3049,#3050,#3051,#3052,#3053));
#7469=EDGE_LOOP('',(#3054,#3055,#3056,#3057,#3058,#3059,#3060,#3061,#3062,
#3063,#3064,#3065,#3066,#3067,#3068,#3069,#3070,#3071));
#7470=EDGE_LOOP('',(#3072,#3073,#3074,#3075));
#7471=EDGE_LOOP('',(#3076,#3077,#3078,#3079,#3080,#3081));
#7472=EDGE_LOOP('',(#3082,#3083,#3084,#3085));
#7473=EDGE_LOOP('',(#3086,#3087,#3088,#3089));
#7474=EDGE_LOOP('',(#3090,#3091,#3092,#3093));
#7475=EDGE_LOOP('',(#3094,#3095,#3096,#3097));
#7476=EDGE_LOOP('',(#3098,#3099,#3100,#3101));
#7477=EDGE_LOOP('',(#3102));
#7478=EDGE_LOOP('',(#3103));
#7479=EDGE_LOOP('',(#3104,#3105,#3106,#3107,#3108,#3109,#3110,#3111,#3112,
#3113,#3114,#3115,#3116));
#7480=EDGE_LOOP('',(#3117));
#7481=EDGE_LOOP('',(#3118));
#7482=EDGE_LOOP('',(#3119));
#7483=EDGE_LOOP('',(#3120));
#7484=EDGE_LOOP('',(#3121,#3122,#3123));
#7485=EDGE_LOOP('',(#3124,#3125,#3126,#3127));
#7486=EDGE_LOOP('',(#3128,#3129,#3130,#3131));
#7487=EDGE_LOOP('',(#3132,#3133,#3134,#3135));
#7488=EDGE_LOOP('',(#3136,#3137,#3138));
#7489=FACE_BOUND('',#6949,.T.);
#7490=FACE_BOUND('',#6950,.T.);
#7491=FACE_BOUND('',#6951,.T.);
#7492=FACE_BOUND('',#6952,.T.);
#7493=FACE_BOUND('',#6953,.T.);
#7494=FACE_BOUND('',#6954,.T.);
#7495=FACE_BOUND('',#6955,.T.);
#7496=FACE_BOUND('',#6956,.T.);
#7497=FACE_BOUND('',#6957,.T.);
#7498=FACE_BOUND('',#6958,.T.);
#7499=FACE_BOUND('',#6959,.T.);
#7500=FACE_BOUND('',#6960,.T.);
#7501=FACE_BOUND('',#6961,.T.);
#7502=FACE_BOUND('',#6962,.T.);
#7503=FACE_BOUND('',#6963,.T.);
#7504=FACE_BOUND('',#6964,.T.);
#7505=FACE_BOUND('',#6965,.T.);
#7506=FACE_BOUND('',#6966,.T.);
#7507=FACE_BOUND('',#6967,.T.);
#7508=FACE_BOUND('',#6968,.T.);
#7509=FACE_BOUND('',#6969,.T.);
#7510=FACE_BOUND('',#6970,.T.);
#7511=FACE_BOUND('',#6971,.T.);
#7512=FACE_BOUND('',#6972,.T.);
#7513=FACE_BOUND('',#6973,.T.);
#7514=FACE_BOUND('',#6974,.T.);
#7515=FACE_BOUND('',#6975,.T.);
#7516=FACE_BOUND('',#6976,.T.);
#7517=FACE_BOUND('',#6977,.T.);
#7518=FACE_BOUND('',#6978,.T.);
#7519=FACE_BOUND('',#6979,.T.);
#7520=FACE_BOUND('',#6980,.T.);
#7521=FACE_BOUND('',#6981,.T.);
#7522=FACE_BOUND('',#6982,.T.);
#7523=FACE_BOUND('',#6983,.T.);
#7524=FACE_BOUND('',#6984,.T.);
#7525=FACE_BOUND('',#6985,.T.);
#7526=FACE_BOUND('',#6986,.T.);
#7527=FACE_BOUND('',#6987,.T.);
#7528=FACE_BOUND('',#6988,.T.);
#7529=FACE_BOUND('',#6989,.T.);
#7530=FACE_BOUND('',#6990,.T.);
#7531=FACE_BOUND('',#6991,.T.);
#7532=FACE_BOUND('',#6992,.T.);
#7533=FACE_BOUND('',#6993,.T.);
#7534=FACE_BOUND('',#6994,.T.);
#7535=FACE_BOUND('',#6995,.T.);
#7536=FACE_BOUND('',#6996,.T.);
#7537=FACE_BOUND('',#6997,.T.);
#7538=FACE_BOUND('',#6998,.T.);
#7539=FACE_BOUND('',#6999,.T.);
#7540=FACE_BOUND('',#7000,.T.);
#7541=FACE_BOUND('',#7001,.T.);
#7542=FACE_BOUND('',#7002,.T.);
#7543=FACE_BOUND('',#7003,.T.);
#7544=FACE_BOUND('',#7004,.T.);
#7545=FACE_BOUND('',#7005,.T.);
#7546=FACE_BOUND('',#7006,.T.);
#7547=FACE_BOUND('',#7007,.T.);
#7548=FACE_BOUND('',#7008,.T.);
#7549=FACE_BOUND('',#7009,.T.);
#7550=FACE_BOUND('',#7010,.T.);
#7551=FACE_BOUND('',#7011,.T.);
#7552=FACE_BOUND('',#7012,.T.);
#7553=FACE_BOUND('',#7013,.T.);
#7554=FACE_BOUND('',#7014,.T.);
#7555=FACE_BOUND('',#7015,.T.);
#7556=FACE_BOUND('',#7016,.T.);
#7557=FACE_BOUND('',#7017,.T.);
#7558=FACE_BOUND('',#7018,.T.);
#7559=FACE_BOUND('',#7019,.T.);
#7560=FACE_BOUND('',#7020,.T.);
#7561=FACE_BOUND('',#7021,.T.);
#7562=FACE_BOUND('',#7022,.T.);
#7563=FACE_BOUND('',#7023,.T.);
#7564=FACE_BOUND('',#7024,.T.);
#7565=FACE_BOUND('',#7025,.T.);
#7566=FACE_BOUND('',#7026,.T.);
#7567=FACE_BOUND('',#7027,.T.);
#7568=FACE_BOUND('',#7028,.T.);
#7569=FACE_BOUND('',#7029,.T.);
#7570=FACE_BOUND('',#7030,.T.);
#7571=FACE_BOUND('',#7031,.T.);
#7572=FACE_BOUND('',#7032,.T.);
#7573=FACE_BOUND('',#7033,.T.);
#7574=FACE_BOUND('',#7034,.T.);
#7575=FACE_BOUND('',#7035,.T.);
#7576=FACE_BOUND('',#7036,.T.);
#7577=FACE_BOUND('',#7037,.T.);
#7578=FACE_BOUND('',#7038,.T.);
#7579=FACE_BOUND('',#7039,.T.);
#7580=FACE_BOUND('',#7040,.T.);
#7581=FACE_BOUND('',#7041,.T.);
#7582=FACE_BOUND('',#7042,.T.);
#7583=FACE_BOUND('',#7043,.T.);
#7584=FACE_BOUND('',#7044,.T.);
#7585=FACE_BOUND('',#7045,.T.);
#7586=FACE_BOUND('',#7046,.T.);
#7587=FACE_BOUND('',#7047,.T.);
#7588=FACE_BOUND('',#7048,.T.);
#7589=FACE_BOUND('',#7049,.T.);
#7590=FACE_BOUND('',#7050,.T.);
#7591=FACE_BOUND('',#7051,.T.);
#7592=FACE_BOUND('',#7052,.T.);
#7593=FACE_BOUND('',#7053,.T.);
#7594=FACE_BOUND('',#7054,.T.);
#7595=FACE_BOUND('',#7055,.T.);
#7596=FACE_BOUND('',#7056,.T.);
#7597=FACE_BOUND('',#7057,.T.);
#7598=FACE_BOUND('',#7058,.T.);
#7599=FACE_BOUND('',#7059,.T.);
#7600=FACE_BOUND('',#7060,.T.);
#7601=FACE_BOUND('',#7061,.T.);
#7602=FACE_BOUND('',#7062,.T.);
#7603=FACE_BOUND('',#7063,.T.);
#7604=FACE_BOUND('',#7064,.T.);
#7605=FACE_BOUND('',#7065,.T.);
#7606=FACE_BOUND('',#7066,.T.);
#7607=FACE_BOUND('',#7067,.T.);
#7608=FACE_BOUND('',#7068,.T.);
#7609=FACE_BOUND('',#7069,.T.);
#7610=FACE_BOUND('',#7070,.T.);
#7611=FACE_BOUND('',#7071,.T.);
#7612=FACE_BOUND('',#7072,.T.);
#7613=FACE_BOUND('',#7073,.T.);
#7614=FACE_BOUND('',#7074,.T.);
#7615=FACE_BOUND('',#7075,.T.);
#7616=FACE_BOUND('',#7076,.T.);
#7617=FACE_BOUND('',#7077,.T.);
#7618=FACE_BOUND('',#7078,.T.);
#7619=FACE_BOUND('',#7079,.T.);
#7620=FACE_BOUND('',#7080,.T.);
#7621=FACE_BOUND('',#7081,.T.);
#7622=FACE_BOUND('',#7082,.T.);
#7623=FACE_BOUND('',#7083,.T.);
#7624=FACE_BOUND('',#7084,.T.);
#7625=FACE_BOUND('',#7085,.T.);
#7626=FACE_BOUND('',#7086,.T.);
#7627=FACE_BOUND('',#7087,.T.);
#7628=FACE_BOUND('',#7088,.T.);
#7629=FACE_BOUND('',#7089,.T.);
#7630=FACE_BOUND('',#7090,.T.);
#7631=FACE_BOUND('',#7091,.T.);
#7632=FACE_BOUND('',#7092,.T.);
#7633=FACE_BOUND('',#7093,.T.);
#7634=FACE_BOUND('',#7094,.T.);
#7635=FACE_BOUND('',#7095,.T.);
#7636=FACE_BOUND('',#7096,.T.);
#7637=FACE_BOUND('',#7097,.T.);
#7638=FACE_BOUND('',#7098,.T.);
#7639=FACE_BOUND('',#7099,.T.);
#7640=FACE_BOUND('',#7100,.T.);
#7641=FACE_BOUND('',#7101,.T.);
#7642=FACE_BOUND('',#7102,.T.);
#7643=FACE_BOUND('',#7103,.T.);
#7644=FACE_BOUND('',#7104,.T.);
#7645=FACE_BOUND('',#7105,.T.);
#7646=FACE_BOUND('',#7106,.T.);
#7647=FACE_BOUND('',#7107,.T.);
#7648=FACE_BOUND('',#7108,.T.);
#7649=FACE_BOUND('',#7109,.T.);
#7650=FACE_BOUND('',#7110,.T.);
#7651=FACE_BOUND('',#7111,.T.);
#7652=FACE_BOUND('',#7112,.T.);
#7653=FACE_BOUND('',#7113,.T.);
#7654=FACE_BOUND('',#7114,.T.);
#7655=FACE_BOUND('',#7115,.T.);
#7656=FACE_BOUND('',#7116,.T.);
#7657=FACE_BOUND('',#7117,.T.);
#7658=FACE_BOUND('',#7118,.T.);
#7659=FACE_BOUND('',#7119,.T.);
#7660=FACE_BOUND('',#7120,.T.);
#7661=FACE_BOUND('',#7121,.T.);
#7662=FACE_BOUND('',#7122,.T.);
#7663=FACE_BOUND('',#7123,.T.);
#7664=FACE_BOUND('',#7124,.T.);
#7665=FACE_BOUND('',#7125,.T.);
#7666=FACE_BOUND('',#7126,.T.);
#7667=FACE_BOUND('',#7127,.T.);
#7668=FACE_BOUND('',#7128,.T.);
#7669=FACE_BOUND('',#7129,.T.);
#7670=FACE_BOUND('',#7130,.T.);
#7671=FACE_BOUND('',#7131,.T.);
#7672=FACE_BOUND('',#7132,.T.);
#7673=FACE_BOUND('',#7133,.T.);
#7674=FACE_BOUND('',#7134,.T.);
#7675=FACE_BOUND('',#7135,.T.);
#7676=FACE_BOUND('',#7136,.T.);
#7677=FACE_BOUND('',#7137,.T.);
#7678=FACE_BOUND('',#7138,.T.);
#7679=FACE_BOUND('',#7139,.T.);
#7680=FACE_BOUND('',#7140,.T.);
#7681=FACE_BOUND('',#7141,.T.);
#7682=FACE_BOUND('',#7142,.T.);
#7683=FACE_BOUND('',#7143,.T.);
#7684=FACE_BOUND('',#7144,.T.);
#7685=FACE_BOUND('',#7145,.T.);
#7686=FACE_BOUND('',#7146,.T.);
#7687=FACE_BOUND('',#7147,.T.);
#7688=FACE_BOUND('',#7148,.T.);
#7689=FACE_BOUND('',#7149,.T.);
#7690=FACE_BOUND('',#7150,.T.);
#7691=FACE_BOUND('',#7151,.T.);
#7692=FACE_BOUND('',#7152,.T.);
#7693=FACE_BOUND('',#7153,.T.);
#7694=FACE_BOUND('',#7154,.T.);
#7695=FACE_BOUND('',#7155,.T.);
#7696=FACE_BOUND('',#7156,.T.);
#7697=FACE_BOUND('',#7157,.T.);
#7698=FACE_BOUND('',#7158,.T.);
#7699=FACE_BOUND('',#7159,.T.);
#7700=FACE_BOUND('',#7160,.T.);
#7701=FACE_BOUND('',#7161,.T.);
#7702=FACE_BOUND('',#7162,.T.);
#7703=FACE_BOUND('',#7163,.T.);
#7704=FACE_BOUND('',#7164,.T.);
#7705=FACE_BOUND('',#7165,.T.);
#7706=FACE_BOUND('',#7166,.T.);
#7707=FACE_BOUND('',#7167,.T.);
#7708=FACE_BOUND('',#7168,.T.);
#7709=FACE_BOUND('',#7169,.T.);
#7710=FACE_BOUND('',#7170,.T.);
#7711=FACE_BOUND('',#7171,.T.);
#7712=FACE_BOUND('',#7172,.T.);
#7713=FACE_BOUND('',#7173,.T.);
#7714=FACE_BOUND('',#7174,.T.);
#7715=FACE_BOUND('',#7175,.T.);
#7716=FACE_BOUND('',#7176,.T.);
#7717=FACE_BOUND('',#7177,.T.);
#7718=FACE_BOUND('',#7178,.T.);
#7719=FACE_BOUND('',#7179,.T.);
#7720=FACE_BOUND('',#7180,.T.);
#7721=FACE_BOUND('',#7181,.T.);
#7722=FACE_BOUND('',#7182,.T.);
#7723=FACE_BOUND('',#7183,.T.);
#7724=FACE_BOUND('',#7184,.T.);
#7725=FACE_BOUND('',#7185,.T.);
#7726=FACE_BOUND('',#7186,.T.);
#7727=FACE_BOUND('',#7187,.T.);
#7728=FACE_BOUND('',#7188,.T.);
#7729=FACE_BOUND('',#7189,.T.);
#7730=FACE_BOUND('',#7190,.T.);
#7731=FACE_BOUND('',#7191,.T.);
#7732=FACE_BOUND('',#7192,.T.);
#7733=FACE_BOUND('',#7193,.T.);
#7734=FACE_BOUND('',#7194,.T.);
#7735=FACE_BOUND('',#7195,.T.);
#7736=FACE_BOUND('',#7196,.T.);
#7737=FACE_BOUND('',#7197,.T.);
#7738=FACE_BOUND('',#7198,.T.);
#7739=FACE_BOUND('',#7199,.T.);
#7740=FACE_BOUND('',#7200,.T.);
#7741=FACE_BOUND('',#7201,.T.);
#7742=FACE_BOUND('',#7202,.T.);
#7743=FACE_BOUND('',#7203,.T.);
#7744=FACE_BOUND('',#7204,.T.);
#7745=FACE_BOUND('',#7205,.T.);
#7746=FACE_BOUND('',#7206,.T.);
#7747=FACE_BOUND('',#7207,.T.);
#7748=FACE_BOUND('',#7208,.T.);
#7749=FACE_BOUND('',#7209,.T.);
#7750=FACE_BOUND('',#7210,.T.);
#7751=FACE_BOUND('',#7211,.T.);
#7752=FACE_BOUND('',#7212,.T.);
#7753=FACE_BOUND('',#7213,.T.);
#7754=FACE_BOUND('',#7214,.T.);
#7755=FACE_BOUND('',#7215,.T.);
#7756=FACE_BOUND('',#7216,.T.);
#7757=FACE_BOUND('',#7217,.T.);
#7758=FACE_BOUND('',#7218,.T.);
#7759=FACE_BOUND('',#7219,.T.);
#7760=FACE_BOUND('',#7220,.T.);
#7761=FACE_BOUND('',#7221,.T.);
#7762=FACE_BOUND('',#7222,.T.);
#7763=FACE_BOUND('',#7223,.T.);
#7764=FACE_BOUND('',#7224,.T.);
#7765=FACE_BOUND('',#7225,.T.);
#7766=FACE_BOUND('',#7226,.T.);
#7767=FACE_BOUND('',#7227,.T.);
#7768=FACE_BOUND('',#7228,.T.);
#7769=FACE_BOUND('',#7229,.T.);
#7770=FACE_BOUND('',#7230,.T.);
#7771=FACE_BOUND('',#7231,.T.);
#7772=FACE_BOUND('',#7232,.T.);
#7773=FACE_BOUND('',#7233,.T.);
#7774=FACE_BOUND('',#7234,.T.);
#7775=FACE_BOUND('',#7235,.T.);
#7776=FACE_BOUND('',#7236,.T.);
#7777=FACE_BOUND('',#7237,.T.);
#7778=FACE_BOUND('',#7238,.T.);
#7779=FACE_BOUND('',#7239,.T.);
#7780=FACE_BOUND('',#7240,.T.);
#7781=FACE_BOUND('',#7241,.T.);
#7782=FACE_BOUND('',#7242,.T.);
#7783=FACE_BOUND('',#7243,.T.);
#7784=FACE_BOUND('',#7244,.T.);
#7785=FACE_BOUND('',#7245,.T.);
#7786=FACE_BOUND('',#7246,.T.);
#7787=FACE_BOUND('',#7247,.T.);
#7788=FACE_BOUND('',#7248,.T.);
#7789=FACE_BOUND('',#7249,.T.);
#7790=FACE_BOUND('',#7250,.T.);
#7791=FACE_BOUND('',#7251,.T.);
#7792=FACE_BOUND('',#7252,.T.);
#7793=FACE_BOUND('',#7253,.T.);
#7794=FACE_BOUND('',#7254,.T.);
#7795=FACE_BOUND('',#7255,.T.);
#7796=FACE_BOUND('',#7256,.T.);
#7797=FACE_BOUND('',#7257,.T.);
#7798=FACE_BOUND('',#7258,.T.);
#7799=FACE_BOUND('',#7259,.T.);
#7800=FACE_BOUND('',#7260,.T.);
#7801=FACE_BOUND('',#7261,.T.);
#7802=FACE_BOUND('',#7262,.T.);
#7803=FACE_BOUND('',#7263,.T.);
#7804=FACE_BOUND('',#7264,.T.);
#7805=FACE_BOUND('',#7265,.T.);
#7806=FACE_BOUND('',#7266,.T.);
#7807=FACE_BOUND('',#7267,.T.);
#7808=FACE_BOUND('',#7268,.T.);
#7809=FACE_BOUND('',#7269,.T.);
#7810=FACE_BOUND('',#7270,.T.);
#7811=FACE_BOUND('',#7271,.T.);
#7812=FACE_BOUND('',#7272,.T.);
#7813=FACE_BOUND('',#7273,.T.);
#7814=FACE_BOUND('',#7274,.T.);
#7815=FACE_BOUND('',#7275,.T.);
#7816=FACE_BOUND('',#7276,.T.);
#7817=FACE_BOUND('',#7277,.T.);
#7818=FACE_BOUND('',#7278,.T.);
#7819=FACE_BOUND('',#7279,.T.);
#7820=FACE_BOUND('',#7280,.T.);
#7821=FACE_BOUND('',#7281,.T.);
#7822=FACE_BOUND('',#7282,.T.);
#7823=FACE_BOUND('',#7283,.T.);
#7824=FACE_BOUND('',#7284,.T.);
#7825=FACE_BOUND('',#7285,.T.);
#7826=FACE_BOUND('',#7286,.T.);
#7827=FACE_BOUND('',#7287,.T.);
#7828=FACE_BOUND('',#7288,.T.);
#7829=FACE_BOUND('',#7289,.T.);
#7830=FACE_BOUND('',#7290,.T.);
#7831=FACE_BOUND('',#7291,.T.);
#7832=FACE_BOUND('',#7292,.T.);
#7833=FACE_BOUND('',#7293,.T.);
#7834=FACE_BOUND('',#7294,.T.);
#7835=FACE_BOUND('',#7295,.T.);
#7836=FACE_BOUND('',#7296,.T.);
#7837=FACE_BOUND('',#7297,.T.);
#7838=FACE_BOUND('',#7298,.T.);
#7839=FACE_BOUND('',#7299,.T.);
#7840=FACE_BOUND('',#7300,.T.);
#7841=FACE_BOUND('',#7301,.T.);
#7842=FACE_BOUND('',#7302,.T.);
#7843=FACE_BOUND('',#7303,.T.);
#7844=FACE_BOUND('',#7304,.T.);
#7845=FACE_BOUND('',#7305,.T.);
#7846=FACE_BOUND('',#7306,.T.);
#7847=FACE_BOUND('',#7307,.T.);
#7848=FACE_BOUND('',#7308,.T.);
#7849=FACE_BOUND('',#7309,.T.);
#7850=FACE_BOUND('',#7310,.T.);
#7851=FACE_BOUND('',#7311,.T.);
#7852=FACE_BOUND('',#7312,.T.);
#7853=FACE_BOUND('',#7313,.T.);
#7854=FACE_BOUND('',#7314,.T.);
#7855=FACE_BOUND('',#7315,.T.);
#7856=FACE_BOUND('',#7316,.T.);
#7857=FACE_BOUND('',#7317,.T.);
#7858=FACE_BOUND('',#7318,.T.);
#7859=FACE_BOUND('',#7319,.T.);
#7860=FACE_BOUND('',#7320,.T.);
#7861=FACE_BOUND('',#7321,.T.);
#7862=FACE_BOUND('',#7322,.T.);
#7863=FACE_BOUND('',#7323,.T.);
#7864=FACE_BOUND('',#7324,.T.);
#7865=FACE_BOUND('',#7325,.T.);
#7866=FACE_BOUND('',#7326,.T.);
#7867=FACE_BOUND('',#7327,.T.);
#7868=FACE_BOUND('',#7328,.T.);
#7869=FACE_BOUND('',#7329,.T.);
#7870=FACE_BOUND('',#7330,.T.);
#7871=FACE_BOUND('',#7331,.T.);
#7872=FACE_BOUND('',#7332,.T.);
#7873=FACE_BOUND('',#7333,.T.);
#7874=FACE_BOUND('',#7334,.T.);
#7875=FACE_BOUND('',#7335,.T.);
#7876=FACE_BOUND('',#7336,.T.);
#7877=FACE_BOUND('',#7337,.T.);
#7878=FACE_BOUND('',#7338,.T.);
#7879=FACE_BOUND('',#7339,.T.);
#7880=FACE_BOUND('',#7340,.T.);
#7881=FACE_BOUND('',#7341,.T.);
#7882=FACE_BOUND('',#7342,.T.);
#7883=FACE_BOUND('',#7343,.T.);
#7884=FACE_BOUND('',#7344,.T.);
#7885=FACE_BOUND('',#7345,.T.);
#7886=FACE_BOUND('',#7346,.T.);
#7887=FACE_BOUND('',#7347,.T.);
#7888=FACE_BOUND('',#7348,.T.);
#7889=FACE_BOUND('',#7349,.T.);
#7890=FACE_BOUND('',#7350,.T.);
#7891=FACE_BOUND('',#7351,.T.);
#7892=FACE_BOUND('',#7352,.T.);
#7893=FACE_BOUND('',#7353,.T.);
#7894=FACE_BOUND('',#7354,.T.);
#7895=FACE_BOUND('',#7355,.T.);
#7896=FACE_BOUND('',#7356,.T.);
#7897=FACE_BOUND('',#7357,.T.);
#7898=FACE_BOUND('',#7358,.T.);
#7899=FACE_BOUND('',#7359,.T.);
#7900=FACE_BOUND('',#7360,.T.);
#7901=FACE_BOUND('',#7361,.T.);
#7902=FACE_BOUND('',#7362,.T.);
#7903=FACE_BOUND('',#7363,.T.);
#7904=FACE_BOUND('',#7364,.T.);
#7905=FACE_BOUND('',#7365,.T.);
#7906=FACE_BOUND('',#7366,.T.);
#7907=FACE_BOUND('',#7367,.T.);
#7908=FACE_BOUND('',#7368,.T.);
#7909=FACE_BOUND('',#7369,.T.);
#7910=FACE_BOUND('',#7370,.T.);
#7911=FACE_BOUND('',#7371,.T.);
#7912=FACE_BOUND('',#7372,.T.);
#7913=FACE_BOUND('',#7373,.T.);
#7914=FACE_BOUND('',#7374,.T.);
#7915=FACE_BOUND('',#7375,.T.);
#7916=FACE_BOUND('',#7376,.T.);
#7917=FACE_BOUND('',#7377,.T.);
#7918=FACE_BOUND('',#7378,.T.);
#7919=FACE_BOUND('',#7379,.T.);
#7920=FACE_BOUND('',#7380,.T.);
#7921=FACE_BOUND('',#7381,.T.);
#7922=FACE_BOUND('',#7382,.T.);
#7923=FACE_BOUND('',#7383,.T.);
#7924=FACE_BOUND('',#7384,.T.);
#7925=FACE_BOUND('',#7385,.T.);
#7926=FACE_BOUND('',#7386,.T.);
#7927=FACE_BOUND('',#7387,.T.);
#7928=FACE_BOUND('',#7388,.T.);
#7929=FACE_BOUND('',#7389,.T.);
#7930=FACE_BOUND('',#7390,.T.);
#7931=FACE_BOUND('',#7391,.T.);
#7932=FACE_BOUND('',#7392,.T.);
#7933=FACE_BOUND('',#7393,.T.);
#7934=FACE_BOUND('',#7394,.T.);
#7935=FACE_BOUND('',#7395,.T.);
#7936=FACE_BOUND('',#7396,.T.);
#7937=FACE_BOUND('',#7397,.T.);
#7938=FACE_BOUND('',#7398,.T.);
#7939=FACE_BOUND('',#7399,.T.);
#7940=FACE_BOUND('',#7400,.T.);
#7941=FACE_BOUND('',#7401,.T.);
#7942=FACE_BOUND('',#7402,.T.);
#7943=FACE_BOUND('',#7403,.T.);
#7944=FACE_BOUND('',#7404,.T.);
#7945=FACE_BOUND('',#7405,.T.);
#7946=FACE_BOUND('',#7406,.T.);
#7947=FACE_BOUND('',#7407,.T.);
#7948=FACE_BOUND('',#7408,.T.);
#7949=FACE_BOUND('',#7409,.T.);
#7950=FACE_BOUND('',#7410,.T.);
#7951=FACE_BOUND('',#7411,.T.);
#7952=FACE_BOUND('',#7412,.T.);
#7953=FACE_BOUND('',#7413,.T.);
#7954=FACE_BOUND('',#7414,.T.);
#7955=FACE_BOUND('',#7415,.T.);
#7956=FACE_BOUND('',#7416,.T.);
#7957=FACE_BOUND('',#7417,.T.);
#7958=FACE_BOUND('',#7418,.T.);
#7959=FACE_BOUND('',#7419,.T.);
#7960=FACE_BOUND('',#7420,.T.);
#7961=FACE_BOUND('',#7421,.T.);
#7962=FACE_BOUND('',#7422,.T.);
#7963=FACE_BOUND('',#7423,.T.);
#7964=FACE_BOUND('',#7424,.T.);
#7965=FACE_BOUND('',#7425,.T.);
#7966=FACE_BOUND('',#7426,.T.);
#7967=FACE_BOUND('',#7427,.T.);
#7968=FACE_BOUND('',#7428,.T.);
#7969=FACE_BOUND('',#7429,.T.);
#7970=FACE_BOUND('',#7430,.T.);
#7971=FACE_BOUND('',#7431,.T.);
#7972=FACE_BOUND('',#7432,.T.);
#7973=FACE_BOUND('',#7433,.T.);
#7974=FACE_BOUND('',#7434,.T.);
#7975=FACE_BOUND('',#7435,.T.);
#7976=FACE_BOUND('',#7436,.T.);
#7977=FACE_BOUND('',#7437,.T.);
#7978=FACE_BOUND('',#7438,.T.);
#7979=FACE_BOUND('',#7439,.T.);
#7980=FACE_BOUND('',#7440,.T.);
#7981=FACE_BOUND('',#7441,.T.);
#7982=FACE_BOUND('',#7442,.T.);
#7983=FACE_BOUND('',#7443,.T.);
#7984=FACE_BOUND('',#7444,.T.);
#7985=FACE_BOUND('',#7445,.T.);
#7986=FACE_BOUND('',#7446,.T.);
#7987=FACE_BOUND('',#7447,.T.);
#7988=FACE_BOUND('',#7448,.T.);
#7989=FACE_BOUND('',#7449,.T.);
#7990=FACE_BOUND('',#7450,.T.);
#7991=FACE_BOUND('',#7451,.T.);
#7992=FACE_BOUND('',#7452,.T.);
#7993=FACE_BOUND('',#7453,.T.);
#7994=FACE_BOUND('',#7454,.T.);
#7995=FACE_BOUND('',#7455,.T.);
#7996=FACE_BOUND('',#7456,.T.);
#7997=FACE_BOUND('',#7457,.T.);
#7998=FACE_BOUND('',#7458,.T.);
#7999=FACE_BOUND('',#7459,.T.);
#8000=FACE_BOUND('',#7460,.T.);
#8001=FACE_BOUND('',#7461,.T.);
#8002=FACE_BOUND('',#7462,.T.);
#8003=FACE_BOUND('',#7463,.T.);
#8004=FACE_BOUND('',#7464,.T.);
#8005=FACE_BOUND('',#7465,.T.);
#8006=FACE_BOUND('',#7466,.T.);
#8007=FACE_BOUND('',#7467,.T.);
#8008=FACE_BOUND('',#7468,.T.);
#8009=FACE_BOUND('',#7469,.T.);
#8010=FACE_BOUND('',#7470,.T.);
#8011=FACE_BOUND('',#7471,.T.);
#8012=FACE_BOUND('',#7472,.T.);
#8013=FACE_BOUND('',#7473,.T.);
#8014=FACE_BOUND('',#7474,.T.);
#8015=FACE_BOUND('',#7475,.T.);
#8016=FACE_BOUND('',#7476,.T.);
#8017=FACE_BOUND('',#7477,.T.);
#8018=FACE_BOUND('',#7478,.T.);
#8019=FACE_BOUND('',#7479,.T.);
#8020=FACE_BOUND('',#7480,.T.);
#8021=FACE_BOUND('',#7481,.T.);
#8022=FACE_BOUND('',#7482,.T.);
#8023=FACE_BOUND('',#7483,.T.);
#8024=FACE_BOUND('',#7484,.T.);
#8025=FACE_BOUND('',#7485,.T.);
#8026=FACE_BOUND('',#7486,.T.);
#8027=FACE_BOUND('',#7487,.T.);
#8028=FACE_BOUND('',#7488,.T.);
#8029=PLANE('',#8838);
#8030=PLANE('',#8840);
#8031=PLANE('',#8842);
#8032=PLANE('',#8843);
#8033=PLANE('',#8844);
#8034=PLANE('',#8845);
#8035=PLANE('',#8846);
#8036=PLANE('',#8847);
#8037=PLANE('',#8848);
#8038=PLANE('',#8852);
#8039=PLANE('',#8855);
#8040=PLANE('',#8859);
#8041=PLANE('',#8866);
#8042=PLANE('',#8869);
#8043=PLANE('',#8870);
#8044=PLANE('',#8873);
#8045=PLANE('',#8874);
#8046=PLANE('',#8875);
#8047=PLANE('',#8876);
#8048=PLANE('',#8877);
#8049=PLANE('',#8878);
#8050=PLANE('',#8879);
#8051=PLANE('',#8880);
#8052=PLANE('',#8881);
#8053=PLANE('',#8882);
#8054=PLANE('',#8883);
#8055=PLANE('',#8884);
#8056=PLANE('',#8885);
#8057=PLANE('',#8886);
#8058=PLANE('',#8887);
#8059=PLANE('',#8888);
#8060=PLANE('',#8890);
#8061=PLANE('',#8891);
#8062=PLANE('',#8893);
#8063=PLANE('',#8894);
#8064=PLANE('',#8900);
#8065=PLANE('',#8901);
#8066=PLANE('',#8903);
#8067=PLANE('',#8905);
#8068=PLANE('',#8907);
#8069=PLANE('',#8908);
#8070=PLANE('',#8909);
#8071=PLANE('',#8920);
#8072=PLANE('',#8925);
#8073=PLANE('',#8931);
#8074=PLANE('',#8934);
#8075=PLANE('',#8940);
#8076=PLANE('',#8943);
#8077=PLANE('',#8944);
#8078=PLANE('',#8945);
#8079=PLANE('',#8946);
#8080=PLANE('',#8947);
#8081=PLANE('',#8952);
#8082=PLANE('',#8953);
#8083=PLANE('',#8956);
#8084=PLANE('',#8959);
#8085=PLANE('',#8962);
#8086=PLANE('',#8964);
#8087=PLANE('',#8965);
#8088=PLANE('',#8967);
#8089=PLANE('',#8968);
#8090=PLANE('',#8970);
#8091=PLANE('',#8972);
#8092=PLANE('',#8974);
#8093=PLANE('',#8978);
#8094=PLANE('',#8985);
#8095=PLANE('',#8989);
#8096=PLANE('',#8990);
#8097=PLANE('',#8991);
#8098=PLANE('',#8994);
#8099=PLANE('',#8995);
#8100=PLANE('',#8996);
#8101=PLANE('',#8997);
#8102=PLANE('',#8998);
#8103=PLANE('',#9001);
#8104=PLANE('',#9002);
#8105=PLANE('',#9004);
#8106=PLANE('',#9009);
#8107=PLANE('',#9011);
#8108=PLANE('',#9015);
#8109=PLANE('',#9016);
#8110=PLANE('',#9020);
#8111=PLANE('',#9027);
#8112=PLANE('',#9028);
#8113=PLANE('',#9029);
#8114=PLANE('',#9030);
#8115=PLANE('',#9031);
#8116=PLANE('',#9032);
#8117=PLANE('',#9033);
#8118=PLANE('',#9034);
#8119=PLANE('',#9035);
#8120=PLANE('',#9041);
#8121=PLANE('',#9057);
#8122=PLANE('',#9058);
#8123=PLANE('',#9081);
#8124=PLANE('',#9082);
#8125=PLANE('',#9083);
#8126=PLANE('',#9084);
#8127=PLANE('',#9085);
#8128=PLANE('',#9094);
#8129=PLANE('',#9112);
#8130=PLANE('',#9117);
#8131=PLANE('',#9118);
#8132=PLANE('',#9120);
#8133=PLANE('',#9124);
#8134=PLANE('',#9125);
#8135=PLANE('',#9131);
#8136=PLANE('',#9132);
#8137=PLANE('',#9133);
#8138=PLANE('',#9134);
#8139=PLANE('',#9135);
#8140=PLANE('',#9136);
#8141=PLANE('',#9137);
#8142=PLANE('',#9138);
#8143=PLANE('',#9139);
#8144=PLANE('',#9140);
#8145=PLANE('',#9141);
#8146=PLANE('',#9142);
#8147=PLANE('',#9143);
#8148=PLANE('',#9144);
#8149=PLANE('',#9146);
#8150=PLANE('',#9148);
#8151=PLANE('',#9150);
#8152=PLANE('',#9152);
#8153=PLANE('',#9153);
#8154=PLANE('',#9154);
#8155=PLANE('',#9155);
#8156=PLANE('',#9156);
#8157=PLANE('',#9157);
#8158=PLANE('',#9158);
#8159=PLANE('',#9159);
#8160=PLANE('',#9160);
#8161=PLANE('',#9162);
#8162=PLANE('',#9164);
#8163=PLANE('',#9166);
#8164=PLANE('',#9168);
#8165=PLANE('',#9169);
#8166=PLANE('',#9170);
#8167=PLANE('',#9171);
#8168=PLANE('',#9172);
#8169=PLANE('',#9173);
#8170=PLANE('',#9174);
#8171=PLANE('',#9175);
#8172=PLANE('',#9178);
#8173=PLANE('',#9179);
#8174=PLANE('',#9180);
#8175=PLANE('',#9181);
#8176=PLANE('',#9182);
#8177=PLANE('',#9183);
#8178=PLANE('',#9184);
#8179=PLANE('',#9185);
#8180=PLANE('',#9186);
#8181=PLANE('',#9187);
#8182=PLANE('',#9188);
#8183=PLANE('',#9189);
#8184=PLANE('',#9190);
#8185=PLANE('',#9191);
#8186=PLANE('',#9192);
#8187=PLANE('',#9193);
#8188=PLANE('',#9194);
#8189=PLANE('',#9195);
#8190=PLANE('',#9199);
#8191=PLANE('',#9203);
#8192=PLANE('',#9204);
#8193=PLANE('',#9207);
#8194=PLANE('',#9208);
#8195=PLANE('',#9209);
#8196=PLANE('',#9210);
#8197=PLANE('',#9211);
#8198=PLANE('',#9215);
#8199=PLANE('',#9219);
#8200=PLANE('',#9220);
#8201=PLANE('',#9222);
#8202=PLANE('',#9223);
#8203=PLANE('',#9226);
#8204=PLANE('',#9229);
#8205=PLANE('',#9234);
#8206=PLANE('',#9242);
#8207=PLANE('',#9244);
#8208=PLANE('',#9250);
#8209=PLANE('',#9251);
#8210=PLANE('',#9252);
#8211=PLANE('',#9253);
#8212=PLANE('',#9254);
#8213=PLANE('',#9255);
#8214=PLANE('',#9256);
#8215=PLANE('',#9257);
#8216=PLANE('',#9258);
#8217=PLANE('',#9259);
#8218=PLANE('',#9260);
#8219=PLANE('',#9261);
#8220=PLANE('',#9262);
#8221=PLANE('',#9263);
#8222=PLANE('',#9264);
#8223=PLANE('',#9265);
#8224=PLANE('',#9266);
#8225=PLANE('',#9267);
#8226=PLANE('',#9268);
#8227=PLANE('',#9269);
#8228=PLANE('',#9270);
#8229=PLANE('',#9272);
#8230=PLANE('',#9282);
#8231=PLANE('',#9284);
#8232=PLANE('',#9288);
#8233=PLANE('',#9292);
#8234=PLANE('',#9301);
#8235=PLANE('',#9302);
#8236=PLANE('',#9303);
#8237=PLANE('',#9305);
#8238=PLANE('',#9306);
#8239=PLANE('',#9307);
#8240=PLANE('',#9308);
#8241=PLANE('',#9310);
#8242=PLANE('',#9313);
#8243=PLANE('',#9316);
#8244=PLANE('',#9317);
#8245=PLANE('',#9319);
#8246=PLANE('',#9321);
#8247=PLANE('',#9323);
#8248=PLANE('',#9324);
#8249=PLANE('',#9325);
#8250=PLANE('',#9326);
#8251=PLANE('',#9327);
#8252=PLANE('',#9329);
#8253=PLANE('',#9330);
#8254=PLANE('',#9332);
#8255=PLANE('',#9333);
#8256=PLANE('',#9334);
#8257=PLANE('',#9335);
#8258=PLANE('',#9336);
#8259=PLANE('',#9337);
#8260=PLANE('',#9344);
#8261=PLANE('',#9347);
#8262=PLANE('',#9348);
#8263=PLANE('',#9349);
#8264=PLANE('',#9351);
#8265=PLANE('',#9352);
#8266=PLANE('',#9353);
#8267=PLANE('',#9354);
#8268=PLANE('',#9355);
#8269=PLANE('',#9356);
#8270=PLANE('',#9357);
#8271=PLANE('',#9361);
#8272=PLANE('',#9364);
#8273=PLANE('',#9368);
#8274=PLANE('',#9375);
#8275=PLANE('',#9378);
#8276=PLANE('',#9379);
#8277=PLANE('',#9382);
#8278=PLANE('',#9383);
#8279=PLANE('',#9384);
#8280=PLANE('',#9385);
#8281=PLANE('',#9386);
#8282=PLANE('',#9387);
#8283=PLANE('',#9388);
#8284=PLANE('',#9389);
#8285=PLANE('',#9390);
#8286=PLANE('',#9391);
#8287=PLANE('',#9392);
#8288=PLANE('',#9393);
#8289=PLANE('',#9394);
#8290=PLANE('',#9395);
#8291=PLANE('',#9396);
#8292=PLANE('',#9397);
#8293=PLANE('',#9399);
#8294=PLANE('',#9400);
#8295=PLANE('',#9402);
#8296=PLANE('',#9403);
#8297=PLANE('',#9409);
#8298=PLANE('',#9410);
#8299=PLANE('',#9412);
#8300=PLANE('',#9414);
#8301=PLANE('',#9416);
#8302=PLANE('',#9417);
#8303=PLANE('',#9418);
#8304=PLANE('',#9429);
#8305=PLANE('',#9434);
#8306=PLANE('',#9440);
#8307=PLANE('',#9443);
#8308=PLANE('',#9449);
#8309=PLANE('',#9452);
#8310=PLANE('',#9453);
#8311=PLANE('',#9454);
#8312=PLANE('',#9455);
#8313=PLANE('',#9456);
#8314=PLANE('',#9461);
#8315=PLANE('',#9462);
#8316=PLANE('',#9465);
#8317=PLANE('',#9468);
#8318=PLANE('',#9472);
#8319=PLANE('',#9474);
#8320=PLANE('',#9475);
#8321=PLANE('',#9477);
#8322=PLANE('',#9478);
#8323=PLANE('',#9480);
#8324=PLANE('',#9482);
#8325=PLANE('',#9484);
#8326=PLANE('',#9488);
#8327=PLANE('',#9495);
#8328=PLANE('',#9499);
#8329=PLANE('',#9500);
#8330=PLANE('',#9501);
#8331=PLANE('',#9504);
#8332=PLANE('',#9505);
#8333=PLANE('',#9506);
#8334=PLANE('',#9507);
#8335=PLANE('',#9508);
#8336=PLANE('',#9511);
#8337=PLANE('',#9512);
#8338=PLANE('',#9514);
#8339=PLANE('',#9519);
#8340=PLANE('',#9520);
#8341=PLANE('',#9521);
#8342=PLANE('',#9522);
#8343=PLANE('',#9523);
#8344=ADVANCED_FACE('',(#7489),#8029,.F.);
#8345=ADVANCED_FACE('',(#7490),#8030,.T.);
#8346=ADVANCED_FACE('',(#7491),#8031,.T.);
#8347=ADVANCED_FACE('',(#7492),#8032,.T.);
#8348=ADVANCED_FACE('',(#7493),#8033,.T.);
#8349=ADVANCED_FACE('',(#7494),#8034,.T.);
#8350=ADVANCED_FACE('',(#7495),#8035,.T.);
#8351=ADVANCED_FACE('',(#7496),#8036,.T.);
#8352=ADVANCED_FACE('',(#7497),#8037,.T.);
#8353=ADVANCED_FACE('',(#7498),#8038,.T.);
#8354=ADVANCED_FACE('',(#7499),#8039,.T.);
#8355=ADVANCED_FACE('',(#7500),#132,.T.);
#8356=ADVANCED_FACE('',(#7501),#8040,.F.);
#8357=ADVANCED_FACE('',(#7502,#7503),#106,.F.);
#8358=ADVANCED_FACE('',(#7504,#7505),#23,.F.);
#8359=ADVANCED_FACE('',(#7506,#7507),#107,.F.);
#8360=ADVANCED_FACE('',(#7508),#8041,.F.);
#8361=ADVANCED_FACE('',(#7509),#133,.T.);
#8362=ADVANCED_FACE('',(#7510),#8042,.F.);
#8363=ADVANCED_FACE('',(#7511),#8043,.T.);
#8364=ADVANCED_FACE('',(#7512),#134,.T.);
#8365=ADVANCED_FACE('',(#7513),#8044,.F.);
#8366=ADVANCED_FACE('',(#7514),#8045,.F.);
#8367=ADVANCED_FACE('',(#7515),#8046,.F.);
#8368=ADVANCED_FACE('',(#7516),#8047,.F.);
#8369=ADVANCED_FACE('',(#7517),#8048,.T.);
#8370=ADVANCED_FACE('',(#7518),#8049,.T.);
#8371=ADVANCED_FACE('',(#7519),#8050,.F.);
#8372=ADVANCED_FACE('',(#7520),#8051,.T.);
#8373=ADVANCED_FACE('',(#7521),#8052,.F.);
#8374=ADVANCED_FACE('',(#7522),#8053,.F.);
#8375=ADVANCED_FACE('',(#7523),#8054,.T.);
#8376=ADVANCED_FACE('',(#7524),#8055,.F.);
#8377=ADVANCED_FACE('',(#7525),#8056,.F.);
#8378=ADVANCED_FACE('',(#7526),#8057,.T.);
#8379=ADVANCED_FACE('',(#7527),#8058,.T.);
#8380=ADVANCED_FACE('',(#7528),#8059,.T.);
#8381=ADVANCED_FACE('',(#7529),#8060,.T.);
#8382=ADVANCED_FACE('',(#7530),#8061,.T.);
#8383=ADVANCED_FACE('',(#7531),#8062,.T.);
#8384=ADVANCED_FACE('',(#7532),#8063,.T.);
#8385=ADVANCED_FACE('',(#7533),#135,.T.);
#8386=ADVANCED_FACE('',(#7534),#108,.T.);
#8387=ADVANCED_FACE('',(#7535),#8064,.T.);
#8388=ADVANCED_FACE('',(#7536),#8065,.T.);
#8389=ADVANCED_FACE('',(#7537),#8066,.F.);
#8390=ADVANCED_FACE('',(#7538),#8067,.F.);
#8391=ADVANCED_FACE('',(#7539,#7540,#7541,#7542),#8068,.T.);
#8392=ADVANCED_FACE('',(#7543),#8069,.F.);
#8393=ADVANCED_FACE('',(#7544,#7545),#8070,.T.);
#8394=ADVANCED_FACE('',(#7546),#24,.F.);
#8395=ADVANCED_FACE('',(#7547),#109,.F.);
#8396=ADVANCED_FACE('',(#7548),#8071,.T.);
#8397=ADVANCED_FACE('',(#7549),#25,.T.);
#8398=ADVANCED_FACE('',(#7550),#8072,.T.);
#8399=ADVANCED_FACE('',(#7551),#26,.F.);
#8400=ADVANCED_FACE('',(#7552),#8073,.T.);
#8401=ADVANCED_FACE('',(#7553),#27,.T.);
#8402=ADVANCED_FACE('',(#7554),#8074,.F.);
#8403=ADVANCED_FACE('',(#7555),#28,.F.);
#8404=ADVANCED_FACE('',(#7556),#8075,.T.);
#8405=ADVANCED_FACE('',(#7557),#29,.T.);
#8406=ADVANCED_FACE('',(#7558),#8076,.F.);
#8407=ADVANCED_FACE('',(#7559),#8077,.T.);
#8408=ADVANCED_FACE('',(#7560),#8078,.F.);
#8409=ADVANCED_FACE('',(#7561),#8079,.F.);
#8410=ADVANCED_FACE('',(#7562),#8080,.T.);
#8411=ADVANCED_FACE('',(#7563,#7564),#110,.F.);
#8412=ADVANCED_FACE('',(#7565),#111,.F.);
#8413=ADVANCED_FACE('',(#7566),#8081,.T.);
#8414=ADVANCED_FACE('',(#7567),#8082,.T.);
#8415=ADVANCED_FACE('',(#7568,#7569),#30,.F.);
#8416=ADVANCED_FACE('',(#7570),#8083,.F.);
#8417=ADVANCED_FACE('',(#7571),#31,.F.);
#8418=ADVANCED_FACE('',(#7572),#8084,.F.);
#8419=ADVANCED_FACE('',(#7573),#112,.F.);
#8420=ADVANCED_FACE('',(#7574),#32,.T.);
#8421=ADVANCED_FACE('',(#7575),#8085,.T.);
#8422=ADVANCED_FACE('',(#7576),#8086,.F.);
#8423=ADVANCED_FACE('',(#7577),#8087,.T.);
#8424=ADVANCED_FACE('',(#7578),#8088,.F.);
#8425=ADVANCED_FACE('',(#7579),#8089,.T.);
#8426=ADVANCED_FACE('',(#7580),#8090,.T.);
#8427=ADVANCED_FACE('',(#7581),#8091,.T.);
#8428=ADVANCED_FACE('',(#7582),#8092,.T.);
#8429=ADVANCED_FACE('',(#7583),#33,.F.);
#8430=ADVANCED_FACE('',(#7584),#8093,.F.);
#8431=ADVANCED_FACE('',(#7585),#34,.T.);
#8432=ADVANCED_FACE('',(#7586),#35,.T.);
#8433=ADVANCED_FACE('',(#7587),#36,.T.);
#8434=ADVANCED_FACE('',(#7588),#8094,.T.);
#8435=ADVANCED_FACE('',(#7589),#113,.T.);
#8436=ADVANCED_FACE('',(#7590),#8095,.T.);
#8437=ADVANCED_FACE('',(#7591),#8096,.T.);
#8438=ADVANCED_FACE('',(#7592),#136,.T.);
#8439=ADVANCED_FACE('',(#7593),#8097,.T.);
#8440=ADVANCED_FACE('',(#7594),#37,.T.);
#8441=ADVANCED_FACE('',(#7595,#7596),#8098,.F.);
#8442=ADVANCED_FACE('',(#7597),#8099,.T.);
#8443=ADVANCED_FACE('',(#7598),#8100,.F.);
#8444=ADVANCED_FACE('',(#7599),#8101,.T.);
#8445=ADVANCED_FACE('',(#7600),#8102,.T.);
#8446=ADVANCED_FACE('',(#7601),#114,.T.);
#8447=ADVANCED_FACE('',(#7602),#8103,.T.);
#8448=ADVANCED_FACE('',(#7603),#8104,.T.);
#8449=ADVANCED_FACE('',(#7604,#7605),#8105,.F.);
#8450=ADVANCED_FACE('',(#7606,#7607),#38,.F.);
#8451=ADVANCED_FACE('',(#7608,#7609),#115,.F.);
#8452=ADVANCED_FACE('',(#7610),#8106,.T.);
#8453=ADVANCED_FACE('',(#7611,#7612,#7613,#7614,#7615,#7616,#7617),#8107,
 .T.);
#8454=ADVANCED_FACE('',(#7618),#8108,.T.);
#8455=ADVANCED_FACE('',(#7619),#8109,.T.);
#8456=ADVANCED_FACE('',(#7620),#8110,.T.);
#8457=ADVANCED_FACE('',(#7621),#8111,.T.);
#8458=ADVANCED_FACE('',(#7622),#8112,.T.);
#8459=ADVANCED_FACE('',(#7623),#8113,.T.);
#8460=ADVANCED_FACE('',(#7624),#8114,.T.);
#8461=ADVANCED_FACE('',(#7625),#8115,.T.);
#8462=ADVANCED_FACE('',(#7626),#8116,.T.);
#8463=ADVANCED_FACE('',(#7627),#8117,.F.);
#8464=ADVANCED_FACE('',(#7628),#8118,.F.);
#8465=ADVANCED_FACE('',(#7629),#8119,.T.);
#8466=ADVANCED_FACE('',(#7630),#18,.T.);
#8467=ADVANCED_FACE('',(#7631),#8120,.T.);
#8468=ADVANCED_FACE('',(#7632),#137,.T.);
#8469=ADVANCED_FACE('',(#7633),#14,.T.);
#8470=ADVANCED_FACE('',(#7634),#39,.T.);
#8471=ADVANCED_FACE('',(#7635),#138,.T.);
#8472=ADVANCED_FACE('',(#7636),#40,.F.);
#8473=ADVANCED_FACE('',(#7637),#41,.F.);
#8474=ADVANCED_FACE('',(#7638),#15,.T.);
#8475=ADVANCED_FACE('',(#7639),#42,.T.);
#8476=ADVANCED_FACE('',(#7640),#43,.T.);
#8477=ADVANCED_FACE('',(#7641),#44,.T.);
#8478=ADVANCED_FACE('',(#7642),#45,.T.);
#8479=ADVANCED_FACE('',(#7643),#8121,.F.);
#8480=ADVANCED_FACE('',(#7644),#8122,.T.);
#8481=ADVANCED_FACE('',(#7645),#16,.T.);
#8482=ADVANCED_FACE('',(#7646),#46,.T.);
#8483=ADVANCED_FACE('',(#7647),#17,.T.);
#8484=ADVANCED_FACE('',(#7648),#47,.T.);
#8485=ADVANCED_FACE('',(#7649),#48,.T.);
#8486=ADVANCED_FACE('',(#7650),#139,.T.);
#8487=ADVANCED_FACE('',(#7651),#49,.F.);
#8488=ADVANCED_FACE('',(#7652),#50,.T.);
#8489=ADVANCED_FACE('',(#7653),#140,.T.);
#8490=ADVANCED_FACE('',(#7654),#51,.F.);
#8491=ADVANCED_FACE('',(#7655),#52,.T.);
#8492=ADVANCED_FACE('',(#7656),#53,.F.);
#8493=ADVANCED_FACE('',(#7657),#8123,.T.);
#8494=ADVANCED_FACE('',(#7658),#8124,.T.);
#8495=ADVANCED_FACE('',(#7659),#8125,.T.);
#8496=ADVANCED_FACE('',(#7660),#8126,.T.);
#8497=ADVANCED_FACE('',(#7661),#8127,.T.);
#8498=ADVANCED_FACE('',(#7662),#19,.T.);
#8499=ADVANCED_FACE('',(#7663),#54,.T.);
#8500=ADVANCED_FACE('',(#7664),#55,.T.);
#8501=ADVANCED_FACE('',(#7665),#56,.T.);
#8502=ADVANCED_FACE('',(#7666),#8128,.T.);
#8503=ADVANCED_FACE('',(#7667,#7668),#116,.F.);
#8504=ADVANCED_FACE('',(#7669,#7670),#57,.F.);
#8505=ADVANCED_FACE('',(#7671,#7672),#117,.F.);
#8506=ADVANCED_FACE('',(#7673,#7674),#58,.F.);
#8507=ADVANCED_FACE('',(#7675,#7676),#118,.F.);
#8508=ADVANCED_FACE('',(#7677,#7678),#59,.F.);
#8509=ADVANCED_FACE('',(#7679),#8129,.T.);
#8510=ADVANCED_FACE('',(#7680),#60,.T.);
#8511=ADVANCED_FACE('',(#7681),#8130,.T.);
#8512=ADVANCED_FACE('',(#7682),#8131,.T.);
#8513=ADVANCED_FACE('',(#7683),#8132,.T.);
#8514=ADVANCED_FACE('',(#7684),#61,.T.);
#8515=ADVANCED_FACE('',(#7685),#8133,.T.);
#8516=ADVANCED_FACE('',(#7686,#7687,#7688,#7689,#7690,#7691),#8134,.T.);
#8517=ADVANCED_FACE('',(#7692),#8135,.T.);
#8518=ADVANCED_FACE('',(#7693),#8136,.T.);
#8519=ADVANCED_FACE('',(#7694),#8137,.T.);
#8520=ADVANCED_FACE('',(#7695),#8138,.T.);
#8521=ADVANCED_FACE('',(#7696),#8139,.T.);
#8522=ADVANCED_FACE('',(#7697),#8140,.F.);
#8523=ADVANCED_FACE('',(#7698),#8141,.T.);
#8524=ADVANCED_FACE('',(#7699),#8142,.F.);
#8525=ADVANCED_FACE('',(#7700),#8143,.T.);
#8526=ADVANCED_FACE('',(#7701),#8144,.F.);
#8527=ADVANCED_FACE('',(#7702),#8145,.F.);
#8528=ADVANCED_FACE('',(#7703,#7704,#7705,#7706),#8146,.F.);
#8529=ADVANCED_FACE('',(#7707),#8147,.T.);
#8530=ADVANCED_FACE('',(#7708),#8148,.F.);
#8531=ADVANCED_FACE('',(#7709),#8149,.F.);
#8532=ADVANCED_FACE('',(#7710),#8150,.F.);
#8533=ADVANCED_FACE('',(#7711),#8151,.F.);
#8534=ADVANCED_FACE('',(#7712),#8152,.F.);
#8535=ADVANCED_FACE('',(#7713),#8153,.F.);
#8536=ADVANCED_FACE('',(#7714),#8154,.F.);
#8537=ADVANCED_FACE('',(#7715),#8155,.F.);
#8538=ADVANCED_FACE('',(#7716),#8156,.F.);
#8539=ADVANCED_FACE('',(#7717),#8157,.T.);
#8540=ADVANCED_FACE('',(#7718),#8158,.T.);
#8541=ADVANCED_FACE('',(#7719),#8159,.F.);
#8542=ADVANCED_FACE('',(#7720),#8160,.F.);
#8543=ADVANCED_FACE('',(#7721),#8161,.F.);
#8544=ADVANCED_FACE('',(#7722),#8162,.F.);
#8545=ADVANCED_FACE('',(#7723),#8163,.F.);
#8546=ADVANCED_FACE('',(#7724),#8164,.F.);
#8547=ADVANCED_FACE('',(#7725),#8165,.F.);
#8548=ADVANCED_FACE('',(#7726),#8166,.F.);
#8549=ADVANCED_FACE('',(#7727),#8167,.T.);
#8550=ADVANCED_FACE('',(#7728),#8168,.F.);
#8551=ADVANCED_FACE('',(#7729),#8169,.F.);
#8552=ADVANCED_FACE('',(#7730),#8170,.T.);
#8553=ADVANCED_FACE('',(#7731),#8171,.F.);
#8554=ADVANCED_FACE('',(#7732,#7733),#62,.F.);
#8555=ADVANCED_FACE('',(#7734),#8172,.T.);
#8556=ADVANCED_FACE('',(#7735),#8173,.T.);
#8557=ADVANCED_FACE('',(#7736),#8174,.F.);
#8558=ADVANCED_FACE('',(#7737),#8175,.T.);
#8559=ADVANCED_FACE('',(#7738),#8176,.T.);
#8560=ADVANCED_FACE('',(#7739),#8177,.F.);
#8561=ADVANCED_FACE('',(#7740),#8178,.T.);
#8562=ADVANCED_FACE('',(#7741),#8179,.T.);
#8563=ADVANCED_FACE('',(#7742),#8180,.F.);
#8564=ADVANCED_FACE('',(#7743),#8181,.T.);
#8565=ADVANCED_FACE('',(#7744),#8182,.T.);
#8566=ADVANCED_FACE('',(#7745),#8183,.T.);
#8567=ADVANCED_FACE('',(#7746),#8184,.T.);
#8568=ADVANCED_FACE('',(#7747),#8185,.T.);
#8569=ADVANCED_FACE('',(#7748),#8186,.T.);
#8570=ADVANCED_FACE('',(#7749),#8187,.T.);
#8571=ADVANCED_FACE('',(#7750),#8188,.F.);
#8572=ADVANCED_FACE('',(#7751),#8189,.F.);
#8573=ADVANCED_FACE('',(#7752),#63,.T.);
#8574=ADVANCED_FACE('',(#7753),#8190,.T.);
#8575=ADVANCED_FACE('',(#7754),#64,.T.);
#8576=ADVANCED_FACE('',(#7755),#8191,.T.);
#8577=ADVANCED_FACE('',(#7756),#8192,.F.);
#8578=ADVANCED_FACE('',(#7757),#8193,.T.);
#8579=ADVANCED_FACE('',(#7758),#8194,.T.);
#8580=ADVANCED_FACE('',(#7759),#8195,.T.);
#8581=ADVANCED_FACE('',(#7760),#8196,.T.);
#8582=ADVANCED_FACE('',(#7761),#8197,.T.);
#8583=ADVANCED_FACE('',(#7762,#7763),#20,.T.);
#8584=ADVANCED_FACE('',(#7764),#8198,.T.);
#8585=ADVANCED_FACE('',(#7765,#7766),#21,.T.);
#8586=ADVANCED_FACE('',(#7767),#8199,.T.);
#8587=ADVANCED_FACE('',(#7768),#8200,.T.);
#8588=ADVANCED_FACE('',(#7769),#8201,.T.);
#8589=ADVANCED_FACE('',(#7770),#8202,.T.);
#8590=ADVANCED_FACE('',(#7771),#8203,.T.);
#8591=ADVANCED_FACE('',(#7772),#8204,.T.);
#8592=ADVANCED_FACE('',(#7773),#65,.T.);
#8593=ADVANCED_FACE('',(#7774),#66,.T.);
#8594=ADVANCED_FACE('',(#7775),#8205,.F.);
#8595=ADVANCED_FACE('',(#7776),#67,.T.);
#8596=ADVANCED_FACE('',(#7777),#22,.F.);
#8597=ADVANCED_FACE('',(#7778),#68,.F.);
#8598=ADVANCED_FACE('',(#7779),#8206,.T.);
#8599=ADVANCED_FACE('',(#7780),#69,.T.);
#8600=ADVANCED_FACE('',(#7781),#8207,.T.);
#8601=ADVANCED_FACE('',(#7782),#13,.F.);
#8602=ADVANCED_FACE('',(#7783),#70,.F.);
#8603=ADVANCED_FACE('',(#7784),#8208,.T.);
#8604=ADVANCED_FACE('',(#7785),#8209,.T.);
#8605=ADVANCED_FACE('',(#7786),#8210,.T.);
#8606=ADVANCED_FACE('',(#7787),#8211,.T.);
#8607=ADVANCED_FACE('',(#7788),#8212,.T.);
#8608=ADVANCED_FACE('',(#7789),#8213,.T.);
#8609=ADVANCED_FACE('',(#7790),#8214,.T.);
#8610=ADVANCED_FACE('',(#7791),#8215,.T.);
#8611=ADVANCED_FACE('',(#7792),#8216,.T.);
#8612=ADVANCED_FACE('',(#7793),#8217,.T.);
#8613=ADVANCED_FACE('',(#7794),#8218,.T.);
#8614=ADVANCED_FACE('',(#7795),#8219,.T.);
#8615=ADVANCED_FACE('',(#7796),#8220,.T.);
#8616=ADVANCED_FACE('',(#7797),#8221,.T.);
#8617=ADVANCED_FACE('',(#7798),#8222,.T.);
#8618=ADVANCED_FACE('',(#7799),#8223,.T.);
#8619=ADVANCED_FACE('',(#7800),#8224,.T.);
#8620=ADVANCED_FACE('',(#7801),#8225,.T.);
#8621=ADVANCED_FACE('',(#7802,#7803,#7804,#7805),#8226,.F.);
#8622=ADVANCED_FACE('',(#7806),#8227,.T.);
#8623=ADVANCED_FACE('',(#7807),#8228,.T.);
#8624=ADVANCED_FACE('',(#7808),#8229,.T.);
#8625=ADVANCED_FACE('',(#7809,#7810),#71,.F.);
#8626=ADVANCED_FACE('',(#7811,#7812),#119,.F.);
#8627=ADVANCED_FACE('',(#7813,#7814),#72,.F.);
#8628=ADVANCED_FACE('',(#7815,#7816),#120,.F.);
#8629=ADVANCED_FACE('',(#7817),#8230,.F.);
#8630=ADVANCED_FACE('',(#7818),#8231,.F.);
#8631=ADVANCED_FACE('',(#7819),#73,.F.);
#8632=ADVANCED_FACE('',(#7820,#7821,#7822,#7823),#8232,.T.);
#8633=ADVANCED_FACE('',(#7824,#7825),#74,.F.);
#8634=ADVANCED_FACE('',(#7826),#8233,.F.);
#8635=ADVANCED_FACE('',(#7827),#75,.T.);
#8636=ADVANCED_FACE('',(#7828),#76,.T.);
#8637=ADVANCED_FACE('',(#7829),#77,.T.);
#8638=ADVANCED_FACE('',(#7830),#78,.T.);
#8639=ADVANCED_FACE('',(#7831),#79,.T.);
#8640=ADVANCED_FACE('',(#7832),#80,.T.);
#8641=ADVANCED_FACE('',(#7833),#8234,.T.);
#8642=ADVANCED_FACE('',(#7834),#8235,.F.);
#8643=ADVANCED_FACE('',(#7835),#8236,.T.);
#8644=ADVANCED_FACE('',(#7836),#8237,.F.);
#8645=ADVANCED_FACE('',(#7837),#8238,.F.);
#8646=ADVANCED_FACE('',(#7838),#8239,.F.);
#8647=ADVANCED_FACE('',(#7839),#8240,.T.);
#8648=ADVANCED_FACE('',(#7840),#81,.T.);
#8649=ADVANCED_FACE('',(#7841),#8241,.F.);
#8650=ADVANCED_FACE('',(#7842),#82,.F.);
#8651=ADVANCED_FACE('',(#7843),#8242,.T.);
#8652=ADVANCED_FACE('',(#7844),#83,.T.);
#8653=ADVANCED_FACE('',(#7845),#8243,.F.);
#8654=ADVANCED_FACE('',(#7846),#8244,.T.);
#8655=ADVANCED_FACE('',(#7847),#121,.T.);
#8656=ADVANCED_FACE('',(#7848),#8245,.T.);
#8657=ADVANCED_FACE('',(#7849),#8246,.T.);
#8658=ADVANCED_FACE('',(#7850),#84,.T.);
#8659=ADVANCED_FACE('',(#7851),#8247,.T.);
#8660=ADVANCED_FACE('',(#7852),#8248,.F.);
#8661=ADVANCED_FACE('',(#7853),#141,.F.);
#8662=ADVANCED_FACE('',(#7854),#142,.F.);
#8663=ADVANCED_FACE('',(#7855),#143,.F.);
#8664=ADVANCED_FACE('',(#7856),#144,.F.);
#8665=ADVANCED_FACE('',(#7857),#145,.F.);
#8666=ADVANCED_FACE('',(#7858),#146,.F.);
#8667=ADVANCED_FACE('',(#7859),#147,.F.);
#8668=ADVANCED_FACE('',(#7860),#8249,.F.);
#8669=ADVANCED_FACE('',(#7861),#8250,.F.);
#8670=ADVANCED_FACE('',(#7862),#8251,.T.);
#8671=ADVANCED_FACE('',(#7863),#8252,.F.);
#8672=ADVANCED_FACE('',(#7864),#8253,.F.);
#8673=ADVANCED_FACE('',(#7865),#148,.F.);
#8674=ADVANCED_FACE('',(#7866),#149,.F.);
#8675=ADVANCED_FACE('',(#7867),#150,.F.);
#8676=ADVANCED_FACE('',(#7868),#151,.F.);
#8677=ADVANCED_FACE('',(#7869),#85,.F.);
#8678=ADVANCED_FACE('',(#7870),#152,.F.);
#8679=ADVANCED_FACE('',(#7871),#8254,.F.);
#8680=ADVANCED_FACE('',(#7872),#8255,.T.);
#8681=ADVANCED_FACE('',(#7873),#8256,.F.);
#8682=ADVANCED_FACE('',(#7874),#8257,.F.);
#8683=ADVANCED_FACE('',(#7875),#153,.F.);
#8684=ADVANCED_FACE('',(#7876),#154,.F.);
#8685=ADVANCED_FACE('',(#7877),#155,.F.);
#8686=ADVANCED_FACE('',(#7878),#156,.F.);
#8687=ADVANCED_FACE('',(#7879),#157,.F.);
#8688=ADVANCED_FACE('',(#7880),#158,.F.);
#8689=ADVANCED_FACE('',(#7881),#159,.F.);
#8690=ADVANCED_FACE('',(#7882),#8258,.F.);
#8691=ADVANCED_FACE('',(#7883),#8259,.T.);
#8692=ADVANCED_FACE('',(#7884),#160,.F.);
#8693=ADVANCED_FACE('',(#7885),#86,.F.);
#8694=ADVANCED_FACE('',(#7886),#87,.F.);
#8695=ADVANCED_FACE('',(#7887),#88,.F.);
#8696=ADVANCED_FACE('',(#7888),#161,.F.);
#8697=ADVANCED_FACE('',(#7889),#162,.F.);
#8698=ADVANCED_FACE('',(#7890),#163,.F.);
#8699=ADVANCED_FACE('',(#7891),#164,.F.);
#8700=ADVANCED_FACE('',(#7892),#165,.F.);
#8701=ADVANCED_FACE('',(#7893),#8260,.T.);
#8702=ADVANCED_FACE('',(#7894),#166,.F.);
#8703=ADVANCED_FACE('',(#7895),#167,.F.);
#8704=ADVANCED_FACE('',(#7896),#168,.F.);
#8705=ADVANCED_FACE('',(#7897),#169,.F.);
#8706=ADVANCED_FACE('',(#7898),#89,.F.);
#8707=ADVANCED_FACE('',(#7899),#170,.F.);
#8708=ADVANCED_FACE('',(#7900),#171,.F.);
#8709=ADVANCED_FACE('',(#7901),#172,.F.);
#8710=ADVANCED_FACE('',(#7902),#8261,.F.);
#8711=ADVANCED_FACE('',(#7903),#8262,.T.);
#8712=ADVANCED_FACE('',(#7904),#8263,.T.);
#8713=ADVANCED_FACE('',(#7905),#8264,.T.);
#8714=ADVANCED_FACE('',(#7906),#8265,.T.);
#8715=ADVANCED_FACE('',(#7907),#8266,.T.);
#8716=ADVANCED_FACE('',(#7908),#8267,.T.);
#8717=ADVANCED_FACE('',(#7909),#8268,.T.);
#8718=ADVANCED_FACE('',(#7910),#8269,.T.);
#8719=ADVANCED_FACE('',(#7911),#8270,.T.);
#8720=ADVANCED_FACE('',(#7912),#8271,.T.);
#8721=ADVANCED_FACE('',(#7913),#8272,.T.);
#8722=ADVANCED_FACE('',(#7914),#173,.F.);
#8723=ADVANCED_FACE('',(#7915),#8273,.F.);
#8724=ADVANCED_FACE('',(#7916,#7917),#122,.F.);
#8725=ADVANCED_FACE('',(#7918,#7919),#90,.F.);
#8726=ADVANCED_FACE('',(#7920,#7921),#123,.F.);
#8727=ADVANCED_FACE('',(#7922),#8274,.F.);
#8728=ADVANCED_FACE('',(#7923),#174,.F.);
#8729=ADVANCED_FACE('',(#7924),#8275,.F.);
#8730=ADVANCED_FACE('',(#7925),#8276,.T.);
#8731=ADVANCED_FACE('',(#7926),#175,.F.);
#8732=ADVANCED_FACE('',(#7927),#8277,.F.);
#8733=ADVANCED_FACE('',(#7928),#8278,.F.);
#8734=ADVANCED_FACE('',(#7929),#8279,.F.);
#8735=ADVANCED_FACE('',(#7930),#8280,.F.);
#8736=ADVANCED_FACE('',(#7931),#8281,.T.);
#8737=ADVANCED_FACE('',(#7932),#8282,.T.);
#8738=ADVANCED_FACE('',(#7933),#8283,.F.);
#8739=ADVANCED_FACE('',(#7934),#8284,.T.);
#8740=ADVANCED_FACE('',(#7935),#8285,.F.);
#8741=ADVANCED_FACE('',(#7936),#8286,.F.);
#8742=ADVANCED_FACE('',(#7937),#8287,.T.);
#8743=ADVANCED_FACE('',(#7938),#8288,.F.);
#8744=ADVANCED_FACE('',(#7939),#8289,.F.);
#8745=ADVANCED_FACE('',(#7940),#8290,.T.);
#8746=ADVANCED_FACE('',(#7941),#8291,.T.);
#8747=ADVANCED_FACE('',(#7942),#8292,.T.);
#8748=ADVANCED_FACE('',(#7943),#8293,.T.);
#8749=ADVANCED_FACE('',(#7944),#8294,.T.);
#8750=ADVANCED_FACE('',(#7945),#8295,.T.);
#8751=ADVANCED_FACE('',(#7946),#8296,.T.);
#8752=ADVANCED_FACE('',(#7947),#176,.F.);
#8753=ADVANCED_FACE('',(#7948),#124,.T.);
#8754=ADVANCED_FACE('',(#7949),#8297,.T.);
#8755=ADVANCED_FACE('',(#7950),#8298,.T.);
#8756=ADVANCED_FACE('',(#7951),#8299,.F.);
#8757=ADVANCED_FACE('',(#7952),#8300,.F.);
#8758=ADVANCED_FACE('',(#7953,#7954,#7955,#7956),#8301,.T.);
#8759=ADVANCED_FACE('',(#7957),#8302,.F.);
#8760=ADVANCED_FACE('',(#7958,#7959),#8303,.T.);
#8761=ADVANCED_FACE('',(#7960),#91,.F.);
#8762=ADVANCED_FACE('',(#7961),#125,.F.);
#8763=ADVANCED_FACE('',(#7962),#8304,.T.);
#8764=ADVANCED_FACE('',(#7963),#92,.T.);
#8765=ADVANCED_FACE('',(#7964),#8305,.T.);
#8766=ADVANCED_FACE('',(#7965),#93,.F.);
#8767=ADVANCED_FACE('',(#7966),#8306,.T.);
#8768=ADVANCED_FACE('',(#7967),#94,.T.);
#8769=ADVANCED_FACE('',(#7968),#8307,.F.);
#8770=ADVANCED_FACE('',(#7969),#95,.F.);
#8771=ADVANCED_FACE('',(#7970),#8308,.T.);
#8772=ADVANCED_FACE('',(#7971),#96,.T.);
#8773=ADVANCED_FACE('',(#7972),#8309,.F.);
#8774=ADVANCED_FACE('',(#7973),#8310,.T.);
#8775=ADVANCED_FACE('',(#7974),#8311,.F.);
#8776=ADVANCED_FACE('',(#7975),#8312,.F.);
#8777=ADVANCED_FACE('',(#7976),#8313,.T.);
#8778=ADVANCED_FACE('',(#7977,#7978),#126,.F.);
#8779=ADVANCED_FACE('',(#7979),#127,.F.);
#8780=ADVANCED_FACE('',(#7980),#8314,.T.);
#8781=ADVANCED_FACE('',(#7981),#8315,.T.);
#8782=ADVANCED_FACE('',(#7982,#7983),#97,.F.);
#8783=ADVANCED_FACE('',(#7984),#8316,.F.);
#8784=ADVANCED_FACE('',(#7985),#98,.F.);
#8785=ADVANCED_FACE('',(#7986),#8317,.F.);
#8786=ADVANCED_FACE('',(#7987),#128,.F.);
#8787=ADVANCED_FACE('',(#7988),#99,.T.);
#8788=ADVANCED_FACE('',(#7989),#8318,.T.);
#8789=ADVANCED_FACE('',(#7990),#8319,.F.);
#8790=ADVANCED_FACE('',(#7991),#8320,.T.);
#8791=ADVANCED_FACE('',(#7992),#8321,.F.);
#8792=ADVANCED_FACE('',(#7993),#8322,.T.);
#8793=ADVANCED_FACE('',(#7994),#8323,.T.);
#8794=ADVANCED_FACE('',(#7995),#8324,.T.);
#8795=ADVANCED_FACE('',(#7996),#8325,.T.);
#8796=ADVANCED_FACE('',(#7997),#100,.F.);
#8797=ADVANCED_FACE('',(#7998),#8326,.F.);
#8798=ADVANCED_FACE('',(#7999),#101,.T.);
#8799=ADVANCED_FACE('',(#8000),#102,.T.);
#8800=ADVANCED_FACE('',(#8001),#103,.T.);
#8801=ADVANCED_FACE('',(#8002),#8327,.T.);
#8802=ADVANCED_FACE('',(#8003),#129,.T.);
#8803=ADVANCED_FACE('',(#8004),#8328,.T.);
#8804=ADVANCED_FACE('',(#8005),#8329,.T.);
#8805=ADVANCED_FACE('',(#8006),#177,.F.);
#8806=ADVANCED_FACE('',(#8007),#8330,.T.);
#8807=ADVANCED_FACE('',(#8008),#104,.T.);
#8808=ADVANCED_FACE('',(#8009,#8010),#8331,.F.);
#8809=ADVANCED_FACE('',(#8011),#8332,.T.);
#8810=ADVANCED_FACE('',(#8012),#8333,.F.);
#8811=ADVANCED_FACE('',(#8013),#8334,.T.);
#8812=ADVANCED_FACE('',(#8014),#8335,.T.);
#8813=ADVANCED_FACE('',(#8015),#130,.T.);
#8814=ADVANCED_FACE('',(#8016),#8336,.T.);
#8815=ADVANCED_FACE('',(#8017),#8337,.T.);
#8816=ADVANCED_FACE('',(#8018,#8019),#8338,.F.);
#8817=ADVANCED_FACE('',(#8020,#8021),#105,.F.);
#8818=ADVANCED_FACE('',(#8022,#8023),#131,.F.);
#8819=ADVANCED_FACE('',(#8024),#8339,.T.);
#8820=ADVANCED_FACE('',(#8025),#8340,.F.);
#8821=ADVANCED_FACE('',(#8026),#8341,.T.);
#8822=ADVANCED_FACE('',(#8027),#8342,.T.);
#8823=ADVANCED_FACE('',(#8028),#8343,.F.);
#8824=CLOSED_SHELL('',(#8344,#8345,#8346,#8347,#8348,#8349,#8350,#8351,
#8352,#8353,#8354,#8355,#8356,#8357,#8358,#8359,#8360,#8361,#8362,#8363,
#8364,#8365,#8366,#8367,#8368,#8369,#8370,#8371,#8372,#8373,#8374,#8375,
#8376,#8377,#8378,#8379,#8380,#8381,#8382,#8383,#8384,#8385,#8386,#8387,
#8388,#8389,#8390,#8391,#8392,#8393,#8394,#8395,#8396,#8397,#8398,#8399,
#8400,#8401,#8402,#8403,#8404,#8405,#8406,#8407,#8408,#8409,#8410,#8411,
#8412,#8413,#8414,#8415,#8416,#8417,#8418,#8419,#8420,#8421,#8422,#8423,
#8424,#8425,#8426,#8427,#8428,#8429,#8430,#8431,#8432,#8433,#8434,#8435,
#8436,#8437,#8438,#8439,#8440,#8441,#8442,#8443,#8444,#8445,#8446,#8447,
#8448,#8449,#8450,#8451,#8452,#8453,#8454,#8455,#8456,#8457,#8458,#8459,
#8460,#8461,#8462,#8463,#8464,#8465,#8466,#8467,#8468,#8469,#8470,#8471,
#8472,#8473,#8474,#8475,#8476,#8477,#8478,#8479,#8480,#8481,#8482,#8483,
#8484,#8485,#8486,#8487,#8488,#8489,#8490,#8491,#8492,#8493,#8494,#8495,
#8496,#8497,#8498,#8499,#8500,#8501,#8502,#8503,#8504,#8505,#8506,#8507,
#8508,#8509,#8510,#8511,#8512,#8513,#8514,#8515,#8516,#8517,#8518,#8519,
#8520,#8521,#8522,#8523,#8524,#8525,#8526,#8527,#8528,#8529,#8530,#8531,
#8532,#8533,#8534,#8535,#8536,#8537,#8538,#8539,#8540,#8541,#8542,#8543,
#8544,#8545,#8546,#8547,#8548,#8549,#8550,#8551,#8552,#8553,#8554,#8555,
#8556,#8557,#8558,#8559,#8560,#8561,#8562,#8563,#8564,#8565,#8566,#8567,
#8568,#8569,#8570,#8571,#8572,#8573,#8574,#8575,#8576,#8577,#8578,#8579,
#8580,#8581,#8582,#8583,#8584,#8585,#8586,#8587,#8588,#8589,#8590,#8591,
#8592,#8593,#8594,#8595,#8596,#8597,#8598,#8599,#8600,#8601,#8602,#8603,
#8604,#8605,#8606,#8607,#8608,#8609,#8610,#8611,#8612,#8613,#8614,#8615,
#8616,#8617,#8618,#8619,#8620,#8621,#8622,#8623,#8624,#8625,#8626,#8627,
#8628,#8629,#8630,#8631,#8632,#8633,#8634,#8635,#8636,#8637,#8638,#8639,
#8640,#8641,#8642,#8643,#8644,#8645,#8646,#8647,#8648,#8649,#8650,#8651,
#8652,#8653,#8654,#8655,#8656,#8657,#8658,#8659,#8660,#8661,#8662,#8663,
#8664,#8665,#8666,#8667,#8668,#8669,#8670,#8671,#8672,#8673,#8674,#8675,
#8676,#8677,#8678,#8679,#8680,#8681,#8682,#8683,#8684,#8685,#8686,#8687,
#8688,#8689,#8690,#8691,#8692,#8693,#8694,#8695,#8696,#8697,#8698,#8699,
#8700,#8701,#8702,#8703,#8704,#8705,#8706,#8707,#8708,#8709,#8710,#8711,
#8712,#8713,#8714,#8715,#8716,#8717,#8718,#8719,#8720,#8721,#8722,#8723,
#8724,#8725,#8726,#8727,#8728,#8729,#8730,#8731,#8732,#8733,#8734,#8735,
#8736,#8737,#8738,#8739,#8740,#8741,#8742,#8743,#8744,#8745,#8746,#8747,
#8748,#8749,#8750,#8751,#8752,#8753,#8754,#8755,#8756,#8757,#8758,#8759,
#8760,#8761,#8762,#8763,#8764,#8765,#8766,#8767,#8768,#8769,#8770,#8771,
#8772,#8773,#8774,#8775,#8776,#8777,#8778,#8779,#8780,#8781,#8782,#8783,
#8784,#8785,#8786,#8787,#8788,#8789,#8790,#8791,#8792,#8793,#8794,#8795,
#8796,#8797,#8798,#8799,#8800,#8801,#8802,#8803,#8804,#8805,#8806,#8807,
#8808,#8809,#8810,#8811,#8812,#8813,#8814,#8815,#8816,#8817,#8818));
#8825=CLOSED_SHELL('',(#8819,#8820,#8821,#8822,#8823));
#8826=STYLED_ITEM('',(#8827),#8834);
#8827=PRESENTATION_STYLE_ASSIGNMENT((#8828));
#8828=SURFACE_STYLE_USAGE(.BOTH.,#8829);
#8829=SURFACE_SIDE_STYLE('',(#8830));
#8830=SURFACE_STYLE_FILL_AREA(#8831);
#8831=FILL_AREA_STYLE('',(#8832));
#8832=FILL_AREA_STYLE_COLOUR('',#8833);
#8833=COLOUR_RGB('',0.0235294117647059,0.474509803921569,0.756862745098039);
#8834=BREP_WITH_VOIDS('Duct',#8824,(#12));
#8835=SHAPE_DEFINITION_REPRESENTATION(#15808,#8836);
#8836=SHAPE_REPRESENTATION('Duct',(#8837),#15803);
#8837=AXIS2_PLACEMENT_3D('',#11753,#9524,#9525);
#8838=AXIS2_PLACEMENT_3D('',#11754,#9526,#9527);
#8839=AXIS2_PLACEMENT_3D('',#11760,#9530,#9531);
#8840=AXIS2_PLACEMENT_3D('',#11771,#9537,#9538);
#8841=AXIS2_PLACEMENT_3D('',#11772,#9539,#9540);
#8842=AXIS2_PLACEMENT_3D('',#11785,#9544,#9545);
#8843=AXIS2_PLACEMENT_3D('',#11797,#9547,#9548);
#8844=AXIS2_PLACEMENT_3D('',#11815,#9550,#9551);
#8845=AXIS2_PLACEMENT_3D('',#11833,#9553,#9554);
#8846=AXIS2_PLACEMENT_3D('',#11842,#9559,#9560);
#8847=AXIS2_PLACEMENT_3D('',#11860,#9566,#9567);
#8848=AXIS2_PLACEMENT_3D('',#11869,#9572,#9573);
#8849=AXIS2_PLACEMENT_3D('',#11890,#9582,#9583);
#8850=AXIS2_PLACEMENT_3D('',#11894,#9585,#9586);
#8851=AXIS2_PLACEMENT_3D('',#11906,#9592,#9593);
#8852=AXIS2_PLACEMENT_3D('',#11909,#9595,#9596);
#8853=AXIS2_PLACEMENT_3D('',#11910,#9597,#9598);
#8854=AXIS2_PLACEMENT_3D('',#11917,#9601,#9602);
#8855=AXIS2_PLACEMENT_3D('',#11920,#9604,#9605);
#8856=AXIS2_PLACEMENT_3D('',#11921,#9606,#9607);
#8857=AXIS2_PLACEMENT_3D('',#11925,#9609,#9610);
#8858=AXIS2_PLACEMENT_3D('',#11998,#9613,#9614);
#8859=AXIS2_PLACEMENT_3D('',#11999,#9615,#9616);
#8860=AXIS2_PLACEMENT_3D('',#12007,#9619,#9620);
#8861=AXIS2_PLACEMENT_3D('',#12013,#9622,#9623);
#8862=AXIS2_PLACEMENT_3D('',#12015,#9624,#9625);
#8863=AXIS2_PLACEMENT_3D('',#12016,#9626,#9627);
#8864=AXIS2_PLACEMENT_3D('',#12018,#9628,#9629);
#8865=AXIS2_PLACEMENT_3D('',#12019,#9630,#9631);
#8866=AXIS2_PLACEMENT_3D('',#12021,#9632,#9633);
#8867=AXIS2_PLACEMENT_3D('',#12094,#9635,#9636);
#8868=AXIS2_PLACEMENT_3D('',#12096,#9637,#9638);
#8869=AXIS2_PLACEMENT_3D('',#12100,#9641,#9642);
#8870=AXIS2_PLACEMENT_3D('',#12102,#9644,#9645);
#8871=AXIS2_PLACEMENT_3D('',#12103,#9646,#9647);
#8872=AXIS2_PLACEMENT_3D('',#12115,#9654,#9655);
#8873=AXIS2_PLACEMENT_3D('',#12219,#9659,#9660);
#8874=AXIS2_PLACEMENT_3D('',#12223,#9663,#9664);
#8875=AXIS2_PLACEMENT_3D('',#12227,#9667,#9668);
#8876=AXIS2_PLACEMENT_3D('',#12231,#9671,#9672);
#8877=AXIS2_PLACEMENT_3D('',#12244,#9679,#9680);
#8878=AXIS2_PLACEMENT_3D('',#12248,#9683,#9684);
#8879=AXIS2_PLACEMENT_3D('',#12251,#9687,#9688);
#8880=AXIS2_PLACEMENT_3D('',#12260,#9691,#9692);
#8881=AXIS2_PLACEMENT_3D('',#12267,#9694,#9695);
#8882=AXIS2_PLACEMENT_3D('',#12268,#9696,#9697);
#8883=AXIS2_PLACEMENT_3D('',#12271,#9700,#9701);
#8884=AXIS2_PLACEMENT_3D('',#12273,#9703,#9704);
#8885=AXIS2_PLACEMENT_3D('',#12274,#9705,#9706);
#8886=AXIS2_PLACEMENT_3D('',#12280,#9710,#9711);
#8887=AXIS2_PLACEMENT_3D('',#12282,#9713,#9714);
#8888=AXIS2_PLACEMENT_3D('',#12286,#9717,#9718);
#8889=AXIS2_PLACEMENT_3D('',#12287,#9719,#9720);
#8890=AXIS2_PLACEMENT_3D('',#12292,#9723,#9724);
#8891=AXIS2_PLACEMENT_3D('',#12309,#9733,#9734);
#8892=AXIS2_PLACEMENT_3D('',#12310,#9735,#9736);
#8893=AXIS2_PLACEMENT_3D('',#12315,#9739,#9740);
#8894=AXIS2_PLACEMENT_3D('',#12319,#9743,#9744);
#8895=AXIS2_PLACEMENT_3D('',#12320,#9745,#9746);
#8896=AXIS2_PLACEMENT_3D('',#12354,#9749,#9750);
#8897=AXIS2_PLACEMENT_3D('',#12359,#9751,#9752);
#8898=AXIS2_PLACEMENT_3D('',#12360,#9753,#9754);
#8899=AXIS2_PLACEMENT_3D('',#12376,#9755,#9756);
#8900=AXIS2_PLACEMENT_3D('',#12383,#9757,#9758);
#8901=AXIS2_PLACEMENT_3D('',#12387,#9761,#9762);
#8902=AXIS2_PLACEMENT_3D('',#12388,#9763,#9764);
#8903=AXIS2_PLACEMENT_3D('',#12391,#9766,#9767);
#8904=AXIS2_PLACEMENT_3D('',#12392,#9768,#9769);
#8905=AXIS2_PLACEMENT_3D('',#12395,#9771,#9772);
#8906=AXIS2_PLACEMENT_3D('',#12398,#9774,#9775);
#8907=AXIS2_PLACEMENT_3D('',#12399,#9776,#9777);
#8908=AXIS2_PLACEMENT_3D('',#12429,#9793,#9794);
#8909=AXIS2_PLACEMENT_3D('',#12435,#9798,#9799);
#8910=AXIS2_PLACEMENT_3D('',#12436,#9800,#9801);
#8911=AXIS2_PLACEMENT_3D('',#12438,#9802,#9803);
#8912=AXIS2_PLACEMENT_3D('',#12447,#9807,#9808);
#8913=AXIS2_PLACEMENT_3D('',#12449,#9809,#9810);
#8914=AXIS2_PLACEMENT_3D('',#12450,#9811,#9812);
#8915=AXIS2_PLACEMENT_3D('',#12451,#9813,#9814);
#8916=AXIS2_PLACEMENT_3D('',#12456,#9817,#9818);
#8917=AXIS2_PLACEMENT_3D('',#12457,#9819,#9820);
#8918=AXIS2_PLACEMENT_3D('',#12460,#9821,#9822);
#8919=AXIS2_PLACEMENT_3D('',#12461,#9823,#9824);
#8920=AXIS2_PLACEMENT_3D('',#12466,#9825,#9826);
#8921=AXIS2_PLACEMENT_3D('',#12469,#9828,#9829);
#8922=AXIS2_PLACEMENT_3D('',#12470,#9830,#9831);
#8923=AXIS2_PLACEMENT_3D('',#12474,#9833,#9834);
#8924=AXIS2_PLACEMENT_3D('',#12475,#9835,#9836);
#8925=AXIS2_PLACEMENT_3D('',#12476,#9837,#9838);
#8926=AXIS2_PLACEMENT_3D('',#12477,#9839,#9840);
#8927=AXIS2_PLACEMENT_3D('',#12479,#9841,#9842);
#8928=AXIS2_PLACEMENT_3D('',#12486,#9846,#9847);
#8929=AXIS2_PLACEMENT_3D('',#12487,#9848,#9849);
#8930=AXIS2_PLACEMENT_3D('',#12488,#9850,#9851);
#8931=AXIS2_PLACEMENT_3D('',#12489,#9852,#9853);
#8932=AXIS2_PLACEMENT_3D('',#12494,#9856,#9857);
#8933=AXIS2_PLACEMENT_3D('',#12495,#9858,#9859);
#8934=AXIS2_PLACEMENT_3D('',#12497,#9861,#9862);
#8935=AXIS2_PLACEMENT_3D('',#12498,#9863,#9864);
#8936=AXIS2_PLACEMENT_3D('',#12502,#9866,#9867);
#8937=AXIS2_PLACEMENT_3D('',#12503,#9868,#9869);
#8938=AXIS2_PLACEMENT_3D('',#12504,#9870,#9871);
#8939=AXIS2_PLACEMENT_3D('',#12506,#9872,#9873);
#8940=AXIS2_PLACEMENT_3D('',#12507,#9874,#9875);
#8941=AXIS2_PLACEMENT_3D('',#12513,#9878,#9879);
#8942=AXIS2_PLACEMENT_3D('',#12515,#9881,#9882);
#8943=AXIS2_PLACEMENT_3D('',#12517,#9884,#9885);
#8944=AXIS2_PLACEMENT_3D('',#12519,#9887,#9888);
#8945=AXIS2_PLACEMENT_3D('',#12527,#9893,#9894);
#8946=AXIS2_PLACEMENT_3D('',#12529,#9896,#9897);
#8947=AXIS2_PLACEMENT_3D('',#12539,#9904,#9905);
#8948=AXIS2_PLACEMENT_3D('',#12542,#9908,#9909);
#8949=AXIS2_PLACEMENT_3D('',#12543,#9910,#9911);
#8950=AXIS2_PLACEMENT_3D('',#12545,#9912,#9913);
#8951=AXIS2_PLACEMENT_3D('',#12546,#9914,#9915);
#8952=AXIS2_PLACEMENT_3D('',#12547,#9916,#9917);
#8953=AXIS2_PLACEMENT_3D('',#12549,#9919,#9920);
#8954=AXIS2_PLACEMENT_3D('',#12550,#9921,#9922);
#8955=AXIS2_PLACEMENT_3D('',#12551,#9923,#9924);
#8956=AXIS2_PLACEMENT_3D('',#12553,#9925,#9926);
#8957=AXIS2_PLACEMENT_3D('',#12554,#9927,#9928);
#8958=AXIS2_PLACEMENT_3D('',#12555,#9929,#9930);
#8959=AXIS2_PLACEMENT_3D('',#12558,#9932,#9933);
#8960=AXIS2_PLACEMENT_3D('',#12561,#9936,#9937);
#8961=AXIS2_PLACEMENT_3D('',#12573,#9938,#9939);
#8962=AXIS2_PLACEMENT_3D('',#12574,#9940,#9941);
#8963=AXIS2_PLACEMENT_3D('',#12575,#9942,#9943);
#8964=AXIS2_PLACEMENT_3D('',#12581,#9944,#9945);
#8965=AXIS2_PLACEMENT_3D('',#12587,#9949,#9950);
#8966=AXIS2_PLACEMENT_3D('',#12593,#9951,#9952);
#8967=AXIS2_PLACEMENT_3D('',#12594,#9953,#9954);
#8968=AXIS2_PLACEMENT_3D('',#12600,#9958,#9959);
#8969=AXIS2_PLACEMENT_3D('',#12601,#9960,#9961);
#8970=AXIS2_PLACEMENT_3D('',#12602,#9962,#9963);
#8971=AXIS2_PLACEMENT_3D('',#12603,#9964,#9965);
#8972=AXIS2_PLACEMENT_3D('',#12604,#9966,#9967);
#8973=AXIS2_PLACEMENT_3D('',#12605,#9968,#9969);
#8974=AXIS2_PLACEMENT_3D('',#12611,#9970,#9971);
#8975=AXIS2_PLACEMENT_3D('',#12612,#9972,#9973);
#8976=AXIS2_PLACEMENT_3D('',#12613,#9974,#9975);
#8977=AXIS2_PLACEMENT_3D('',#12614,#9976,#9977);
#8978=AXIS2_PLACEMENT_3D('',#12615,#9978,#9979);
#8979=AXIS2_PLACEMENT_3D('',#12617,#9981,#9982);
#8980=AXIS2_PLACEMENT_3D('',#12618,#9983,#9984);
#8981=AXIS2_PLACEMENT_3D('',#12619,#9985,#9986);
#8982=AXIS2_PLACEMENT_3D('',#12627,#9987,#9988);
#8983=AXIS2_PLACEMENT_3D('',#12630,#9990,#9991);
#8984=AXIS2_PLACEMENT_3D('',#12631,#9992,#9993);
#8985=AXIS2_PLACEMENT_3D('',#12632,#9994,#9995);
#8986=AXIS2_PLACEMENT_3D('',#12633,#9996,#9997);
#8987=AXIS2_PLACEMENT_3D('',#12634,#9998,#9999);
#8988=AXIS2_PLACEMENT_3D('',#12636,#10000,#10001);
#8989=AXIS2_PLACEMENT_3D('',#12637,#10002,#10003);
#8990=AXIS2_PLACEMENT_3D('',#12640,#10006,#10007);
#8991=AXIS2_PLACEMENT_3D('',#12664,#10009,#10010);
#8992=AXIS2_PLACEMENT_3D('',#12665,#10011,#10012);
#8993=AXIS2_PLACEMENT_3D('',#12666,#10013,#10014);
#8994=AXIS2_PLACEMENT_3D('',#12671,#10017,#10018);
#8995=AXIS2_PLACEMENT_3D('',#12680,#10024,#10025);
#8996=AXIS2_PLACEMENT_3D('',#12682,#10027,#10028);
#8997=AXIS2_PLACEMENT_3D('',#12684,#10030,#10031);
#8998=AXIS2_PLACEMENT_3D('',#12688,#10034,#10035);
#8999=AXIS2_PLACEMENT_3D('',#12692,#10038,#10039);
#9000=AXIS2_PLACEMENT_3D('',#12693,#10040,#10041);
#9001=AXIS2_PLACEMENT_3D('',#12699,#10042,#10043);
#9002=AXIS2_PLACEMENT_3D('',#12701,#10045,#10046);
#9003=AXIS2_PLACEMENT_3D('',#12702,#10047,#10048);
#9004=AXIS2_PLACEMENT_3D('',#12704,#10049,#10050);
#9005=AXIS2_PLACEMENT_3D('',#12705,#10051,#10052);
#9006=AXIS2_PLACEMENT_3D('',#12707,#10053,#10054);
#9007=AXIS2_PLACEMENT_3D('',#12708,#10055,#10056);
#9008=AXIS2_PLACEMENT_3D('',#12710,#10057,#10058);
#9009=AXIS2_PLACEMENT_3D('',#12711,#10059,#10060);
#9010=AXIS2_PLACEMENT_3D('',#12727,#10068,#10069);
#9011=AXIS2_PLACEMENT_3D('',#12730,#10071,#10072);
#9012=AXIS2_PLACEMENT_3D('',#12747,#10081,#10082);
#9013=AXIS2_PLACEMENT_3D('',#12749,#10083,#10084);
#9014=AXIS2_PLACEMENT_3D('',#12751,#10085,#10086);
#9015=AXIS2_PLACEMENT_3D('',#12790,#10106,#10107);
#9016=AXIS2_PLACEMENT_3D('',#12805,#10115,#10116);
#9017=AXIS2_PLACEMENT_3D('',#12812,#10120,#10121);
#9018=AXIS2_PLACEMENT_3D('',#12816,#10123,#10124);
#9019=AXIS2_PLACEMENT_3D('',#12824,#10128,#10129);
#9020=AXIS2_PLACEMENT_3D('',#12843,#10139,#10140);
#9021=AXIS2_PLACEMENT_3D('',#12845,#10142,#10143);
#9022=AXIS2_PLACEMENT_3D('',#12849,#10145,#10146);
#9023=AXIS2_PLACEMENT_3D('',#12862,#10153,#10154);
#9024=AXIS2_PLACEMENT_3D('',#12868,#10157,#10158);
#9025=AXIS2_PLACEMENT_3D('',#12872,#10160,#10161);
#9026=AXIS2_PLACEMENT_3D('',#12876,#10163,#10164);
#9027=AXIS2_PLACEMENT_3D('',#12877,#10165,#10166);
#9028=AXIS2_PLACEMENT_3D('',#12880,#10169,#10170);
#9029=AXIS2_PLACEMENT_3D('',#12889,#10175,#10176);
#9030=AXIS2_PLACEMENT_3D('',#12895,#10180,#10181);
#9031=AXIS2_PLACEMENT_3D('',#12904,#10186,#10187);
#9032=AXIS2_PLACEMENT_3D('',#12913,#10192,#10193);
#9033=AXIS2_PLACEMENT_3D('',#12919,#10197,#10198);
#9034=AXIS2_PLACEMENT_3D('',#12922,#10201,#10202);
#9035=AXIS2_PLACEMENT_3D('',#12933,#10208,#10209);
#9036=AXIS2_PLACEMENT_3D('',#12939,#10213,#10214);
#9037=AXIS2_PLACEMENT_3D('',#12940,#10215,#10216);
#9038=AXIS2_PLACEMENT_3D('',#12942,#10217,#10218);
#9039=AXIS2_PLACEMENT_3D('',#12944,#10219,#10220);
#9040=AXIS2_PLACEMENT_3D('',#12946,#10221,#10222);
#9041=AXIS2_PLACEMENT_3D('',#12947,#10223,#10224);
#9042=AXIS2_PLACEMENT_3D('',#13022,#10227,#10228);
#9043=AXIS2_PLACEMENT_3D('',#13023,#10229,#10230);
#9044=AXIS2_PLACEMENT_3D('',#13026,#10231,#10232);
#9045=AXIS2_PLACEMENT_3D('',#13028,#10233,#10234);
#9046=AXIS2_PLACEMENT_3D('',#13029,#10235,#10236);
#9047=AXIS2_PLACEMENT_3D('',#13103,#10239,#10240);
#9048=AXIS2_PLACEMENT_3D('',#13105,#10242,#10243);
#9049=AXIS2_PLACEMENT_3D('',#13107,#10245,#10246);
#9050=AXIS2_PLACEMENT_3D('',#13108,#10247,#10248);
#9051=AXIS2_PLACEMENT_3D('',#13111,#10249,#10250);
#9052=AXIS2_PLACEMENT_3D('',#13113,#10251,#10252);
#9053=AXIS2_PLACEMENT_3D('',#13114,#10253,#10254);
#9054=AXIS2_PLACEMENT_3D('',#13117,#10257,#10258);
#9055=AXIS2_PLACEMENT_3D('',#13120,#10261,#10262);
#9056=AXIS2_PLACEMENT_3D('',#13123,#10265,#10266);
#9057=AXIS2_PLACEMENT_3D('',#13126,#10269,#10270);
#9058=AXIS2_PLACEMENT_3D('',#13130,#10273,#10274);
#9059=AXIS2_PLACEMENT_3D('',#13131,#10275,#10276);
#9060=AXIS2_PLACEMENT_3D('',#13132,#10277,#10278);
#9061=AXIS2_PLACEMENT_3D('',#13135,#10279,#10280);
#9062=AXIS2_PLACEMENT_3D('',#13137,#10281,#10282);
#9063=AXIS2_PLACEMENT_3D('',#13138,#10283,#10284);
#9064=AXIS2_PLACEMENT_3D('',#13139,#10285,#10286);
#9065=AXIS2_PLACEMENT_3D('',#13146,#10290,#10291);
#9066=AXIS2_PLACEMENT_3D('',#13147,#10292,#10293);
#9067=AXIS2_PLACEMENT_3D('',#13150,#10294,#10295);
#9068=AXIS2_PLACEMENT_3D('',#13152,#10296,#10297);
#9069=AXIS2_PLACEMENT_3D('',#13153,#10298,#10299);
#9070=AXIS2_PLACEMENT_3D('',#13156,#10302,#10303);
#9071=AXIS2_PLACEMENT_3D('',#13157,#10304,#10305);
#9072=AXIS2_PLACEMENT_3D('',#13210,#10308,#10309);
#9073=AXIS2_PLACEMENT_3D('',#13236,#10310,#10311);
#9074=AXIS2_PLACEMENT_3D('',#13241,#10314,#10315);
#9075=AXIS2_PLACEMENT_3D('',#13242,#10316,#10317);
#9076=AXIS2_PLACEMENT_3D('',#13293,#10320,#10321);
#9077=AXIS2_PLACEMENT_3D('',#13319,#10322,#10323);
#9078=AXIS2_PLACEMENT_3D('',#13322,#10326,#10327);
#9079=AXIS2_PLACEMENT_3D('',#13325,#10330,#10331);
#9080=AXIS2_PLACEMENT_3D('',#13326,#10332,#10333);
#9081=AXIS2_PLACEMENT_3D('',#13331,#10336,#10337);
#9082=AXIS2_PLACEMENT_3D('',#13332,#10338,#10339);
#9083=AXIS2_PLACEMENT_3D('',#13333,#10340,#10341);
#9084=AXIS2_PLACEMENT_3D('',#13334,#10342,#10343);
#9085=AXIS2_PLACEMENT_3D('',#13336,#10345,#10346);
#9086=AXIS2_PLACEMENT_3D('',#13338,#10348,#10349);
#9087=AXIS2_PLACEMENT_3D('',#13339,#10350,#10351);
#9088=AXIS2_PLACEMENT_3D('',#13340,#10352,#10353);
#9089=AXIS2_PLACEMENT_3D('',#13341,#10354,#10355);
#9090=AXIS2_PLACEMENT_3D('',#13343,#10357,#10358);
#9091=AXIS2_PLACEMENT_3D('',#13344,#10359,#10360);
#9092=AXIS2_PLACEMENT_3D('',#13351,#10364,#10365);
#9093=AXIS2_PLACEMENT_3D('',#13352,#10366,#10367);
#9094=AXIS2_PLACEMENT_3D('',#13359,#10371,#10372);
#9095=AXIS2_PLACEMENT_3D('',#13367,#10378,#10379);
#9096=AXIS2_PLACEMENT_3D('',#13368,#10380,#10381);
#9097=AXIS2_PLACEMENT_3D('',#13370,#10382,#10383);
#9098=AXIS2_PLACEMENT_3D('',#13374,#10385,#10386);
#9099=AXIS2_PLACEMENT_3D('',#13378,#10388,#10389);
#9100=AXIS2_PLACEMENT_3D('',#13382,#10391,#10392);
#9101=AXIS2_PLACEMENT_3D('',#13386,#10394,#10395);
#9102=AXIS2_PLACEMENT_3D('',#13387,#10396,#10397);
#9103=AXIS2_PLACEMENT_3D('',#13388,#10398,#10399);
#9104=AXIS2_PLACEMENT_3D('',#13390,#10400,#10401);
#9105=AXIS2_PLACEMENT_3D('',#13394,#10403,#10404);
#9106=AXIS2_PLACEMENT_3D('',#13398,#10406,#10407);
#9107=AXIS2_PLACEMENT_3D('',#13402,#10409,#10410);
#9108=AXIS2_PLACEMENT_3D('',#13406,#10412,#10413);
#9109=AXIS2_PLACEMENT_3D('',#13407,#10414,#10415);
#9110=AXIS2_PLACEMENT_3D('',#13428,#10416,#10417);
#9111=AXIS2_PLACEMENT_3D('',#13429,#10418,#10419);
#9112=AXIS2_PLACEMENT_3D('',#13431,#10420,#10421);
#9113=AXIS2_PLACEMENT_3D('',#13432,#10422,#10423);
#9114=AXIS2_PLACEMENT_3D('',#13441,#10428,#10429);
#9115=AXIS2_PLACEMENT_3D('',#13442,#10430,#10431);
#9116=AXIS2_PLACEMENT_3D('',#13446,#10433,#10434);
#9117=AXIS2_PLACEMENT_3D('',#13452,#10435,#10436);
#9118=AXIS2_PLACEMENT_3D('',#13456,#10439,#10440);
#9119=AXIS2_PLACEMENT_3D('',#13465,#10445,#10446);
#9120=AXIS2_PLACEMENT_3D('',#13466,#10447,#10448);
#9121=AXIS2_PLACEMENT_3D('',#13467,#10449,#10450);
#9122=AXIS2_PLACEMENT_3D('',#13472,#10453,#10454);
#9123=AXIS2_PLACEMENT_3D('',#13478,#10455,#10456);
#9124=AXIS2_PLACEMENT_3D('',#13481,#10458,#10459);
#9125=AXIS2_PLACEMENT_3D('',#13483,#10461,#10462);
#9126=AXIS2_PLACEMENT_3D('',#13525,#10467,#10468);
#9127=AXIS2_PLACEMENT_3D('',#13601,#10474,#10475);
#9128=AXIS2_PLACEMENT_3D('',#13603,#10476,#10477);
#9129=AXIS2_PLACEMENT_3D('',#13605,#10478,#10479);
#9130=AXIS2_PLACEMENT_3D('',#13623,#10480,#10481);
#9131=AXIS2_PLACEMENT_3D('',#13641,#10483,#10484);
#9132=AXIS2_PLACEMENT_3D('',#13645,#10487,#10488);
#9133=AXIS2_PLACEMENT_3D('',#13651,#10492,#10493);
#9134=AXIS2_PLACEMENT_3D('',#13657,#10497,#10498);
#9135=AXIS2_PLACEMENT_3D('',#13663,#10502,#10503);
#9136=AXIS2_PLACEMENT_3D('',#13671,#10508,#10509);
#9137=AXIS2_PLACEMENT_3D('',#13677,#10513,#10514);
#9138=AXIS2_PLACEMENT_3D('',#13679,#10516,#10517);
#9139=AXIS2_PLACEMENT_3D('',#13685,#10521,#10522);
#9140=AXIS2_PLACEMENT_3D('',#13687,#10524,#10525);
#9141=AXIS2_PLACEMENT_3D('',#13696,#10530,#10531);
#9142=AXIS2_PLACEMENT_3D('',#13706,#10537,#10538);
#9143=AXIS2_PLACEMENT_3D('',#13734,#10553,#10554);
#9144=AXIS2_PLACEMENT_3D('',#13740,#10558,#10559);
#9145=AXIS2_PLACEMENT_3D('',#13741,#10560,#10561);
#9146=AXIS2_PLACEMENT_3D('',#13747,#10564,#10565);
#9147=AXIS2_PLACEMENT_3D('',#13748,#10566,#10567);
#9148=AXIS2_PLACEMENT_3D('',#13753,#10570,#10571);
#9149=AXIS2_PLACEMENT_3D('',#13754,#10572,#10573);
#9150=AXIS2_PLACEMENT_3D('',#13759,#10576,#10577);
#9151=AXIS2_PLACEMENT_3D('',#13760,#10578,#10579);
#9152=AXIS2_PLACEMENT_3D('',#13764,#10582,#10583);
#9153=AXIS2_PLACEMENT_3D('',#13770,#10587,#10588);
#9154=AXIS2_PLACEMENT_3D('',#13776,#10592,#10593);
#9155=AXIS2_PLACEMENT_3D('',#13778,#10595,#10596);
#9156=AXIS2_PLACEMENT_3D('',#13781,#10599,#10600);
#9157=AXIS2_PLACEMENT_3D('',#13785,#10604,#10605);
#9158=AXIS2_PLACEMENT_3D('',#13786,#10606,#10607);
#9159=AXIS2_PLACEMENT_3D('',#13787,#10608,#10609);
#9160=AXIS2_PLACEMENT_3D('',#13788,#10610,#10611);
#9161=AXIS2_PLACEMENT_3D('',#13789,#10612,#10613);
#9162=AXIS2_PLACEMENT_3D('',#13795,#10616,#10617);
#9163=AXIS2_PLACEMENT_3D('',#13796,#10618,#10619);
#9164=AXIS2_PLACEMENT_3D('',#13801,#10622,#10623);
#9165=AXIS2_PLACEMENT_3D('',#13802,#10624,#10625);
#9166=AXIS2_PLACEMENT_3D('',#13807,#10628,#10629);
#9167=AXIS2_PLACEMENT_3D('',#13808,#10630,#10631);
#9168=AXIS2_PLACEMENT_3D('',#13812,#10634,#10635);
#9169=AXIS2_PLACEMENT_3D('',#13818,#10639,#10640);
#9170=AXIS2_PLACEMENT_3D('',#13824,#10644,#10645);
#9171=AXIS2_PLACEMENT_3D('',#13826,#10647,#10648);
#9172=AXIS2_PLACEMENT_3D('',#13829,#10651,#10652);
#9173=AXIS2_PLACEMENT_3D('',#13831,#10654,#10655);
#9174=AXIS2_PLACEMENT_3D('',#13834,#10658,#10659);
#9175=AXIS2_PLACEMENT_3D('',#13835,#10660,#10661);
#9176=AXIS2_PLACEMENT_3D('',#13836,#10662,#10663);
#9177=AXIS2_PLACEMENT_3D('',#13837,#10664,#10665);
#9178=AXIS2_PLACEMENT_3D('',#13839,#10666,#10667);
#9179=AXIS2_PLACEMENT_3D('',#13843,#10670,#10671);
#9180=AXIS2_PLACEMENT_3D('',#13846,#10674,#10675);
#9181=AXIS2_PLACEMENT_3D('',#13848,#10677,#10678);
#9182=AXIS2_PLACEMENT_3D('',#13854,#10682,#10683);
#9183=AXIS2_PLACEMENT_3D('',#13860,#10687,#10688);
#9184=AXIS2_PLACEMENT_3D('',#13864,#10691,#10692);
#9185=AXIS2_PLACEMENT_3D('',#13868,#10695,#10696);
#9186=AXIS2_PLACEMENT_3D('',#13872,#10699,#10700);
#9187=AXIS2_PLACEMENT_3D('',#13874,#10702,#10703);
#9188=AXIS2_PLACEMENT_3D('',#13876,#10705,#10706);
#9189=AXIS2_PLACEMENT_3D('',#13885,#10711,#10712);
#9190=AXIS2_PLACEMENT_3D('',#13891,#10716,#10717);
#9191=AXIS2_PLACEMENT_3D('',#13894,#10720,#10721);
#9192=AXIS2_PLACEMENT_3D('',#13896,#10723,#10724);
#9193=AXIS2_PLACEMENT_3D('',#13901,#10728,#10729);
#9194=AXIS2_PLACEMENT_3D('',#13906,#10733,#10734);
#9195=AXIS2_PLACEMENT_3D('',#13910,#10737,#10738);
#9196=AXIS2_PLACEMENT_3D('',#13919,#10743,#10744);
#9197=AXIS2_PLACEMENT_3D('',#13920,#10745,#10746);
#9198=AXIS2_PLACEMENT_3D('',#13921,#10747,#10748);
#9199=AXIS2_PLACEMENT_3D('',#13922,#10749,#10750);
#9200=AXIS2_PLACEMENT_3D('',#13928,#10754,#10755);
#9201=AXIS2_PLACEMENT_3D('',#13932,#10757,#10758);
#9202=AXIS2_PLACEMENT_3D('',#13936,#10760,#10761);
#9203=AXIS2_PLACEMENT_3D('',#13937,#10762,#10763);
#9204=AXIS2_PLACEMENT_3D('',#13944,#10768,#10769);
#9205=AXIS2_PLACEMENT_3D('',#13945,#10770,#10771);
#9206=AXIS2_PLACEMENT_3D('',#13956,#10777,#10778);
#9207=AXIS2_PLACEMENT_3D('',#13959,#10780,#10781);
#9208=AXIS2_PLACEMENT_3D('',#13961,#10783,#10784);
#9209=AXIS2_PLACEMENT_3D('',#13963,#10786,#10787);
#9210=AXIS2_PLACEMENT_3D('',#13967,#10791,#10792);
#9211=AXIS2_PLACEMENT_3D('',#13969,#10794,#10795);
#9212=AXIS2_PLACEMENT_3D('',#13970,#10796,#10797);
#9213=AXIS2_PLACEMENT_3D('',#13972,#10798,#10799);
#9214=AXIS2_PLACEMENT_3D('',#13973,#10800,#10801);
#9215=AXIS2_PLACEMENT_3D('',#13975,#10802,#10803);
#9216=AXIS2_PLACEMENT_3D('',#13976,#10804,#10805);
#9217=AXIS2_PLACEMENT_3D('',#13978,#10806,#10807);
#9218=AXIS2_PLACEMENT_3D('',#13979,#10808,#10809);
#9219=AXIS2_PLACEMENT_3D('',#13981,#10810,#10811);
#9220=AXIS2_PLACEMENT_3D('',#13996,#10821,#10822);
#9221=AXIS2_PLACEMENT_3D('',#13997,#10823,#10824);
#9222=AXIS2_PLACEMENT_3D('',#14002,#10827,#10828);
#9223=AXIS2_PLACEMENT_3D('',#14008,#10832,#10833);
#9224=AXIS2_PLACEMENT_3D('',#14009,#10834,#10835);
#9225=AXIS2_PLACEMENT_3D('',#14011,#10836,#10837);
#9226=AXIS2_PLACEMENT_3D('',#14014,#10839,#10840);
#9227=AXIS2_PLACEMENT_3D('',#14015,#10841,#10842);
#9228=AXIS2_PLACEMENT_3D('',#14021,#10845,#10846);
#9229=AXIS2_PLACEMENT_3D('',#14024,#10848,#10849);
#9230=AXIS2_PLACEMENT_3D('',#14028,#10852,#10853);
#9231=AXIS2_PLACEMENT_3D('',#14029,#10854,#10855);
#9232=AXIS2_PLACEMENT_3D('',#14032,#10856,#10857);
#9233=AXIS2_PLACEMENT_3D('',#14034,#10859,#10860);
#9234=AXIS2_PLACEMENT_3D('',#14042,#10862,#10863);
#9235=AXIS2_PLACEMENT_3D('',#14046,#10866,#10867);
#9236=AXIS2_PLACEMENT_3D('',#14047,#10868,#10869);
#9237=AXIS2_PLACEMENT_3D('',#14049,#10870,#10871);
#9238=AXIS2_PLACEMENT_3D('',#14050,#10872,#10873);
#9239=AXIS2_PLACEMENT_3D('',#14051,#10874,#10875);
#9240=AXIS2_PLACEMENT_3D('',#14053,#10876,#10877);
#9241=AXIS2_PLACEMENT_3D('',#14054,#10878,#10879);
#9242=AXIS2_PLACEMENT_3D('',#14056,#10881,#10882);
#9243=AXIS2_PLACEMENT_3D('',#14060,#10885,#10886);
#9244=AXIS2_PLACEMENT_3D('',#14068,#10888,#10889);
#9245=AXIS2_PLACEMENT_3D('',#14069,#10890,#10891);
#9246=AXIS2_PLACEMENT_3D('',#14070,#10892,#10893);
#9247=AXIS2_PLACEMENT_3D('',#14071,#10894,#10895);
#9248=AXIS2_PLACEMENT_3D('',#14073,#10896,#10897);
#9249=AXIS2_PLACEMENT_3D('',#14074,#10898,#10899);
#9250=AXIS2_PLACEMENT_3D('',#14076,#10901,#10902);
#9251=AXIS2_PLACEMENT_3D('',#14080,#10905,#10906);
#9252=AXIS2_PLACEMENT_3D('',#14082,#10908,#10909);
#9253=AXIS2_PLACEMENT_3D('',#14085,#10912,#10913);
#9254=AXIS2_PLACEMENT_3D('',#14087,#10915,#10916);
#9255=AXIS2_PLACEMENT_3D('',#14089,#10918,#10919);
#9256=AXIS2_PLACEMENT_3D('',#14090,#10920,#10921);
#9257=AXIS2_PLACEMENT_3D('',#14094,#10924,#10925);
#9258=AXIS2_PLACEMENT_3D('',#14096,#10927,#10928);
#9259=AXIS2_PLACEMENT_3D('',#14099,#10931,#10932);
#9260=AXIS2_PLACEMENT_3D('',#14101,#10934,#10935);
#9261=AXIS2_PLACEMENT_3D('',#14103,#10937,#10938);
#9262=AXIS2_PLACEMENT_3D('',#14104,#10939,#10940);
#9263=AXIS2_PLACEMENT_3D('',#14108,#10943,#10944);
#9264=AXIS2_PLACEMENT_3D('',#14110,#10946,#10947);
#9265=AXIS2_PLACEMENT_3D('',#14113,#10950,#10951);
#9266=AXIS2_PLACEMENT_3D('',#14115,#10953,#10954);
#9267=AXIS2_PLACEMENT_3D('',#14117,#10956,#10957);
#9268=AXIS2_PLACEMENT_3D('',#14118,#10958,#10959);
#9269=AXIS2_PLACEMENT_3D('',#14120,#10961,#10962);
#9270=AXIS2_PLACEMENT_3D('',#14121,#10963,#10964);
#9271=AXIS2_PLACEMENT_3D('',#14122,#10965,#10966);
#9272=AXIS2_PLACEMENT_3D('',#14124,#10967,#10968);
#9273=AXIS2_PLACEMENT_3D('',#14125,#10969,#10970);
#9274=AXIS2_PLACEMENT_3D('',#14127,#10971,#10972);
#9275=AXIS2_PLACEMENT_3D('',#14128,#10973,#10974);
#9276=AXIS2_PLACEMENT_3D('',#14130,#10975,#10976);
#9277=AXIS2_PLACEMENT_3D('',#14131,#10977,#10978);
#9278=AXIS2_PLACEMENT_3D('',#14133,#10979,#10980);
#9279=AXIS2_PLACEMENT_3D('',#14134,#10981,#10982);
#9280=AXIS2_PLACEMENT_3D('',#14136,#10983,#10984);
#9281=AXIS2_PLACEMENT_3D('',#14137,#10985,#10986);
#9282=AXIS2_PLACEMENT_3D('',#14139,#10987,#10988);
#9283=AXIS2_PLACEMENT_3D('',#14146,#10992,#10993);
#9284=AXIS2_PLACEMENT_3D('',#14154,#10995,#10996);
#9285=AXIS2_PLACEMENT_3D('',#14158,#10998,#10999);
#9286=AXIS2_PLACEMENT_3D('',#14161,#11001,#11002);
#9287=AXIS2_PLACEMENT_3D('',#14178,#11003,#11004);
#9288=AXIS2_PLACEMENT_3D('',#14203,#11005,#11006);
#9289=AXIS2_PLACEMENT_3D('',#14214,#11009,#11010);
#9290=AXIS2_PLACEMENT_3D('',#14217,#11012,#11013);
#9291=AXIS2_PLACEMENT_3D('',#14218,#11014,#11015);
#9292=AXIS2_PLACEMENT_3D('',#14223,#11016,#11017);
#9293=AXIS2_PLACEMENT_3D('',#14227,#11020,#11021);
#9294=AXIS2_PLACEMENT_3D('',#14237,#11022,#11023);
#9295=AXIS2_PLACEMENT_3D('',#14238,#11024,#11025);
#9296=AXIS2_PLACEMENT_3D('',#14239,#11026,#11027);
#9297=AXIS2_PLACEMENT_3D('',#14250,#11028,#11029);
#9298=AXIS2_PLACEMENT_3D('',#14260,#11030,#11031);
#9299=AXIS2_PLACEMENT_3D('',#14261,#11032,#11033);
#9300=AXIS2_PLACEMENT_3D('',#14270,#11034,#11035);
#9301=AXIS2_PLACEMENT_3D('',#14271,#11036,#11037);
#9302=AXIS2_PLACEMENT_3D('',#14277,#11041,#11042);
#9303=AXIS2_PLACEMENT_3D('',#14279,#11044,#11045);
#9304=AXIS2_PLACEMENT_3D('',#14280,#11046,#11047);
#9305=AXIS2_PLACEMENT_3D('',#14290,#11053,#11054);
#9306=AXIS2_PLACEMENT_3D('',#14296,#11058,#11059);
#9307=AXIS2_PLACEMENT_3D('',#14298,#11061,#11062);
#9308=AXIS2_PLACEMENT_3D('',#14300,#11064,#11065);
#9309=AXIS2_PLACEMENT_3D('',#14304,#11068,#11069);
#9310=AXIS2_PLACEMENT_3D('',#14308,#11072,#11073);
#9311=AXIS2_PLACEMENT_3D('',#14312,#11076,#11077);
#9312=AXIS2_PLACEMENT_3D('',#14313,#11078,#11079);
#9313=AXIS2_PLACEMENT_3D('',#14314,#11080,#11081);
#9314=AXIS2_PLACEMENT_3D('',#14318,#11084,#11085);
#9315=AXIS2_PLACEMENT_3D('',#14319,#11086,#11087);
#9316=AXIS2_PLACEMENT_3D('',#14320,#11088,#11089);
#9317=AXIS2_PLACEMENT_3D('',#14322,#11091,#11092);
#9318=AXIS2_PLACEMENT_3D('',#14324,#11094,#11095);
#9319=AXIS2_PLACEMENT_3D('',#14325,#11096,#11097);
#9320=AXIS2_PLACEMENT_3D('',#14326,#11098,#11099);
#9321=AXIS2_PLACEMENT_3D('',#14329,#11101,#11102);
#9322=AXIS2_PLACEMENT_3D('',#14331,#11104,#11105);
#9323=AXIS2_PLACEMENT_3D('',#14332,#11106,#11107);
#9324=AXIS2_PLACEMENT_3D('',#14367,#11111,#11112);
#9325=AXIS2_PLACEMENT_3D('',#14433,#11122,#11123);
#9326=AXIS2_PLACEMENT_3D('',#14435,#11125,#11126);
#9327=AXIS2_PLACEMENT_3D('',#14436,#11127,#11128);
#9328=AXIS2_PLACEMENT_3D('',#14458,#11131,#11132);
#9329=AXIS2_PLACEMENT_3D('',#14465,#11134,#11135);
#9330=AXIS2_PLACEMENT_3D('',#14468,#11138,#11139);
#9331=AXIS2_PLACEMENT_3D('',#14506,#11145,#11146);
#9332=AXIS2_PLACEMENT_3D('',#14520,#11148,#11149);
#9333=AXIS2_PLACEMENT_3D('',#14521,#11150,#11151);
#9334=AXIS2_PLACEMENT_3D('',#14556,#11155,#11156);
#9335=AXIS2_PLACEMENT_3D('',#14559,#11159,#11160);
#9336=AXIS2_PLACEMENT_3D('',#14624,#11169,#11170);
#9337=AXIS2_PLACEMENT_3D('',#14625,#11171,#11172);
#9338=AXIS2_PLACEMENT_3D('',#14631,#11173,#11174);
#9339=AXIS2_PLACEMENT_3D('',#14633,#11175,#11176);
#9340=AXIS2_PLACEMENT_3D('',#14635,#11177,#11178);
#9341=AXIS2_PLACEMENT_3D('',#14669,#11180,#11181);
#9342=AXIS2_PLACEMENT_3D('',#14674,#11182,#11183);
#9343=AXIS2_PLACEMENT_3D('',#14679,#11184,#11185);
#9344=AXIS2_PLACEMENT_3D('',#14728,#11190,#11191);
#9345=AXIS2_PLACEMENT_3D('',#14746,#11192,#11193);
#9346=AXIS2_PLACEMENT_3D('',#14799,#11198,#11199);
#9347=AXIS2_PLACEMENT_3D('',#14830,#11202,#11203);
#9348=AXIS2_PLACEMENT_3D('',#14832,#11205,#11206);
#9349=AXIS2_PLACEMENT_3D('',#14833,#11207,#11208);
#9350=AXIS2_PLACEMENT_3D('',#14834,#11209,#11210);
#9351=AXIS2_PLACEMENT_3D('',#14847,#11214,#11215);
#9352=AXIS2_PLACEMENT_3D('',#14859,#11217,#11218);
#9353=AXIS2_PLACEMENT_3D('',#14877,#11220,#11221);
#9354=AXIS2_PLACEMENT_3D('',#14895,#11223,#11224);
#9355=AXIS2_PLACEMENT_3D('',#14904,#11229,#11230);
#9356=AXIS2_PLACEMENT_3D('',#14922,#11236,#11237);
#9357=AXIS2_PLACEMENT_3D('',#14931,#11242,#11243);
#9358=AXIS2_PLACEMENT_3D('',#14936,#11246,#11247);
#9359=AXIS2_PLACEMENT_3D('',#14948,#11253,#11254);
#9360=AXIS2_PLACEMENT_3D('',#14952,#11256,#11257);
#9361=AXIS2_PLACEMENT_3D('',#14971,#11265,#11266);
#9362=AXIS2_PLACEMENT_3D('',#14972,#11267,#11268);
#9363=AXIS2_PLACEMENT_3D('',#14977,#11270,#11271);
#9364=AXIS2_PLACEMENT_3D('',#14982,#11274,#11275);
#9365=AXIS2_PLACEMENT_3D('',#14983,#11276,#11277);
#9366=AXIS2_PLACEMENT_3D('',#14986,#11278,#11279);
#9367=AXIS2_PLACEMENT_3D('',#15059,#11282,#11283);
#9368=AXIS2_PLACEMENT_3D('',#15061,#11285,#11286);
#9369=AXIS2_PLACEMENT_3D('',#15069,#11289,#11290);
#9370=AXIS2_PLACEMENT_3D('',#15075,#11292,#11293);
#9371=AXIS2_PLACEMENT_3D('',#15077,#11294,#11295);
#9372=AXIS2_PLACEMENT_3D('',#15078,#11296,#11297);
#9373=AXIS2_PLACEMENT_3D('',#15080,#11298,#11299);
#9374=AXIS2_PLACEMENT_3D('',#15081,#11300,#11301);
#9375=AXIS2_PLACEMENT_3D('',#15083,#11302,#11303);
#9376=AXIS2_PLACEMENT_3D('',#15157,#11306,#11307);
#9377=AXIS2_PLACEMENT_3D('',#15159,#11308,#11309);
#9378=AXIS2_PLACEMENT_3D('',#15162,#11311,#11312);
#9379=AXIS2_PLACEMENT_3D('',#15164,#11314,#11315);
#9380=AXIS2_PLACEMENT_3D('',#15165,#11316,#11317);
#9381=AXIS2_PLACEMENT_3D('',#15167,#11318,#11319);
#9382=AXIS2_PLACEMENT_3D('',#15281,#11329,#11330);
#9383=AXIS2_PLACEMENT_3D('',#15285,#11333,#11334);
#9384=AXIS2_PLACEMENT_3D('',#15289,#11337,#11338);
#9385=AXIS2_PLACEMENT_3D('',#15293,#11341,#11342);
#9386=AXIS2_PLACEMENT_3D('',#15306,#11349,#11350);
#9387=AXIS2_PLACEMENT_3D('',#15310,#11353,#11354);
#9388=AXIS2_PLACEMENT_3D('',#15313,#11357,#11358);
#9389=AXIS2_PLACEMENT_3D('',#15322,#11361,#11362);
#9390=AXIS2_PLACEMENT_3D('',#15329,#11364,#11365);
#9391=AXIS2_PLACEMENT_3D('',#15330,#11366,#11367);
#9392=AXIS2_PLACEMENT_3D('',#15333,#11370,#11371);
#9393=AXIS2_PLACEMENT_3D('',#15335,#11373,#11374);
#9394=AXIS2_PLACEMENT_3D('',#15336,#11375,#11376);
#9395=AXIS2_PLACEMENT_3D('',#15342,#11380,#11381);
#9396=AXIS2_PLACEMENT_3D('',#15344,#11383,#11384);
#9397=AXIS2_PLACEMENT_3D('',#15348,#11387,#11388);
#9398=AXIS2_PLACEMENT_3D('',#15349,#11389,#11390);
#9399=AXIS2_PLACEMENT_3D('',#15354,#11393,#11394);
#9400=AXIS2_PLACEMENT_3D('',#15371,#11403,#11404);
#9401=AXIS2_PLACEMENT_3D('',#15372,#11405,#11406);
#9402=AXIS2_PLACEMENT_3D('',#15377,#11409,#11410);
#9403=AXIS2_PLACEMENT_3D('',#15381,#11413,#11414);
#9404=AXIS2_PLACEMENT_3D('',#15382,#11415,#11416);
#9405=AXIS2_PLACEMENT_3D('',#15416,#11419,#11420);
#9406=AXIS2_PLACEMENT_3D('',#15423,#11421,#11422);
#9407=AXIS2_PLACEMENT_3D('',#15439,#11423,#11424);
#9408=AXIS2_PLACEMENT_3D('',#15443,#11426,#11427);
#9409=AXIS2_PLACEMENT_3D('',#15448,#11428,#11429);
#9410=AXIS2_PLACEMENT_3D('',#15452,#11432,#11433);
#9411=AXIS2_PLACEMENT_3D('',#15453,#11434,#11435);
#9412=AXIS2_PLACEMENT_3D('',#15456,#11437,#11438);
#9413=AXIS2_PLACEMENT_3D('',#15457,#11439,#11440);
#9414=AXIS2_PLACEMENT_3D('',#15460,#11442,#11443);
#9415=AXIS2_PLACEMENT_3D('',#15464,#11445,#11446);
#9416=AXIS2_PLACEMENT_3D('',#15467,#11448,#11449);
#9417=AXIS2_PLACEMENT_3D('',#15498,#11466,#11467);
#9418=AXIS2_PLACEMENT_3D('',#15504,#11471,#11472);
#9419=AXIS2_PLACEMENT_3D('',#15505,#11473,#11474);
#9420=AXIS2_PLACEMENT_3D('',#15507,#11475,#11476);
#9421=AXIS2_PLACEMENT_3D('',#15510,#11477,#11478);
#9422=AXIS2_PLACEMENT_3D('',#15512,#11479,#11480);
#9423=AXIS2_PLACEMENT_3D('',#15519,#11484,#11485);
#9424=AXIS2_PLACEMENT_3D('',#15520,#11486,#11487);
#9425=AXIS2_PLACEMENT_3D('',#15525,#11490,#11491);
#9426=AXIS2_PLACEMENT_3D('',#15526,#11492,#11493);
#9427=AXIS2_PLACEMENT_3D('',#15533,#11494,#11495);
#9428=AXIS2_PLACEMENT_3D('',#15534,#11496,#11497);
#9429=AXIS2_PLACEMENT_3D('',#15535,#11498,#11499);
#9430=AXIS2_PLACEMENT_3D('',#15538,#11501,#11502);
#9431=AXIS2_PLACEMENT_3D('',#15539,#11503,#11504);
#9432=AXIS2_PLACEMENT_3D('',#15543,#11506,#11507);
#9433=AXIS2_PLACEMENT_3D('',#15544,#11508,#11509);
#9434=AXIS2_PLACEMENT_3D('',#15545,#11510,#11511);
#9435=AXIS2_PLACEMENT_3D('',#15546,#11512,#11513);
#9436=AXIS2_PLACEMENT_3D('',#15554,#11517,#11518);
#9437=AXIS2_PLACEMENT_3D('',#15555,#11519,#11520);
#9438=AXIS2_PLACEMENT_3D('',#15556,#11521,#11522);
#9439=AXIS2_PLACEMENT_3D('',#15557,#11523,#11524);
#9440=AXIS2_PLACEMENT_3D('',#15558,#11525,#11526);
#9441=AXIS2_PLACEMENT_3D('',#15559,#11527,#11528);
#9442=AXIS2_PLACEMENT_3D('',#15564,#11531,#11532);
#9443=AXIS2_PLACEMENT_3D('',#15566,#11534,#11535);
#9444=AXIS2_PLACEMENT_3D('',#15567,#11536,#11537);
#9445=AXIS2_PLACEMENT_3D('',#15571,#11539,#11540);
#9446=AXIS2_PLACEMENT_3D('',#15572,#11541,#11542);
#9447=AXIS2_PLACEMENT_3D('',#15573,#11543,#11544);
#9448=AXIS2_PLACEMENT_3D('',#15575,#11545,#11546);
#9449=AXIS2_PLACEMENT_3D('',#15576,#11547,#11548);
#9450=AXIS2_PLACEMENT_3D('',#15581,#11551,#11552);
#9451=AXIS2_PLACEMENT_3D('',#15584,#11554,#11555);
#9452=AXIS2_PLACEMENT_3D('',#15586,#11557,#11558);
#9453=AXIS2_PLACEMENT_3D('',#15588,#11560,#11561);
#9454=AXIS2_PLACEMENT_3D('',#15596,#11566,#11567);
#9455=AXIS2_PLACEMENT_3D('',#15598,#11569,#11570);
#9456=AXIS2_PLACEMENT_3D('',#15608,#11577,#11578);
#9457=AXIS2_PLACEMENT_3D('',#15611,#11581,#11582);
#9458=AXIS2_PLACEMENT_3D('',#15612,#11583,#11584);
#9459=AXIS2_PLACEMENT_3D('',#15614,#11585,#11586);
#9460=AXIS2_PLACEMENT_3D('',#15615,#11587,#11588);
#9461=AXIS2_PLACEMENT_3D('',#15616,#11589,#11590);
#9462=AXIS2_PLACEMENT_3D('',#15618,#11592,#11593);
#9463=AXIS2_PLACEMENT_3D('',#15619,#11594,#11595);
#9464=AXIS2_PLACEMENT_3D('',#15620,#11596,#11597);
#9465=AXIS2_PLACEMENT_3D('',#15622,#11598,#11599);
#9466=AXIS2_PLACEMENT_3D('',#15623,#11600,#11601);
#9467=AXIS2_PLACEMENT_3D('',#15624,#11602,#11603);
#9468=AXIS2_PLACEMENT_3D('',#15629,#11606,#11607);
#9469=AXIS2_PLACEMENT_3D('',#15631,#11609,#11610);
#9470=AXIS2_PLACEMENT_3D('',#15635,#11613,#11614);
#9471=AXIS2_PLACEMENT_3D('',#15647,#11615,#11616);
#9472=AXIS2_PLACEMENT_3D('',#15648,#11617,#11618);
#9473=AXIS2_PLACEMENT_3D('',#15649,#11619,#11620);
#9474=AXIS2_PLACEMENT_3D('',#15655,#11621,#11622);
#9475=AXIS2_PLACEMENT_3D('',#15661,#11626,#11627);
#9476=AXIS2_PLACEMENT_3D('',#15662,#11628,#11629);
#9477=AXIS2_PLACEMENT_3D('',#15668,#11630,#11631);
#9478=AXIS2_PLACEMENT_3D('',#15674,#11635,#11636);
#9479=AXIS2_PLACEMENT_3D('',#15675,#11637,#11638);
#9480=AXIS2_PLACEMENT_3D('',#15676,#11639,#11640);
#9481=AXIS2_PLACEMENT_3D('',#15677,#11641,#11642);
#9482=AXIS2_PLACEMENT_3D('',#15678,#11643,#11644);
#9483=AXIS2_PLACEMENT_3D('',#15679,#11645,#11646);
#9484=AXIS2_PLACEMENT_3D('',#15685,#11647,#11648);
#9485=AXIS2_PLACEMENT_3D('',#15686,#11649,#11650);
#9486=AXIS2_PLACEMENT_3D('',#15687,#11651,#11652);
#9487=AXIS2_PLACEMENT_3D('',#15688,#11653,#11654);
#9488=AXIS2_PLACEMENT_3D('',#15689,#11655,#11656);
#9489=AXIS2_PLACEMENT_3D('',#15691,#11658,#11659);
#9490=AXIS2_PLACEMENT_3D('',#15692,#11660,#11661);
#9491=AXIS2_PLACEMENT_3D('',#15693,#11662,#11663);
#9492=AXIS2_PLACEMENT_3D('',#15703,#11665,#11666);
#9493=AXIS2_PLACEMENT_3D('',#15704,#11667,#11668);
#9494=AXIS2_PLACEMENT_3D('',#15705,#11669,#11670);
#9495=AXIS2_PLACEMENT_3D('',#15706,#11671,#11672);
#9496=AXIS2_PLACEMENT_3D('',#15707,#11673,#11674);
#9497=AXIS2_PLACEMENT_3D('',#15708,#11675,#11676);
#9498=AXIS2_PLACEMENT_3D('',#15710,#11677,#11678);
#9499=AXIS2_PLACEMENT_3D('',#15711,#11679,#11680);
#9500=AXIS2_PLACEMENT_3D('',#15714,#11683,#11684);
#9501=AXIS2_PLACEMENT_3D('',#15738,#11686,#11687);
#9502=AXIS2_PLACEMENT_3D('',#15739,#11688,#11689);
#9503=AXIS2_PLACEMENT_3D('',#15740,#11690,#11691);
#9504=AXIS2_PLACEMENT_3D('',#15745,#11694,#11695);
#9505=AXIS2_PLACEMENT_3D('',#15751,#11699,#11700);
#9506=AXIS2_PLACEMENT_3D('',#15753,#11702,#11703);
#9507=AXIS2_PLACEMENT_3D('',#15755,#11705,#11706);
#9508=AXIS2_PLACEMENT_3D('',#15759,#11709,#11710);
#9509=AXIS2_PLACEMENT_3D('',#15763,#11713,#11714);
#9510=AXIS2_PLACEMENT_3D('',#15764,#11715,#11716);
#9511=AXIS2_PLACEMENT_3D('',#15770,#11717,#11718);
#9512=AXIS2_PLACEMENT_3D('',#15772,#11720,#11721);
#9513=AXIS2_PLACEMENT_3D('',#15773,#11722,#11723);
#9514=AXIS2_PLACEMENT_3D('',#15775,#11724,#11725);
#9515=AXIS2_PLACEMENT_3D('',#15776,#11726,#11727);
#9516=AXIS2_PLACEMENT_3D('',#15778,#11728,#11729);
#9517=AXIS2_PLACEMENT_3D('',#15779,#11730,#11731);
#9518=AXIS2_PLACEMENT_3D('',#15781,#11732,#11733);
#9519=AXIS2_PLACEMENT_3D('',#15782,#11734,#11735);
#9520=AXIS2_PLACEMENT_3D('',#15789,#11739,#11740);
#9521=AXIS2_PLACEMENT_3D('',#15795,#11744,#11745);
#9522=AXIS2_PLACEMENT_3D('',#15799,#11748,#11749);
#9523=AXIS2_PLACEMENT_3D('',#15801,#11751,#11752);
#9524=DIRECTION('',(0.,0.,1.));
#9525=DIRECTION('',(1.,0.,0.));
#9526=DIRECTION('',(1.,0.,1.22464679914735E-16));
#9527=DIRECTION('',(-1.22464679914735E-16,-7.96171201520825E-15,1.));
#9528=DIRECTION('',(1.43089986433349E-14,-1.,0.));
#9529=DIRECTION('',(-8.46545056276682E-16,-1.,-7.60502771868232E-15));
#9530=DIRECTION('',(-1.,4.11217927028211E-13,-1.51651333120181E-16));
#9531=DIRECTION('',(4.11136404030432E-13,0.999661138923952,0.0260308917493754));
#9532=DIRECTION('',(8.46545056276682E-16,1.,8.04911692853238E-15));
#9533=DIRECTION('',(-1.22464679914735E-16,0.,1.));
#9534=DIRECTION('',(-7.25114407432202E-16,-1.,-9.53094429382726E-15));
#9535=DIRECTION('',(-5.99328918500215E-16,-0.707106781186553,0.707106781186542));
#9536=DIRECTION('',(1.22464677433201E-16,7.96171201520825E-15,-1.));
#9537=DIRECTION('',(0.00565825848654208,-0.999983984271209,-0.000123741579806485));
#9538=DIRECTION('',(-4.67499431362359E-7,-0.000123746205977335,0.999999992343329));
#9539=DIRECTION('',(-0.00565825848654208,0.999983984271209,0.000123741579806485));
#9540=DIRECTION('',(0.99974494291248,0.00565961138940639,-0.0218636209225272));
#9541=DIRECTION('',(4.73971084655634E-14,-0.00012374356070213,0.999999992343766));
#9542=DIRECTION('',(4.67499431362359E-7,0.000123746205977335,-0.999999992343329));
#9543=DIRECTION('',(-0.999983991927211,-0.00565825838536954,-1.16767996174147E-6));
#9544=DIRECTION('',(0.00565144343968055,-0.998769418499545,-0.0492717957570887));
#9545=DIRECTION('',(-1.22315930473582E-16,-0.0492725826172715,0.998785368636437));
#9546=DIRECTION('',(0.999983991927211,0.00565825838539935,1.16767932303884E-6));
#9547=DIRECTION('',(0.00565148999970426,-0.99877768167875,-0.0491040043296424));
#9548=DIRECTION('',(-1.22316942469526E-16,-0.049104788523153,0.998793632210426));
#9549=DIRECTION('',(0.999983991927211,0.00565825838540128,1.16767932303908E-6));
#9550=DIRECTION('',(-0.00565172531437723,0.998839273836668,-0.047834747228437));
#9551=DIRECTION('',(1.22324485616576E-16,-0.0478355112154643,-0.998855226680401));
#9552=DIRECTION('',(0.999983991927212,0.00565825838533903,1.16767932303132E-6));
#9553=DIRECTION('',(0.,1.,0.));
#9554=DIRECTION('',(1.22464678260377E-16,0.,-1.));
#9555=DIRECTION('',(-1.,8.46545053148116E-16,-1.22464679914737E-16));
#9556=DIRECTION('',(-1.22464678260377E-16,-1.38777878078144E-15,1.));
#9557=DIRECTION('',(1.,-8.46545053148119E-16,1.22464678260375E-16));
#9558=DIRECTION('',(0.707106781186552,-1.57990553433832E-15,0.707106781186543));
#9559=DIRECTION('',(-1.22464679914735E-16,0.,1.));
#9560=DIRECTION('',(1.,6.50636465884813E-9,1.22464679914735E-16));
#9561=DIRECTION('',(-0.712002723163901,-0.702176702979521,-8.7195185590687E-17));
#9562=DIRECTION('',(-1.73659012974901E-14,1.,7.96158771535264E-15));
#9563=DIRECTION('',(-1.,6.03683766306933E-16,-3.71060887008743E-15));
#9564=DIRECTION('',(-1.32949207143601E-14,-1.,-8.04811354850008E-15));
#9565=DIRECTION('',(8.46545053148115E-16,1.,7.96171201520825E-15));
#9566=DIRECTION('',(3.30551026294982E-7,0.70715069600044,-0.707062863645082));
#9567=DIRECTION('',(-0.999999999999891,4.49986252494285E-22,-4.67498780222841E-7));
#9568=DIRECTION('',(-0.577326452666807,0.577326452770305,0.577397899184624));
#9569=DIRECTION('',(-0.999999999999891,-1.58386661078777E-14,-4.67498796063475E-7));
#9570=DIRECTION('',(0.577326452735809,-0.577326452735809,-0.577397899150124));
#9571=DIRECTION('',(0.999999999999891,1.21430578640855E-16,4.67498780344287E-7));
#9572=DIRECTION('',(1.,0.,1.22464679914735E-16));
#9573=DIRECTION('',(1.22464679914735E-16,8.5695932890915E-17,-1.));
#9574=DIRECTION('',(1.22464679914735E-16,0.,-1.));
#9575=DIRECTION('',(0.,-1.,0.));
#9576=DIRECTION('',(-1.78932875256362E-16,1.44853076831215E-15,1.));
#9577=DIRECTION('',(7.57660655541309E-11,0.422635662656985,-0.906299672652755));
#9578=DIRECTION('',(-1.56825374402645E-26,-1.,1.28057636301203E-10));
#9579=DIRECTION('',(1.22301114927669E-16,-0.051666576245261,-0.998664390523209));
#9580=DIRECTION('',(-1.22464678977117E-16,-0.000123743559924503,0.999999992343766));
#9581=DIRECTION('',(-1.51545394567281E-20,0.999999992343438,0.000123746205577634));
#9582=DIRECTION('',(1.,-1.79270019266729E-10,1.78932875516041E-16));
#9583=DIRECTION('',(-2.25305357984025E-14,-0.00012468121003,0.999999992227298));
#9584=DIRECTION('',(1.22464678981219E-16,0.000123472565990101,-0.999999992377263));
#9585=DIRECTION('',(-1.,-4.00655035587049E-8,-1.66922178385707E-9));
#9586=DIRECTION('',(4.01002587057696E-8,-0.999144979956357,-0.0413437906826441));
#9587=DIRECTION('',(-1.51545394567281E-20,0.999999992343438,0.000123746205577634));
#9588=DIRECTION('',(8.30692899575658E-12,0.0463385220261591,0.998925793728659));
#9589=DIRECTION('',(-1.22464678977117E-16,-0.000123743559924503,0.999999992343766));
#9590=DIRECTION('',(-1.51545394567281E-20,0.999999992343438,0.000123746205577634));
#9591=DIRECTION('',(1.22464678981219E-16,0.000123472565990101,-0.999999992377263));
#9592=DIRECTION('',(-0.999984739969515,-0.00551971543368166,-0.00022928068554414));
#9593=DIRECTION('',(0.00552447529889501,-0.999129739027179,-0.04134301348661));
#9594=DIRECTION('',(-1.51545394567281E-20,0.999999992343438,0.000123746205577634));
#9595=DIRECTION('',(0.707106450614912,-8.74821758612937E-5,0.70710710634645));
#9596=DIRECTION('',(-0.707107111758028,-8.75213863176781E-5,0.707106445198477));
#9597=DIRECTION('',(0.707106450844849,-8.7481442066534E-5,0.707107106116604));
#9598=DIRECTION('',(0.286562864954252,0.914236519018003,-0.286449492446846));
#9599=DIRECTION('',(-0.500292704434678,-0.706754813245104,0.500204801900495));
#9600=DIRECTION('',(1.51511369168128E-20,-0.999999992346876,-0.000123718421730752));
#9601=DIRECTION('',(-0.707106279635893,8.69347605962638E-5,-0.707107277392783));
#9602=DIRECTION('',(-0.286033580260945,0.914497392838053,0.286145608834926));
#9603=DIRECTION('',(2.77838600805128E-8,-0.999999992343438,-0.000123746205564594));
#9604=DIRECTION('',(-3.53473541011873E-9,0.998664390523209,-0.051666576245261));
#9605=DIRECTION('',(4.68310330574374E-7,-0.0516665762452537,-0.9986643905231));
#9606=DIRECTION('',(-3.5114588217286E-9,0.99866439052321,-0.0516665762452492));
#9607=DIRECTION('',(0.999999869419255,2.64071732895136E-5,0.000510356870466605));
#9608=DIRECTION('',(-1.,-8.45364513965028E-12,6.82509527824785E-8));
#9609=DIRECTION('',(3.53473541011873E-9,-0.998664390523209,0.051666576245261));
#9610=DIRECTION('',(-6.83230480553123E-8,-0.051666576245261,-0.998664390523207));
#9611=DIRECTION('',(0.86685342378706,-0.498563073153422,-6.12900207236917E-5));
#9612=DIRECTION('',(0.868990896773125,-0.494828068752709,-6.0826843970423E-5));
#9613=DIRECTION('',(-0.52017044413488,-0.851938656348943,0.0601933124763866));
#9614=DIRECTION('',(0.712748844438683,-0.471853447459844,-0.518983052586096));
#9615=DIRECTION('',(-0.94416220515964,-4.21925582579795E-11,-0.329481001497941));
#9616=DIRECTION('',(0.329477203554706,0.00480145409759721,-0.944151321757439));
#9617=DIRECTION('',(1.79270068773088E-10,1.,-6.41774732833026E-10));
#9618=DIRECTION('',(-0.301610586076484,-0.402520069569697,0.864296620356811));
#9619=DIRECTION('',(1.,0.,1.22464679914735E-16));
#9620=DIRECTION('',(-1.79219962395689E-16,-0.00012468121003,0.999999992227298));
#9621=DIRECTION('',(-0.706796320988688,0.707417099758915,8.72097554285657E-5));
#9622=DIRECTION('',(-1.,0.,-1.22464679914735E-16));
#9623=DIRECTION('',(1.22464679914735E-16,0.,-1.));
#9624=DIRECTION('',(1.,0.,1.22464679914735E-16));
#9625=DIRECTION('',(1.52578314320122E-20,-0.999999992227298,-0.000124681210036495));
#9626=DIRECTION('',(1.,7.88860904073072E-31,1.22464679914735E-16));
#9627=DIRECTION('',(7.88860904073072E-31,-1.,9.66075981145575E-47));
#9628=DIRECTION('',(1.,7.88860904073072E-31,1.22464679914735E-16));
#9629=DIRECTION('',(1.22464678962854E-16,0.00012468121003,-0.999999992227298));
#9630=DIRECTION('',(-1.,8.32666788143371E-16,1.52692779056717E-16));
#9631=DIRECTION('',(-1.52588959967184E-16,0.00012468121003,-0.999999992227298));
#9632=DIRECTION('',(-1.,0.,-1.22464679914735E-16));
#9633=DIRECTION('',(3.23138184650118E-32,1.,-2.63862351883906E-16));
#9634=DIRECTION('',(-0.865195000861148,-0.501435545792496,-6.24552628575912E-5));
#9635=DIRECTION('',(0.70710668961311,-8.82473668193688E-5,0.707106867253311));
#9636=DIRECTION('',(-0.28536250046269,0.914916033298636,0.285476610850645));
#9637=DIRECTION('',(-0.99999999999989,-2.89638580289668E-8,-4.67558262044269E-7));
#9638=DIRECTION('',(5.00568362091151E-8,-0.998979030049989,-0.045176293787574));
#9639=DIRECTION('',(0.864550468197115,0.502546001867374,6.28272790384109E-5));
#9640=DIRECTION('',(0.863029128536641,0.505154154035249,6.29143755298521E-5));
#9641=DIRECTION('',(-0.505154157952911,0.863029121958096,0.00010656042102457));
#9642=DIRECTION('',(-0.863029128536614,-0.505154154035295,-6.29143757256293E-5));
#9643=DIRECTION('',(-0.863029128536641,-0.505154154035249,-6.29143755298521E-5));
#9644=DIRECTION('',(1.,0.,1.22464679914735E-16));
#9645=DIRECTION('',(-1.22465181520542E-16,-0.000124213707803824,0.999999992285477));
#9646=DIRECTION('',(-0.99999999999989,-2.77229425663603E-8,-4.67500106905038E-7));
#9647=DIRECTION('',(2.88023214121752E-7,-0.823541548926335,-0.567255953862037));
#9648=DIRECTION('',(0.,-1.,0.));
#9649=DIRECTION('',(1.22464679914735E-16,0.,-1.));
#9650=DIRECTION('',(-1.51545394567281E-20,0.999999992343438,0.000123746205577634));
#9651=DIRECTION('',(1.51511369168128E-20,-0.999999992346876,-0.000123718421730752));
#9652=DIRECTION('',(1.2233562100779E-16,-0.0458975087417803,-0.998946154050006));
#9653=DIRECTION('',(-1.51545394567281E-20,0.999999992343438,0.000123746205577634));
#9654=DIRECTION('',(-0.99999999999989,-2.52618512742444E-8,-4.6739084637213E-7));
#9655=DIRECTION('',(4.63513188150453E-8,-0.998979003576532,-0.0451768791887673));
#9656=DIRECTION('',(-0.865195001888824,-0.501435544019306,-6.24552624617439E-5));
#9657=DIRECTION('',(0.864550474088993,0.502545991731335,6.28272777887816E-5));
#9658=DIRECTION('',(0.86302912966983,0.505154152099254,6.29143751117282E-5));
#9659=DIRECTION('',(8.02920938364775E-15,-0.999999992343766,-0.000123743559924503));
#9660=DIRECTION('',(0.999999999999891,-5.78419356373387E-11,4.67498788940559E-7));
#9661=DIRECTION('',(0.999999999999891,-5.78419356328157E-11,4.67498788903784E-7));
#9662=DIRECTION('',(-4.72144928311594E-7,-0.000123743559924489,0.999999992343654));
#9663=DIRECTION('',(-0.505154157952911,0.863029121958096,0.00010656042102457));
#9664=DIRECTION('',(-0.863029128536614,-0.505154154035295,-6.29143753800249E-5));
#9665=DIRECTION('',(4.67499370275194E-7,0.000123746205941579,-0.999999992343329));
#9666=DIRECTION('',(-0.863029128536614,-0.505154154035295,-6.29143753508232E-5));
#9667=DIRECTION('',(-0.494828072516252,-0.868990890076768,-0.000107765657669966));
#9668=DIRECTION('',(0.868990896758782,-0.494828068777897,-6.08268441827268E-5));
#9669=DIRECTION('',(-4.67499435762301E-7,-0.000123746205199733,0.999999992343329));
#9670=DIRECTION('',(0.868990896774622,-0.49482806875008,-6.082684395477E-5));
#9671=DIRECTION('',(-0.497971146630262,-0.867193591741699,-0.000107544749730747));
#9672=DIRECTION('',(0.867193598410138,-0.497971142867739,-6.12166192833719E-5));
#9673=DIRECTION('',(-4.67499229389969E-7,-0.000123746241671914,0.999999992343324));
#9674=DIRECTION('',(0.867193598410138,-0.497971142867738,-6.12166279256445E-5));
#9675=DIRECTION('',(-4.6753011421154E-7,-0.000123746223936832,0.999999992343327));
#9676=DIRECTION('',(0.0398059840478727,-0.0227340238802503,-0.998948771355264));
#9677=DIRECTION('',(-0.655158156778012,0.376132155382517,0.655204083698003));
#9678=DIRECTION('',(0.867193598410138,-0.497971142867738,-6.12166279256445E-5));
#9679=DIRECTION('',(0.707106781186548,0.707106781186548,8.65956056235494E-17));
#9680=DIRECTION('',(2.33751114207445E-7,-2.33751114084981E-7,-0.999999999999945));
#9681=DIRECTION('',(0.577350269189626,-0.577350269189626,-0.577350269189626));
#9682=DIRECTION('',(-1.22464679914735E-16,0.,1.));
#9683=DIRECTION('',(0.707106450614912,-8.74821758612937E-5,0.70710710634645));
#9684=DIRECTION('',(-0.707107111758028,-8.75213863176781E-5,0.707106445198477));
#9685=DIRECTION('',(2.77838600805128E-8,-0.999999992343438,-0.000123746205564594));
#9686=DIRECTION('',(0.661233206097707,0.354401027132665,-0.661188746970984));
#9687=DIRECTION('',(0.505154157952911,-0.863029121958096,-0.00010656042102457));
#9688=DIRECTION('',(0.863029128536614,0.505154154035295,6.29143760073436E-5));
#9689=DIRECTION('',(0.863029128536614,0.505154154035295,6.29143753508232E-5));
#9690=DIRECTION('',(-4.62978790161749E-7,-0.00012374355992449,0.999999992343659));
#9691=DIRECTION('',(-0.502558453611234,0.863632137024748,-0.0396803805671307));
#9692=DIRECTION('',(0.864312849461168,0.502954568779643,1.05847796455455E-16));
#9693=DIRECTION('',(0.000759475921029274,0.0463385086666192,0.998925505636371));
#9694=DIRECTION('',(-4.67498792482082E-7,-0.000123746205577621,0.999999992343329));
#9695=DIRECTION('',(-2.77838583780712E-8,0.999999992343438,0.000123746205564646));
#9696=DIRECTION('',(8.02920938364775E-15,-0.999999992343766,-0.000123743559924503));
#9697=DIRECTION('',(0.999999999999891,-5.78419356373907E-11,4.67498788940558E-7));
#9698=DIRECTION('',(-1.,-1.60754619468237E-11,1.29844596552463E-7));
#9699=DIRECTION('',(0.999999999999891,-5.78419356328157E-11,4.67498788903784E-7));
#9700=DIRECTION('',(-6.03286489090889E-9,0.998925793728659,-0.0463385220261591));
#9701=DIRECTION('',(-4.6828482641531E-7,0.0463385220261512,0.99892579372855));
#9702=DIRECTION('',(0.99999999999989,2.77260105908059E-8,4.67502227050148E-7));
#9703=DIRECTION('',(-4.67498792482082E-7,-0.000123746205577621,0.999999992343329));
#9704=DIRECTION('',(-2.77838583780712E-8,0.999999992343438,0.000123746205564646));
#9705=DIRECTION('',(8.65956056235494E-17,-0.707106781186548,-0.707106781186548));
#9706=DIRECTION('',(-1.,2.09591397750877E-15,-2.2183786574235E-15));
#9707=DIRECTION('',(-1.,7.25114406964459E-16,1.22464678194587E-16));
#9708=DIRECTION('',(5.9932891908512E-16,0.707106781186553,-0.707106781186542));
#9709=DIRECTION('',(-6.85193353284516E-16,-0.707106781186553,0.707106781186542));
#9710=DIRECTION('',(-1.,0.,-1.22464679914735E-16));
#9711=DIRECTION('',(-1.22464679914735E-16,-8.04811355352682E-15,1.));
#9712=DIRECTION('',(7.25114407432203E-16,1.,7.96171201520825E-15));
#9713=DIRECTION('',(4.67498792482071E-7,0.000123746205577621,-0.999999992343329));
#9714=DIRECTION('',(-2.77835180270208E-8,0.999999992343438,0.000123746205564646));
#9715=DIRECTION('',(7.88457419989694E-5,0.999999989235108,0.000123746242053099));
#9716=DIRECTION('',(-0.999983991927211,-0.00565825838536954,-1.16767996174147E-6));
#9717=DIRECTION('',(-0.00565825848654208,0.999983984271209,0.00012374157902887));
#9718=DIRECTION('',(4.67499435762303E-7,0.000123746205199733,-0.999999992343329));
#9719=DIRECTION('',(0.0056582584865421,-0.999983984271204,-0.000123741615501635));
#9720=DIRECTION('',(0.999744942774614,0.00565961139018684,-0.0218636272264006));
#9721=DIRECTION('',(-0.999983991927211,-0.00565825838536954,-1.16767996174147E-6));
#9722=DIRECTION('',(-4.73971084656995E-14,0.000123743596397852,-0.999999992343761));
#9723=DIRECTION('',(-1.,0.,-1.22464679914735E-16));
#9724=DIRECTION('',(-1.22464679914735E-16,-1.38777878078148E-15,1.));
#9725=DIRECTION('',(4.73966363320737E-14,-8.09735505292049E-15,1.));
#9726=DIRECTION('',(-3.81835116733398E-15,1.,7.96171201520825E-15));
#9727=DIRECTION('',(4.6883486589334E-14,0.0871557427476565,0.996194698091746));
#9728=DIRECTION('',(3.81835116733397E-15,-1.,-8.02083118124276E-15));
#9729=DIRECTION('',(4.73966363320739E-14,-4.19145536712764E-14,1.));
#9730=DIRECTION('',(3.81835116733398E-15,-1.,-7.96171201520825E-15));
#9731=DIRECTION('',(-4.73966363320739E-14,4.19145536712764E-14,-1.));
#9732=DIRECTION('',(3.81835116733397E-15,-1.,-8.02083118124276E-15));
#9733=DIRECTION('',(0.00565825848654208,-0.999983984271209,-0.000123741579771075));
#9734=DIRECTION('',(-4.67499431562717E-7,-0.000123746205941926,0.999999992343329));
#9735=DIRECTION('',(-0.00565825848654208,0.999983984271209,0.000123741579771075));
#9736=DIRECTION('',(0.999744942912616,0.00565961138940561,-0.0218636209162971));
#9737=DIRECTION('',(4.73971084655633E-14,-0.00012374356066672,0.999999992343766));
#9738=DIRECTION('',(-0.999983991927211,-0.00565825838536954,-1.16767996174147E-6));
#9739=DIRECTION('',(4.67498792482071E-7,0.000123746205577621,-0.999999992343329));
#9740=DIRECTION('',(-2.77835180270208E-8,0.999999992343438,0.000123746205564646));
#9741=DIRECTION('',(7.88803268690658E-5,0.999999989232381,0.00012374624206921));
#9742=DIRECTION('',(-0.999983991927211,-0.00565825838536954,-1.16767996174147E-6));
#9743=DIRECTION('',(-0.00565825848654208,0.999983984271209,0.00012374157902887));
#9744=DIRECTION('',(4.67499435762301E-7,0.000123746205199733,-0.999999992343329));
#9745=DIRECTION('',(0.00565825848654208,-0.999983984271209,-0.00012374157902887));
#9746=DIRECTION('',(0.999744942915483,0.00565961138938938,-0.0218636207852139));
#9747=DIRECTION('',(-4.73971084655604E-14,0.000123743559924503,-0.999999992343766));
#9748=DIRECTION('',(-0.999983991927211,-0.00565825838537501,-1.16767996379764E-6));
#9749=DIRECTION('',(0.,1.,0.));
#9750=DIRECTION('',(0.00814204712730964,0.,-0.999966852984926));
#9751=DIRECTION('',(-7.25114407432203E-16,-1.,-7.96171201520825E-15));
#9752=DIRECTION('',(0.00814204712730964,7.95554419254207E-15,-0.999966852984926));
#9753=DIRECTION('',(-0.944618711954269,4.28366786486834E-11,-0.32816990877571));
#9754=DIRECTION('',(0.226228367510872,-0.724415571478455,-0.651185692051745));
#9755=DIRECTION('',(0.00171803605720457,-0.999133106131142,-0.0415942854830125));
#9756=DIRECTION('',(0.997465408358493,0.00467090792484978,-0.0709995897691205));
#9757=DIRECTION('',(0.782884539302084,2.5894330646717E-10,0.622167017867199));
#9758=DIRECTION('',(0.622167017867199,-7.38883779514895E-16,-0.782884539302084));
#9759=DIRECTION('',(2.72626512334275E-11,-1.,3.81890337062863E-10));
#9760=DIRECTION('',(-0.584641357441397,-0.342039564516623,0.735665290383038));
#9761=DIRECTION('',(0.00158736797892444,0.906298530833531,0.422635130191379));
#9762=DIRECTION('',(-1.11098119535491E-16,-0.422635662657094,0.906299672652705));
#9763=DIRECTION('',(-0.00158736797892444,-0.906298530833531,-0.422635130191379));
#9764=DIRECTION('',(-0.00340392697484275,0.422638111164841,-0.906292138480835));
#9765=DIRECTION('',(0.999998466154263,-0.00175148197877556,-2.68436025089069E-15));
#9766=DIRECTION('',(-0.00175148197877556,-0.999998466154263,1.44821514878298E-15));
#9767=DIRECTION('',(-0.999998466154263,0.00175148197877556,2.68436025089069E-15));
#9768=DIRECTION('',(-0.00175148197877556,-0.999998466154263,1.44821514878298E-15));
#9769=DIRECTION('',(0.999998466154263,-0.00175148197877556,-5.09291810242542E-12));
#9770=DIRECTION('',(-0.999998466154263,0.00175148197877556,2.68436025089069E-15));
#9771=DIRECTION('',(0.707106781186548,0.707106781186548,8.65956056235494E-17));
#9772=DIRECTION('',(-5.43668831160062E-16,6.66133511074797E-16,-1.));
#9773=DIRECTION('',(-0.311808939972403,0.311808939972403,0.897524578998577));
#9774=DIRECTION('',(0.707106781186548,0.707106781186548,8.65956056235494E-17));
#9775=DIRECTION('',(-0.707106781186548,0.707106781186548,-8.65956056235494E-17));
#9776=DIRECTION('',(-0.944618711940924,3.81272575737619E-15,-0.328169908814123));
#9777=DIRECTION('',(-0.328169908814123,-7.22247703831396E-15,0.944618711940924));
#9778=DIRECTION('',(-0.320184103908592,0.219263677183691,0.921632019556687));
#9779=DIRECTION('',(3.81835116733397E-15,-1.,-8.02083118124276E-15));
#9780=DIRECTION('',(-0.319834558577403,0.223950568895865,0.920625872888013));
#9781=DIRECTION('',(4.22925583995756E-15,-1.,-7.81979929676436E-15));
#9782=DIRECTION('',(0.319834558577403,-0.223950568895865,-0.920625872888013));
#9783=DIRECTION('',(3.81835116733397E-15,-1.,-8.02083118124276E-15));
#9784=DIRECTION('',(-0.319834558577403,0.223950568895863,0.920625872888014));
#9785=DIRECTION('',(4.22925583995756E-15,-1.,-7.81979929676436E-15));
#9786=DIRECTION('',(3.81835116733397E-15,-1.,-8.02083118124276E-15));
#9787=DIRECTION('',(0.327054927231161,-0.0823626413643549,-0.941409299869779));
#9788=DIRECTION('',(4.22925583995756E-15,-1.,-7.81979929676436E-15));
#9789=DIRECTION('',(0.319834558577403,-0.223950568895863,-0.920625872888014));
#9790=DIRECTION('',(-0.328169908814123,-7.28282141968377E-15,0.944618711940924));
#9791=DIRECTION('',(-8.46545053148118E-16,-1.,-7.96171201520825E-15));
#9792=DIRECTION('',(-8.46545050750579E-16,-1.,-7.96171201520825E-15));
#9793=DIRECTION('',(0.,1.,0.));
#9794=DIRECTION('',(-1.,0.,-1.22464678260376E-16));
#9795=DIRECTION('',(-0.707106781186552,6.14251387043951E-15,-0.707106781186543));
#9796=DIRECTION('',(1.,-7.25114407432204E-16,1.22464678260376E-16));
#9797=DIRECTION('',(1.,1.43089986433349E-14,0.));
#9798=DIRECTION('',(0.,1.,0.));
#9799=DIRECTION('',(-1.,0.,-1.22464679087556E-16));
#9800=DIRECTION('',(7.25114407432203E-16,1.,7.96171201520825E-15));
#9801=DIRECTION('',(-1.,7.25114407432204E-16,-1.22464679087556E-16));
#9802=DIRECTION('',(-7.25114407432203E-16,-1.,-7.96171201520825E-15));
#9803=DIRECTION('',(-1.,8.46545056276683E-16,-1.22464679087555E-16));
#9804=DIRECTION('',(1.22464677433201E-16,7.96171201520825E-15,-1.));
#9805=DIRECTION('',(-1.,7.25114407432204E-16,-1.22464678260376E-16));
#9806=DIRECTION('',(-1.22464679087562E-16,-7.96171201520825E-15,1.));
#9807=DIRECTION('',(7.25114407432203E-16,1.,7.96171201520825E-15));
#9808=DIRECTION('',(-1.,8.46545056276683E-16,-1.22464679087555E-16));
#9809=DIRECTION('',(7.25114407432203E-16,1.,7.96171201520825E-15));
#9810=DIRECTION('',(0.951327791395443,1.76354573536022E-15,-0.308180845152109));
#9811=DIRECTION('',(0.,-1.,0.));
#9812=DIRECTION('',(-1.,0.,-1.22464679087555E-16));
#9813=DIRECTION('',(-7.25114407432203E-16,-1.,-7.96171201520825E-15));
#9814=DIRECTION('',(1.,-8.46545056276683E-16,1.22464679087555E-16));
#9815=DIRECTION('',(-8.46545056276682E-16,-1.,-8.49320613838244E-15));
#9816=DIRECTION('',(8.46545056276682E-16,1.,8.49320613838244E-15));
#9817=DIRECTION('',(0.,1.,0.));
#9818=DIRECTION('',(0.951327791395443,0.,-0.308180845152109));
#9819=DIRECTION('',(7.25114407432203E-16,1.,7.96171201520825E-15));
#9820=DIRECTION('',(0.951327791395443,1.76382564997309E-15,-0.308180845152109));
#9821=DIRECTION('',(0.667946296833026,-0.707106781170705,0.232051167998466));
#9822=DIRECTION('',(0.165063307102719,-0.163280271875605,-0.972673458805442));
#9823=DIRECTION('',(-7.25114407432203E-16,-1.,-7.96171201520825E-15));
#9824=DIRECTION('',(0.951327791395443,1.76354573536022E-15,-0.308180845152109));
#9825=DIRECTION('',(-0.667946296849104,0.707106781186576,-0.232051167903823));
#9826=DIRECTION('',(-0.328169908814117,-1.03311119043535E-15,0.944618711940926));
#9827=DIRECTION('',(0.328169908814123,7.28282141968377E-15,-0.944618711940924));
#9828=DIRECTION('',(-0.667946296845891,0.707106781188283,-0.232051167907872));
#9829=DIRECTION('',(0.602278116712936,0.330448424109952,-0.72668074773725));
#9830=DIRECTION('',(0.,-1.,0.));
#9831=DIRECTION('',(0.400145025338107,0.,-0.916451831083972));
#9832=DIRECTION('',(4.2287601991526E-15,-1.,-8.04911692853238E-15));
#9833=DIRECTION('',(0.573576436351043,0.819152044288994,7.14879856290955E-15));
#9834=DIRECTION('',(0.819152044288994,-0.573576436351043,-3.65136476107126E-15));
#9835=DIRECTION('',(-3.41531466336914E-10,0.996194698091746,-0.0871557427476565));
#9836=DIRECTION('',(-3.90368233899418E-9,-0.0871557427476565,-0.996194698091746));
#9837=DIRECTION('',(0.573576436351047,0.819152044288991,7.14879856290953E-15));
#9838=DIRECTION('',(0.819152044288991,-0.573576436351047,-3.55689177008754E-15));
#9839=DIRECTION('',(0.573576436351047,0.819152044288991,7.14879856290953E-15));
#9840=DIRECTION('',(0.819152044288991,-0.573576436351047,-4.00492275265924E-15));
#9841=DIRECTION('',(0.573576436351047,0.819152044288991,7.14879856290953E-15));
#9842=DIRECTION('',(0.819152044288991,-0.573576436351047,-3.46947646902358E-15));
#9843=DIRECTION('',(-1.2246467991474E-16,-8.64132093373362E-15,1.));
#9844=DIRECTION('',(-0.819152044288991,0.573576436351047,3.55689177008754E-15));
#9845=DIRECTION('',(1.4152628393004E-15,7.73609391714815E-15,-1.));
#9846=DIRECTION('',(0.,1.,0.));
#9847=DIRECTION('',(0.595189363615577,0.,-0.803585478613747));
#9848=DIRECTION('',(-0.573576436351043,-0.819152044288994,-7.14879856290955E-15));
#9849=DIRECTION('',(0.819152044288994,-0.573576436351043,-3.68975677767231E-15));
#9850=DIRECTION('',(3.59434704775005E-15,-1.,-7.73609391714814E-15));
#9851=DIRECTION('',(0.595189363615577,8.71806546500533E-15,-0.803585478613747));
#9852=DIRECTION('',(-0.573576436351043,-0.819152044288994,-7.14879856290955E-15));
#9853=DIRECTION('',(-0.819152044288994,0.573576436351043,3.95959047905973E-15));
#9854=DIRECTION('',(-0.819152044288994,0.573576436351043,3.95959047905973E-15));
#9855=DIRECTION('',(1.2246467991474E-16,8.64132093373362E-15,-1.));
#9856=DIRECTION('',(-0.573576436351043,-0.819152044288994,-7.14879856290955E-15));
#9857=DIRECTION('',(0.819152044288994,-0.573576436351043,-3.65136476107126E-15));
#9858=DIRECTION('',(0.,-1.,0.));
#9859=DIRECTION('',(0.400145025338107,0.,-0.916451831083972));
#9860=DIRECTION('',(4.2287601991526E-15,-1.,-8.04911692853238E-15));
#9861=DIRECTION('',(-0.565017959452837,-0.825078605646609,1.5178833808746E-16));
#9862=DIRECTION('',(0.825078605646609,-0.565017959452837,-3.10700352169171E-15));
#9863=DIRECTION('',(-0.565017959452837,-0.825078605646609,1.5178833808746E-16));
#9864=DIRECTION('',(0.825078605646609,-0.565017959452837,-1.38737831658751E-14));
#9865=DIRECTION('',(-1.20929656133295E-14,8.09735505292061E-15,-1.));
#9866=DIRECTION('',(-0.565017959452837,-0.825078605646609,1.5178833808746E-16));
#9867=DIRECTION('',(0.825078605646609,-0.565017959452837,-1.43332635223841E-14));
#9868=DIRECTION('',(0.,1.,0.));
#9869=DIRECTION('',(0.595189363615577,0.,-0.803585478613747));
#9870=DIRECTION('',(3.59434704775005E-15,-1.,-8.09735505292066E-15));
#9871=DIRECTION('',(0.595189363615577,8.71806546500533E-15,-0.803585478613747));
#9872=DIRECTION('',(-0.573576436351047,-0.819152044288991,-7.14879856290953E-15));
#9873=DIRECTION('',(0.819152044288991,-0.573576436351047,-4.00492275265924E-15));
#9874=DIRECTION('',(-0.573576436351047,-0.819152044288991,-7.14879856290953E-15));
#9875=DIRECTION('',(-0.819152044288991,0.573576436351047,3.55689177008754E-15));
#9876=DIRECTION('',(-0.819152044288991,0.573576436351047,3.55689177008754E-15));
#9877=DIRECTION('',(1.2246467991474E-16,8.64132093373362E-15,-1.));
#9878=DIRECTION('',(-0.573576436351047,-0.819152044288991,-7.14879856290953E-15));
#9879=DIRECTION('',(0.819152044288991,-0.573576436351047,-3.46947646902358E-15));
#9880=DIRECTION('',(8.99328468333489E-16,8.09735505292066E-15,-1.));
#9881=DIRECTION('',(0.,-1.,0.));
#9882=DIRECTION('',(0.400145025338107,0.,-0.916451831083972));
#9883=DIRECTION('',(4.2287601991526E-15,-1.,-8.04911692853238E-15));
#9884=DIRECTION('',(0.707106781186548,0.,-0.707106781186548));
#9885=DIRECTION('',(-0.707106781186548,1.40817667100829E-15,-0.707106781186548));
#9886=DIRECTION('',(6.0368376630688E-16,1.,7.96171201520825E-15));
#9887=DIRECTION('',(-0.707106781186548,0.707106781186548,-8.65956056235494E-17));
#9888=DIRECTION('',(2.47061254732183E-15,2.59307722723657E-15,1.));
#9889=DIRECTION('',(1.22464679087562E-16,7.96171201520825E-15,-1.));
#9890=DIRECTION('',(0.707106781186564,0.707106781186531,1.06790339171598E-15));
#9891=DIRECTION('',(-1.22464679087562E-16,-7.96171201520825E-15,1.));
#9892=DIRECTION('',(-0.70710678118658,-0.707106781186516,-5.71637616026166E-15));
#9893=DIRECTION('',(1.,0.,1.22464679914735E-16));
#9894=DIRECTION('',(-1.22464679914735E-16,-7.96171201520825E-15,1.));
#9895=DIRECTION('',(-8.46545056276682E-16,-1.,-7.96171201520825E-15));
#9896=DIRECTION('',(-1.,0.,-1.22464679914735E-16));
#9897=DIRECTION('',(-9.75028513515783E-31,1.,7.96171201520827E-15));
#9898=DIRECTION('',(-4.90904981061989E-16,0.0871557427476565,0.996194698091746));
#9899=DIRECTION('',(-4.22925583995756E-15,1.,7.96171201520825E-15));
#9900=DIRECTION('',(1.22464679914743E-16,8.09735505292066E-15,-1.));
#9901=DIRECTION('',(4.23272528690951E-15,-1.,-7.96171201520825E-15));
#9902=DIRECTION('',(4.23272528690951E-15,-1.,-7.96171201520825E-15));
#9903=DIRECTION('',(-1.2246467991474E-16,-8.64132093373362E-15,1.));
#9904=DIRECTION('',(0.,1.,0.));
#9905=DIRECTION('',(1.,0.,1.2246467826041E-16));
#9906=DIRECTION('',(-1.,-3.597816494702E-15,-1.2246467826041E-16));
#9907=DIRECTION('',(-1.,-3.59434704775005E-15,-1.2246467826041E-16));
#9908=DIRECTION('',(0.,1.,0.));
#9909=DIRECTION('',(-1.,0.,-1.22464679087556E-16));
#9910=DIRECTION('',(-7.25114407432203E-16,-1.,-7.96171201520825E-15));
#9911=DIRECTION('',(-1.,8.46545056276683E-16,-1.22464679087555E-16));
#9912=DIRECTION('',(0.,1.,0.));
#9913=DIRECTION('',(1.,0.,1.22464679087556E-16));
#9914=DIRECTION('',(7.25114407432203E-16,1.,7.96171201520825E-15));
#9915=DIRECTION('',(1.,-7.25114407432204E-16,1.22464679087556E-16));
#9916=DIRECTION('',(-1.22464679914735E-16,0.,1.));
#9917=DIRECTION('',(-1.,8.46545056276679E-16,-1.22464679914735E-16));
#9918=DIRECTION('',(-0.819152044288994,0.573576436351043,3.95959047905973E-15));
#9919=DIRECTION('',(-1.22464679914735E-16,0.,1.));
#9920=DIRECTION('',(-1.,8.46545056276679E-16,-1.22464679914735E-16));
#9921=DIRECTION('',(0.,-1.,0.));
#9922=DIRECTION('',(-1.,0.,-1.22464679087555E-16));
#9923=DIRECTION('',(-7.25114407432203E-16,-1.,-7.96171201520825E-15));
#9924=DIRECTION('',(-1.,8.46545056276683E-16,-1.22464679087555E-16));
#9925=DIRECTION('',(0.,-1.,0.));
#9926=DIRECTION('',(1.,0.,1.22464679087556E-16));
#9927=DIRECTION('',(0.,1.,0.));
#9928=DIRECTION('',(0.951327791395443,0.,-0.308180845152109));
#9929=DIRECTION('',(-7.25114407432203E-16,-1.,-7.96171201520825E-15));
#9930=DIRECTION('',(0.951327791395443,1.76354573536022E-15,-0.308180845152109));
#9931=DIRECTION('',(8.46545056276682E-16,1.,7.60502771868232E-15));
#9932=DIRECTION('',(1.,0.,1.22464679914735E-16));
#9933=DIRECTION('',(-1.22464679914735E-16,-7.96171201520825E-15,1.));
#9934=DIRECTION('',(-8.46545056276682E-16,-1.,-7.60502771868232E-15));
#9935=DIRECTION('',(-7.2511440696446E-16,-1.,-7.96080373339173E-15));
#9936=DIRECTION('',(0.,-1.,0.));
#9937=DIRECTION('',(0.951327791395443,0.,-0.308180845152109));
#9938=DIRECTION('',(0.,-1.,0.));
#9939=DIRECTION('',(-1.,0.,-1.22464679087555E-16));
#9940=DIRECTION('',(-8.02920938364775E-15,0.999999992343766,0.000123743559924503));
#9941=DIRECTION('',(-4.73971084655604E-14,0.000123743559924503,-0.999999992343766));
#9942=DIRECTION('',(-8.02920938364775E-15,0.999999992343766,0.000123743559924503));
#9943=DIRECTION('',(-6.48858762999297E-11,-0.000123743559924503,0.999999992343766));
#9944=DIRECTION('',(4.67498792482082E-7,0.000123746205577621,-0.999999992343329));
#9945=DIRECTION('',(-2.77835195413104E-8,0.999999992343438,0.000123746205564646));
#9946=DIRECTION('',(0.99999999999989,2.23799915872244E-8,4.67501565500576E-7));
#9947=DIRECTION('',(0.99999999999989,-2.29079973739039E-8,4.67495961283741E-7));
#9948=DIRECTION('',(-0.000228213844680439,-0.999999966302659,-0.000123746202355215));
#9949=DIRECTION('',(5.73216590474059E-15,-0.998801584271274,-0.0489427753319484));
#9950=DIRECTION('',(-1.22317916316112E-16,-0.0489427753319484,0.998801584271274));
#9951=DIRECTION('',(5.73216590474059E-15,-0.998801584271274,-0.0489427753319484));
#9952=DIRECTION('',(-1.16979397840224E-13,-0.0489427753319484,0.998801584271274));
#9953=DIRECTION('',(4.67498792482082E-7,0.000123746205577621,-0.999999992343329));
#9954=DIRECTION('',(-2.77835195413104E-8,0.999999992343438,0.000123746205564646));
#9955=DIRECTION('',(-0.999999999999891,5.78419356328171E-11,-4.67498788903795E-7));
#9956=DIRECTION('',(0.999999999999891,-2.30286066580007E-8,4.674959463588E-7));
#9957=DIRECTION('',(-0.000228213844680439,-0.999999966302659,-0.000123746202355215));
#9958=DIRECTION('',(8.02920938361159E-15,-0.999999992343766,-0.00012374356066672));
#9959=DIRECTION('',(4.73971084655633E-14,-0.00012374356066672,0.999999992343766));
#9960=DIRECTION('',(8.02920938361159E-15,-0.999999992343766,-0.00012374356066672));
#9961=DIRECTION('',(-6.48858759104504E-11,-0.00012374356066672,0.999999992343766));
#9962=DIRECTION('',(-8.02920938364775E-15,0.999999992343766,0.000123743559924503));
#9963=DIRECTION('',(-4.73971084654067E-14,0.000123743559924503,-0.999999992343766));
#9964=DIRECTION('',(-8.02920938364775E-15,0.999999992343766,0.000123743559924503));
#9965=DIRECTION('',(-6.48858762999297E-11,-0.000123743559924503,0.999999992343766));
#9966=DIRECTION('',(8.02920938360986E-15,-0.999999992343766,-0.00012374356070213));
#9967=DIRECTION('',(4.73971084655634E-14,-0.00012374356070213,0.999999992343766));
#9968=DIRECTION('',(8.02920938360986E-15,-0.999999992343766,-0.00012374356070213));
#9969=DIRECTION('',(-6.48858758918689E-11,-0.00012374356070213,0.999999992343766));
#9970=DIRECTION('',(0.573576436351043,0.819152044288994,7.14879856290955E-15));
#9971=DIRECTION('',(0.819152044288994,-0.573576436351043,-3.95959047905973E-15));
#9972=DIRECTION('',(0.573576436351043,0.819152044288994,7.14879856290955E-15));
#9973=DIRECTION('',(0.819152044288994,-0.573576436351043,-3.68975677767231E-15));
#9974=DIRECTION('',(0.,1.,0.));
#9975=DIRECTION('',(0.595189363615577,0.,-0.803585478613747));
#9976=DIRECTION('',(-3.41531466336914E-10,0.996194698091746,-0.0871557427476565));
#9977=DIRECTION('',(-3.90367195344711E-9,-0.0871557427476565,-0.996194698091746));
#9978=DIRECTION('',(-3.41531466336914E-10,0.996194698091746,-0.0871557427476565));
#9979=DIRECTION('',(1.,-3.415331668792E-10,-7.82237606968002E-9));
#9980=DIRECTION('',(1.,3.42836071768534E-10,1.22464680989943E-16));
#9981=DIRECTION('',(0.,-1.,0.));
#9982=DIRECTION('',(0.00814204712730964,0.,-0.999966852984926));
#9983=DIRECTION('',(-1.05020596614907E-14,0.998856127468331,-0.0478166981186325));
#9984=DIRECTION('',(-2.19380405938787E-13,-0.0478166981186325,-0.998856127468331));
#9985=DIRECTION('',(0.,-1.,0.));
#9986=DIRECTION('',(0.00814204712730964,0.,-0.999966852984926));
#9987=DIRECTION('',(0.,1.,0.));
#9988=DIRECTION('',(-1.22464679914735E-16,0.,1.));
#9989=DIRECTION('',(0.,1.,0.));
#9990=DIRECTION('',(0.,-1.,0.));
#9991=DIRECTION('',(0.00814204712730964,0.,-0.999966852984926));
#9992=DIRECTION('',(4.20604089156803E-15,-0.998788954933458,-0.0491998323465808));
#9993=DIRECTION('',(-8.53853963750054E-14,-0.0491998323465808,0.998788954933458));
#9994=DIRECTION('',(4.20604089156803E-15,-0.998788954933458,-0.0491998323465808));
#9995=DIRECTION('',(-1.22316369668299E-16,-0.0491998323465808,0.998788954933458));
#9996=DIRECTION('',(0.,-1.,0.));
#9997=DIRECTION('',(0.00814204712730964,0.,-0.999966852984926));
#9998=DIRECTION('',(-7.25114407432203E-16,-1.,-7.96171201520825E-15));
#9999=DIRECTION('',(0.00814204712730964,7.95554419254207E-15,-0.999966852984926));
#10000=DIRECTION('',(-1.22649855486926E-11,-0.707106783523643,0.707106778849452));
#10001=DIRECTION('',(0.994719434631375,0.0725715036860408,0.0725715041830143));
#10002=DIRECTION('',(8.65956056235494E-17,0.707106781186548,-0.707106781186548));
#10003=DIRECTION('',(-3.08145010059549E-14,-0.707106781186548,-0.707106781186548));
#10004=DIRECTION('',(1.,0.,1.22464679914735E-16));
#10005=DIRECTION('',(-1.,0.,-1.22464679914735E-16));
#10006=DIRECTION('',(1.22464679914735E-16,0.,-1.));
#10007=DIRECTION('',(3.8183510147502E-15,-1.,4.60420218322169E-25));
#10008=DIRECTION('',(-1.,-8.03523914072467E-15,4.87273484044195E-14));
#10009=DIRECTION('',(-1.05020596614907E-14,0.998856127468331,-0.0478166981186325));
#10010=DIRECTION('',(1.22324595931281E-16,-0.0478166981186325,-0.998856127468331));
#10011=DIRECTION('',(0.,-1.,0.));
#10012=DIRECTION('',(0.00814204712730964,0.,-0.999966852984926));
#10013=DIRECTION('',(7.25114407432203E-16,1.,7.96171201520825E-15));
#10014=DIRECTION('',(0.00814204712730964,8.04415570613891E-15,-0.999966852984926));
#10015=DIRECTION('',(8.46545053148118E-16,1.,7.96171201520825E-15));
#10016=DIRECTION('',(-8.46545053148118E-16,-1.,-7.96171201520825E-15));
#10017=DIRECTION('',(1.22464679914735E-16,0.,-1.));
#10018=DIRECTION('',(-1.,7.25114407432203E-16,-1.22464679914735E-16));
#10019=DIRECTION('',(-1.,0.,-1.22464679914735E-16));
#10020=DIRECTION('',(7.25114407432203E-16,1.,8.88009038077477E-32));
#10021=DIRECTION('',(0.,1.,0.));
#10022=DIRECTION('',(0.707110583984395,-0.707102978368248,8.65960713319705E-17));
#10023=DIRECTION('',(1.,-8.46545056276682E-16,3.32301103494388E-16));
#10024=DIRECTION('',(1.,0.,1.22464679914735E-16));
#10025=DIRECTION('',(1.22464679914735E-16,1.38777878078144E-15,-1.));
#10026=DIRECTION('',(1.22464679914735E-16,-2.23122358252927E-30,-1.));
#10027=DIRECTION('',(1.22464679914735E-16,0.,-1.));
#10028=DIRECTION('',(1.,1.73334886646399E-14,1.22464679914735E-16));
#10029=DIRECTION('',(1.,-7.25114407432204E-16,1.22464679087669E-16));
#10030=DIRECTION('',(0.707106781186548,0.707106781186548,8.65956056235494E-17));
#10031=DIRECTION('',(4.1315547851398E-15,-4.00909010522506E-15,-1.));
#10032=DIRECTION('',(-0.577350269120621,0.577350269224132,-0.577350269224124));
#10033=DIRECTION('',(-1.78932876943337E-16,-7.96171201520825E-15,1.));
#10034=DIRECTION('',(0.707102978368248,0.707110583984395,8.65951399126219E-17));
#10035=DIRECTION('',(4.10334209643629E-15,-3.98083459857166E-15,-1.));
#10036=DIRECTION('',(0.707110583984393,-0.707102978368251,-5.67861818070456E-15));
#10037=DIRECTION('',(-1.22464679914733E-16,0.,1.));
#10038=DIRECTION('',(0.,-1.,0.));
#10039=DIRECTION('',(0.00814204712730964,0.,-0.999966852984926));
#10040=DIRECTION('',(-7.25114407432203E-16,-1.,-7.96171201520825E-15));
#10041=DIRECTION('',(0.00814204712730964,7.95554419254207E-15,-0.999966852984926));
#10042=DIRECTION('',(-8.65956056235494E-17,0.707106781186548,0.707106781186548));
#10043=DIRECTION('',(1.,3.6255720412963E-16,-2.40092524214894E-16));
#10044=DIRECTION('',(-1.,7.25114407432204E-16,-1.22464679087669E-16));
#10045=DIRECTION('',(0.,1.,0.));
#10046=DIRECTION('',(-1.,0.,-1.22464679087557E-16));
#10047=DIRECTION('',(1.76941800075739E-16,-1.,-7.96171201520825E-15));
#10048=DIRECTION('',(-1.,-1.76941800075738E-16,-1.22464679087557E-16));
#10049=DIRECTION('',(0.,-1.,0.));
#10050=DIRECTION('',(1.22464678260381E-16,0.,-1.));
#10051=DIRECTION('',(7.25114407432203E-16,1.,7.96171201520825E-15));
#10052=DIRECTION('',(-1.,7.25114407432204E-16,-1.2246467908755E-16));
#10053=DIRECTION('',(0.,-1.,0.));
#10054=DIRECTION('',(-1.,0.,-1.22464679087549E-16));
#10055=DIRECTION('',(-7.25114407432203E-16,-1.,-7.96171201520825E-15));
#10056=DIRECTION('',(-1.,8.46545056276683E-16,-1.22464679087549E-16));
#10057=DIRECTION('',(0.,1.,0.));
#10058=DIRECTION('',(-1.,0.,-1.22464679087549E-16));
#10059=DIRECTION('',(-1.,0.,0.));
#10060=DIRECTION('',(-1.82238095545581E-29,-3.0217648833786E-16,-1.));
#10061=DIRECTION('',(0.,0.,1.));
#10062=DIRECTION('',(0.,-1.,-2.05891914764888E-14));
#10063=DIRECTION('',(0.,0.,-1.));
#10064=DIRECTION('',(0.,-1.,0.));
#10065=DIRECTION('',(0.,-1.,0.));
#10066=DIRECTION('',(0.,0.,1.));
#10067=DIRECTION('',(-4.8722856193259E-50,1.,1.28374647747672E-40));
#10068=DIRECTION('',(-1.,0.,0.));
#10069=DIRECTION('',(0.,0.,-1.));
#10070=DIRECTION('',(0.,-1.,0.));
#10071=DIRECTION('',(0.,-1.,0.));
#10072=DIRECTION('',(1.,0.,3.54304873839603E-17));
#10073=DIRECTION('',(0.5,-1.85018487620755E-15,0.86602540378444));
#10074=DIRECTION('',(1.,-3.45456972390171E-15,-8.9294305213972E-15));
#10075=DIRECTION('',(-0.5,1.85018487620757E-15,-0.866025403784437));
#10076=DIRECTION('',(-1.,3.45456972390171E-15,-9.0002914961652E-15));
#10077=DIRECTION('',(0.500000000000006,-1.85018487620758E-15,0.866025403784435));
#10078=DIRECTION('',(1.,-3.45456972390171E-15,9.00029149616528E-15));
#10079=DIRECTION('',(-0.5,1.85018487620756E-15,-0.866025403784439));
#10080=DIRECTION('',(-1.,3.45456972390171E-15,-9.00029149616512E-15));
#10081=DIRECTION('',(-3.45456972390171E-15,-1.,-1.41912712629035E-16));
#10082=DIRECTION('',(1.,-3.45456972390171E-15,-4.90247360485027E-31));
#10083=DIRECTION('',(-3.45456972390171E-15,-1.,-1.41912712629035E-16));
#10084=DIRECTION('',(1.,-3.45456972390171E-15,3.54304873839598E-17));
#10085=DIRECTION('',(-3.45456972390171E-15,-1.,-1.41912712629035E-16));
#10086=DIRECTION('',(-1.,3.45456972390171E-15,4.90247360485027E-31));
#10087=DIRECTION('',(0.5,-1.85018487620756E-15,0.866025403784438));
#10088=DIRECTION('',(1.,-3.45456972390171E-15,9.00029149616528E-15));
#10089=DIRECTION('',(-0.5,1.85018487620755E-15,-0.86602540378444));
#10090=DIRECTION('',(-1.,3.45456972390171E-15,8.9294305213972E-15));
#10091=DIRECTION('',(1.,0.,1.22464679914771E-16));
#10092=DIRECTION('',(1.22464679914702E-16,0.,-1.));
#10093=DIRECTION('',(1.,-3.4545697252647E-15,-1.11060618319686E-15));
#10094=DIRECTION('',(0.,0.,1.));
#10095=DIRECTION('',(1.,-3.45456972412299E-15,3.54304873839603E-17));
#10096=DIRECTION('',(0.,0.,1.));
#10097=DIRECTION('',(1.,-3.45456972390171E-15,-5.3828995133341E-16));
#10098=DIRECTION('',(0.707106781186319,-2.34240224518777E-15,-0.707106781186776));
#10099=DIRECTION('',(4.73730582236682E-13,1.41912712627398E-16,-1.));
#10100=DIRECTION('',(-0.894427190999915,0.,0.447213595499959));
#10101=DIRECTION('',(1.,-3.45456972390171E-15,-4.76950976305834E-15));
#10102=DIRECTION('',(-0.894427190999915,0.,-0.44721359549996));
#10103=DIRECTION('',(2.36493271000215E-14,-1.41912712629116E-16,1.));
#10104=DIRECTION('',(0.707106781184645,-2.54309706855265E-15,0.70710678118845));
#10105=DIRECTION('',(1.,-3.45456972390171E-15,-5.3828995133341E-16));
#10106=DIRECTION('',(0.,1.,0.));
#10107=DIRECTION('',(0.,0.,1.));
#10108=DIRECTION('',(-1.,4.53693771923432E-15,1.53601778280502E-31));
#10109=DIRECTION('',(-1.22464679914702E-16,0.,1.));
#10110=DIRECTION('',(-1.,0.,-1.22464679914771E-16));
#10111=DIRECTION('',(-4.90247360485027E-31,-1.41912712629035E-16,1.));
#10112=DIRECTION('',(1.,0.,0.));
#10113=DIRECTION('',(-5.7466046094856E-29,-1.66347912150263E-14,-1.));
#10114=DIRECTION('',(0.,0.,1.));
#10115=DIRECTION('',(1.,0.,0.));
#10116=DIRECTION('',(0.,-4.81804279550173E-17,-1.));
#10117=DIRECTION('',(0.,1.,2.05891914764888E-14));
#10118=DIRECTION('',(4.90247360485027E-31,1.41912712629035E-16,-1.));
#10119=DIRECTION('',(3.65720525758875E-15,1.,0.));
#10120=DIRECTION('',(1.,-3.65720525758875E-15,9.76306673193499E-33));
#10121=DIRECTION('',(-3.65720525758875E-15,-1.,1.47196168001604E-16));
#10122=DIRECTION('',(9.76306673193503E-33,9.76306673193499E-33,-1.));
#10123=DIRECTION('',(1.,-3.65720525758875E-15,9.76306673193499E-33));
#10124=DIRECTION('',(-3.65720525758875E-15,-1.,-2.4532694666934E-16));
#10125=DIRECTION('',(-3.65720525758875E-15,-1.,0.));
#10126=DIRECTION('',(-9.76306673193499E-33,0.,1.));
#10127=DIRECTION('',(-3.65720525758875E-15,-1.,-1.38804288715672E-24));
#10128=DIRECTION('',(-1.,3.65720525758875E-15,-9.76306673193499E-33));
#10129=DIRECTION('',(0.,0.,1.));
#10130=DIRECTION('',(-3.65720525758875E-15,-1.,-3.94745964311175E-15));
#10131=DIRECTION('',(0.,0.,1.));
#10132=DIRECTION('',(-3.65720525758875E-15,-1.,2.51500538829069E-19));
#10133=DIRECTION('',(-5.28766985477522E-31,-1.41912712629035E-16,1.));
#10134=DIRECTION('',(3.65720525758875E-15,1.,-1.99590654920737E-15));
#10135=DIRECTION('',(9.76306673193499E-33,-3.57055389822225E-47,-1.));
#10136=DIRECTION('',(-3.65720525758875E-15,-1.,9.97953280561946E-16));
#10137=DIRECTION('',(-5.28766985477522E-31,-1.41912712629035E-16,1.));
#10138=DIRECTION('',(-2.5053137889943E-17,-0.707106781186551,0.707106781186544));
#10139=DIRECTION('',(0.,1.,0.));
#10140=DIRECTION('',(-1.,0.,0.));
#10141=DIRECTION('',(-1.,0.,-1.22464679914771E-16));
#10142=DIRECTION('',(-3.45456972390171E-15,-1.,-1.41912712629035E-16));
#10143=DIRECTION('',(-0.707106781454914,0.,0.707106780918181));
#10144=DIRECTION('',(0.,0.,-1.));
#10145=DIRECTION('',(-3.45456972390171E-15,-1.,-1.41912712629035E-16));
#10146=DIRECTION('',(-0.707106780918187,0.,-0.707106781454908));
#10147=DIRECTION('',(1.,-4.53114962656853E-15,-5.3828995133341E-16));
#10148=DIRECTION('',(4.90247360485027E-31,1.41912712629035E-16,-1.));
#10149=DIRECTION('',(-1.,3.45456972390171E-15,0.));
#10150=DIRECTION('',(-2.16647683080926E-29,-1.41912712629035E-16,1.));
#10151=DIRECTION('',(1.,-3.45456972390171E-15,0.));
#10152=DIRECTION('',(4.90247360485027E-31,1.41912712629035E-16,-1.));
#10153=DIRECTION('',(-3.45456972390171E-15,-1.,-1.41912712629035E-16));
#10154=DIRECTION('',(0.707106781186548,0.,0.707106781186548));
#10155=DIRECTION('',(0.,1.41912712629035E-16,-1.));
#10156=DIRECTION('',(1.,-3.45456972390171E-15,0.));
#10157=DIRECTION('',(-3.45456972390171E-15,-1.,-1.41912712629035E-16));
#10158=DIRECTION('',(0.707106781186554,0.,0.707106781186541));
#10159=DIRECTION('',(-2.48793253950729E-14,9.0988799640122E-29,1.));
#10160=DIRECTION('',(-3.45456972390171E-15,-1.,-1.41912712629035E-16));
#10161=DIRECTION('',(0.707106781186554,0.,-0.707106781186541));
#10162=DIRECTION('',(1.,0.,0.));
#10163=DIRECTION('',(3.45456972390171E-15,1.,1.41912712629035E-16));
#10164=DIRECTION('',(-0.707106781186554,0.,0.707106781186541));
#10165=DIRECTION('',(0.,0.,-1.));
#10166=DIRECTION('',(1.,-3.4545697252647E-15,0.));
#10167=DIRECTION('',(3.3090672328334E-15,1.,0.));
#10168=DIRECTION('',(0.,-1.,0.));
#10169=DIRECTION('',(0.,0.,-1.));
#10170=DIRECTION('',(3.65720525758875E-15,1.,0.));
#10171=DIRECTION('',(3.13474736364748E-15,1.,-2.53960601017952E-15));
#10172=DIRECTION('',(1.,1.22464669140116E-16,-1.1842378929335E-14));
#10173=DIRECTION('',(0.,1.,0.));
#10174=DIRECTION('',(1.,-3.45456972390171E-15,-1.1842378929335E-14));
#10175=DIRECTION('',(0.,1.,0.));
#10176=DIRECTION('',(0.,0.,1.));
#10177=DIRECTION('',(8.89360144107291E-15,8.01318919429168E-17,1.));
#10178=DIRECTION('',(1.,2.04245828016726E-25,-7.8949192862231E-15));
#10179=DIRECTION('',(1.1842378929335E-14,8.01318922550572E-17,1.));
#10180=DIRECTION('',(-1.,0.,0.));
#10181=DIRECTION('',(0.,3.52176256319429E-16,1.));
#10182=DIRECTION('',(-3.1347473636475E-15,-1.,3.71228661280475E-29));
#10183=DIRECTION('',(8.89360144107291E-15,8.01318919429168E-17,1.));
#10184=DIRECTION('',(3.1347473636475E-15,1.,0.));
#10185=DIRECTION('',(8.89360144107291E-15,3.52176256319429E-16,1.));
#10186=DIRECTION('',(1.,0.,0.));
#10187=DIRECTION('',(0.,0.,-1.));
#10188=DIRECTION('',(0.,0.,1.));
#10189=DIRECTION('',(0.,1.,0.));
#10190=DIRECTION('',(0.,0.,1.));
#10191=DIRECTION('',(-3.65720525758875E-15,-1.,-7.84267113491419E-14));
#10192=DIRECTION('',(0.,1.,0.));
#10193=DIRECTION('',(-9.47975793878952E-24,4.23304845449779E-25,1.));
#10194=DIRECTION('',(0.,0.,-1.));
#10195=DIRECTION('',(1.,0.,0.));
#10196=DIRECTION('',(1.,0.,0.));
#10197=DIRECTION('',(0.,0.,1.));
#10198=DIRECTION('',(9.14301314397187E-16,1.,0.));
#10199=DIRECTION('',(0.707106781186548,0.707106781186548,0.));
#10200=DIRECTION('',(3.65720525758875E-15,1.,1.38804288715672E-24));
#10201=DIRECTION('',(0.,0.,1.));
#10202=DIRECTION('',(9.14301314397187E-16,1.,0.));
#10203=DIRECTION('',(3.13474736364746E-15,1.,-4.17142556175664E-15));
#10204=DIRECTION('',(0.707106781186548,-0.707106781186548,0.));
#10205=DIRECTION('',(-3.18637866041626E-15,-1.,4.17142556175664E-15));
#10206=DIRECTION('',(-1.,0.,0.));
#10207=DIRECTION('',(-3.26963828944635E-49,-1.,-1.28374647747672E-40));
#10208=DIRECTION('',(-1.,0.,0.));
#10209=DIRECTION('',(0.,-1.,0.));
#10210=DIRECTION('',(0.,0.,-1.));
#10211=DIRECTION('',(3.09847038140868E-15,1.,6.36717536721759E-14));
#10212=DIRECTION('',(0.,0.,-1.));
#10213=DIRECTION('',(-1.,0.,0.));
#10214=DIRECTION('',(2.15947684972561E-15,0.,1.));
#10215=DIRECTION('',(1.,-3.1347473636475E-15,-8.89360144107291E-15));
#10216=DIRECTION('',(8.89360144099061E-15,0.,1.));
#10217=DIRECTION('',(-3.26963828944635E-49,-1.,-1.28374647747672E-40));
#10218=DIRECTION('',(0.,-1.28374647747672E-40,1.));
#10219=DIRECTION('',(1.,0.,0.));
#10220=DIRECTION('',(0.,0.,1.));
#10221=DIRECTION('',(0.,1.,0.));
#10222=DIRECTION('',(0.,0.,-1.));
#10223=DIRECTION('',(0.,1.,0.));
#10224=DIRECTION('',(-9.47975793878952E-24,4.23304845449779E-25,1.));
#10225=DIRECTION('',(0.,0.,1.));
#10226=DIRECTION('',(-1.,0.,0.));
#10227=DIRECTION('',(0.439732612032311,-0.182143211721522,-0.879465224064607));
#10228=DIRECTION('',(0.812519920068754,-0.336556770590762,0.475963149477964));
#10229=DIRECTION('',(-1.77635683940026E-14,-1.,0.));
#10230=DIRECTION('',(0.,0.,1.));
#10231=DIRECTION('',(0.707106781186548,0.707106781186548,-2.51214793389405E-14));
#10232=DIRECTION('',(0.707106781186548,-0.707106781186548,0.));
#10233=DIRECTION('',(0.,0.,1.));
#10234=DIRECTION('',(1.,0.,0.));
#10235=DIRECTION('',(-0.707106781186548,-0.707106781186548,0.));
#10236=DIRECTION('',(0.5,-0.5,0.707106781186547));
#10237=DIRECTION('',(0.70710678118655,0.707106781186545,0.));
#10238=DIRECTION('',(-0.70710678118655,-0.707106781186545,0.));
#10239=DIRECTION('',(-9.76306673193503E-33,-9.76306673193499E-33,1.));
#10240=DIRECTION('',(-0.923879532511285,0.382683432365094,0.));
#10241=DIRECTION('',(-9.76306673193503E-33,-9.76306673193499E-33,1.));
#10242=DIRECTION('',(0.,-1.,0.));
#10243=DIRECTION('',(-0.707106781186554,0.,0.707106781186541));
#10244=DIRECTION('',(-3.65720525758875E-15,-1.,0.));
#10245=DIRECTION('',(-0.439732612032316,0.182143211721524,-0.879465224064604));
#10246=DIRECTION('',(0.812519920068731,-0.336556770590793,-0.475963149477981));
#10247=DIRECTION('',(0.707106781186556,0.707106781186539,0.));
#10248=DIRECTION('',(0.,0.,-1.));
#10249=DIRECTION('',(0.,-1.,0.));
#10250=DIRECTION('',(1.,0.,0.));
#10251=DIRECTION('',(0.,0.,-1.));
#10252=DIRECTION('',(0.707106781186548,-0.707106781186548,0.));
#10253=DIRECTION('',(0.,1.,0.));
#10254=DIRECTION('',(0.707106781186554,0.,-0.707106781186541));
#10255=DIRECTION('',(-5.92118946466749E-15,-1.,0.));
#10256=DIRECTION('',(5.92118946466749E-15,1.,0.));
#10257=DIRECTION('',(-1.30878590298739E-61,-2.21034288937566E-47,1.));
#10258=DIRECTION('',(0.923879532511285,-0.382683432365094,0.));
#10259=DIRECTION('',(1.30878590298739E-61,2.21034288937566E-47,-1.));
#10260=DIRECTION('',(-1.30878590298739E-61,-2.21034288937566E-47,1.));
#10261=DIRECTION('',(0.707106781186548,0.707106781186548,0.));
#10262=DIRECTION('',(0.5,-0.5,-0.707106781186547));
#10263=DIRECTION('',(-0.70710678118655,-0.707106781186545,0.));
#10264=DIRECTION('',(0.70710678118655,0.707106781186545,0.));
#10265=DIRECTION('',(0.,-1.,0.));
#10266=DIRECTION('',(0.707106781186554,0.,0.707106781186541));
#10267=DIRECTION('',(3.65720525758875E-15,1.,0.));
#10268=DIRECTION('',(5.92118946466749E-15,1.,0.));
#10269=DIRECTION('',(0.,0.,-1.));
#10270=DIRECTION('',(-3.65720525758875E-15,-1.,0.));
#10271=DIRECTION('',(3.65720525758875E-15,1.,0.));
#10272=DIRECTION('',(3.65720525758875E-15,1.,0.));
#10273=DIRECTION('',(0.707106781186548,-0.707106781186548,0.));
#10274=DIRECTION('',(-1.10517144468783E-47,-1.10517144468783E-47,-1.));
#10275=DIRECTION('',(-0.439732612032309,-0.182143211721549,-0.879465224064603));
#10276=DIRECTION('',(-0.812519920068718,-0.336556770590815,0.475963149477988));
#10277=DIRECTION('',(-0.707106781186583,0.707106781186512,0.));
#10278=DIRECTION('',(0.,0.,1.));
#10279=DIRECTION('',(-1.57772181044201E-28,-1.,-1.77635683940026E-14));
#10280=DIRECTION('',(-1.,0.,8.88178419700113E-15));
#10281=DIRECTION('',(8.88178419700113E-15,3.67895547246891E-15,1.));
#10282=DIRECTION('',(-0.70710678118653,-0.707106781186565,8.88178419700105E-15));
#10283=DIRECTION('',(0.,1.,0.));
#10284=DIRECTION('',(-0.707106781186554,0.,0.707106781186541));
#10285=DIRECTION('',(-3.1347473636475E-15,-1.,0.));
#10286=DIRECTION('',(-0.707106781186554,0.,0.707106781186541));
#10287=DIRECTION('',(-5.92118946466749E-15,-1.,2.47485774186982E-29));
#10288=DIRECTION('',(5.92118946466749E-15,1.,-2.47485774186982E-29));
#10289=DIRECTION('',(5.92118946466749E-15,1.,-2.47485774186982E-29));
#10290=DIRECTION('',(0.439732612032282,0.182143211721522,-0.879465224064622));
#10291=DIRECTION('',(-0.812519920068739,-0.336556770590812,-0.475963149477955));
#10292=DIRECTION('',(-0.707106781186556,0.707106781186539,0.));
#10293=DIRECTION('',(-0.707106781186539,-0.707106781186556,8.88178419700116E-15));
#10294=DIRECTION('',(-8.88178419700113E-15,-3.67895547246891E-15,-1.));
#10295=DIRECTION('',(-1.,0.,8.88178419700113E-15));
#10296=DIRECTION('',(-1.77635683940023E-14,-1.,0.));
#10297=DIRECTION('',(0.,0.,-1.));
#10298=DIRECTION('',(0.,0.,-1.));
#10299=DIRECTION('',(-0.923879532511284,-0.382683432365096,0.));
#10300=DIRECTION('',(8.88178419700123E-15,4.46247116395779E-30,1.));
#10301=DIRECTION('',(-8.88178419700123E-15,-4.46247116395779E-30,-1.));
#10302=DIRECTION('',(0.,-1.,0.));
#10303=DIRECTION('',(-0.70710678118656,0.,-0.707106781186535));
#10304=DIRECTION('',(-3.1347473636475E-15,-1.,0.));
#10305=DIRECTION('',(-0.70710678118656,0.,-0.707106781186535));
#10306=DIRECTION('',(-5.92118946466749E-15,-1.,0.));
#10307=DIRECTION('',(5.92118946466749E-15,1.,0.));
#10308=DIRECTION('',(-1.,3.1347473636475E-15,8.89360144107291E-15));
#10309=DIRECTION('',(-3.1347473636475E-15,-1.,-1.96261557335476E-16));
#10310=DIRECTION('',(0.,-1.,0.));
#10311=DIRECTION('',(0.707106781186548,0.,-0.707106781186548));
#10312=DIRECTION('',(-3.1347473636475E-15,-1.,-5.60519385729927E-45));
#10313=DIRECTION('',(3.1347473636475E-15,1.,5.60519385729927E-45));
#10314=DIRECTION('',(0.707106781186548,0.707106781186548,0.));
#10315=DIRECTION('',(0.707106781186548,-0.707106781186548,0.));
#10316=DIRECTION('',(-0.707106781186548,0.707106781186548,0.));
#10317=DIRECTION('',(-0.499999999999994,-0.499999999999994,0.707106781186556));
#10318=DIRECTION('',(0.707106781186558,-0.707106781186537,-6.2803698347352E-15));
#10319=DIRECTION('',(-0.707106781186558,0.707106781186537,6.2803698347352E-15));
#10320=DIRECTION('',(-1.,3.1347473636475E-15,8.89360144107291E-15));
#10321=DIRECTION('',(-3.13474736364742E-15,-1.,9.22429319476724E-15));
#10322=DIRECTION('',(0.,0.,-1.));
#10323=DIRECTION('',(0.923879532511284,0.382683432365096,0.));
#10324=DIRECTION('',(8.89360144107291E-15,-1.18172440716697E-17,1.));
#10325=DIRECTION('',(-8.89360144107291E-15,1.18172440716697E-17,-1.));
#10326=DIRECTION('',(0.707106781186548,-0.707106781186548,0.));
#10327=DIRECTION('',(-0.5,-0.5,-0.707106781186541));
#10328=DIRECTION('',(-0.707106781186558,0.707106781186537,0.));
#10329=DIRECTION('',(0.707106781186558,-0.707106781186537,0.));
#10330=DIRECTION('',(0.,1.,0.));
#10331=DIRECTION('',(0.707106781186585,0.,0.70710678118651));
#10332=DIRECTION('',(3.1347473636475E-15,1.,0.));
#10333=DIRECTION('',(0.707106781186585,0.,0.70710678118651));
#10334=DIRECTION('',(-3.1347473636475E-15,-1.,0.));
#10335=DIRECTION('',(3.1347473636475E-15,1.,0.));
#10336=DIRECTION('',(-0.707106781186548,-0.707106781186548,0.));
#10337=DIRECTION('',(4.44089209850062E-15,-4.44089209850062E-15,1.));
#10338=DIRECTION('',(1.,0.,0.));
#10339=DIRECTION('',(0.,0.,-1.));
#10340=DIRECTION('',(0.,0.,-1.));
#10341=DIRECTION('',(-1.,0.,0.));
#10342=DIRECTION('',(-1.,0.,0.));
#10343=DIRECTION('',(0.,0.,1.));
#10344=DIRECTION('',(-2.07359803704079E-14,6.50020597987825E-29,-1.));
#10345=DIRECTION('',(0.,0.,-1.));
#10346=DIRECTION('',(-1.,0.,0.));
#10347=DIRECTION('',(-1.,5.92118946466749E-15,8.88178419700123E-15));
#10348=DIRECTION('',(1.,0.,0.));
#10349=DIRECTION('',(3.26511964404132E-15,0.,-1.));
#10350=DIRECTION('',(-4.8722856193259E-50,1.,1.28374647747672E-40));
#10351=DIRECTION('',(0.,1.28374647747672E-40,-1.));
#10352=DIRECTION('',(0.,-1.,0.));
#10353=DIRECTION('',(0.,0.,1.));
#10354=DIRECTION('',(0.,1.,0.));
#10355=DIRECTION('',(-0.707106781454914,0.,0.707106780918181));
#10356=DIRECTION('',(-3.65720525758875E-15,-1.,-1.38804288715672E-24));
#10357=DIRECTION('',(0.,-1.,0.));
#10358=DIRECTION('',(0.707106781952834,0.,0.707106780420261));
#10359=DIRECTION('',(-3.1347473636475E-15,-1.,0.));
#10360=DIRECTION('',(0.707106781952834,0.,0.707106780420261));
#10361=DIRECTION('',(3.1347473636475E-15,1.,1.18975104613433E-24));
#10362=DIRECTION('',(3.1347473636475E-15,1.,1.18975104613433E-24));
#10363=DIRECTION('',(0.,1.,0.));
#10364=DIRECTION('',(3.26963828944635E-49,1.,1.28374647747672E-40));
#10365=DIRECTION('',(0.707106780420242,0.,-0.707106781952853));
#10366=DIRECTION('',(-3.1347473636475E-15,-1.,0.));
#10367=DIRECTION('',(0.707106780420242,0.,-0.707106781952853));
#10368=DIRECTION('',(-3.26963828944635E-49,-1.,-1.28374647747672E-40));
#10369=DIRECTION('',(-3.1347473636475E-15,-1.,-1.18975104613433E-24));
#10370=DIRECTION('',(-3.26963828944635E-49,-1.,-1.28374647747672E-40));
#10371=DIRECTION('',(1.,0.,0.));
#10372=DIRECTION('',(-5.50731709065882E-27,-1.41912728827681E-16,1.));
#10373=DIRECTION('',(0.,0.,-1.));
#10374=DIRECTION('',(0.,1.,0.));
#10375=DIRECTION('',(0.,1.,0.));
#10376=DIRECTION('',(0.,-1.,0.));
#10377=DIRECTION('',(0.,0.,-1.));
#10378=DIRECTION('',(0.,-1.,0.));
#10379=DIRECTION('',(-1.,1.83196879297818E-15,2.59979660863272E-31));
#10380=DIRECTION('',(3.45456972390171E-15,1.,1.41912712629035E-16));
#10381=DIRECTION('',(-1.,0.,0.));
#10382=DIRECTION('',(0.,1.,0.));
#10383=DIRECTION('',(1.,0.,0.));
#10384=DIRECTION('',(0.,1.,0.));
#10385=DIRECTION('',(0.,1.,0.));
#10386=DIRECTION('',(-1.,0.,0.));
#10387=DIRECTION('',(0.,1.,0.));
#10388=DIRECTION('',(0.,1.,0.));
#10389=DIRECTION('',(1.,0.,0.));
#10390=DIRECTION('',(0.,1.,0.));
#10391=DIRECTION('',(0.,1.,0.));
#10392=DIRECTION('',(-1.,0.,0.));
#10393=DIRECTION('',(0.,1.,0.));
#10394=DIRECTION('',(0.,1.,0.));
#10395=DIRECTION('',(1.,0.,0.));
#10396=DIRECTION('',(0.,-1.,0.));
#10397=DIRECTION('',(1.,-1.83196879297818E-15,-2.59979660863272E-31));
#10398=DIRECTION('',(3.45456972390171E-15,1.,1.41912712629035E-16));
#10399=DIRECTION('',(1.,0.,0.));
#10400=DIRECTION('',(0.,1.,0.));
#10401=DIRECTION('',(1.,0.,0.));
#10402=DIRECTION('',(0.,1.,0.));
#10403=DIRECTION('',(0.,1.,0.));
#10404=DIRECTION('',(-1.,0.,0.));
#10405=DIRECTION('',(0.,1.,0.));
#10406=DIRECTION('',(0.,1.,0.));
#10407=DIRECTION('',(1.,0.,0.));
#10408=DIRECTION('',(0.,1.,0.));
#10409=DIRECTION('',(0.,1.,0.));
#10410=DIRECTION('',(-1.,0.,0.));
#10411=DIRECTION('',(0.,1.,0.));
#10412=DIRECTION('',(0.,1.,0.));
#10413=DIRECTION('',(1.,0.,0.));
#10414=DIRECTION('',(0.,-1.,0.));
#10415=DIRECTION('',(1.,-1.75161281775298E-15,3.54304873839601E-17));
#10416=DIRECTION('',(0.,-1.,0.));
#10417=DIRECTION('',(1.,0.,3.54304873839603E-17));
#10418=DIRECTION('',(0.,-1.,0.));
#10419=DIRECTION('',(0.,0.,-1.));
#10420=DIRECTION('',(-0.707106781186548,-0.707106781186548,0.));
#10421=DIRECTION('',(1.17537071936961E-14,-1.17537071936961E-14,1.));
#10422=DIRECTION('',(-0.707106781186548,-0.707106781186548,1.66222521214873E-14));
#10423=DIRECTION('',(-0.707106781186548,0.707106781186548,1.65978075761402E-14));
#10424=DIRECTION('',(0.,0.,-1.));
#10425=DIRECTION('',(0.707106781186548,-0.707106781186548,1.57259777247278E-14));
#10426=DIRECTION('',(0.577350269188594,-0.57735026918858,0.577350269191703));
#10427=DIRECTION('',(-0.707106781186548,0.707106781186548,-6.79869977755268E-16));
#10428=DIRECTION('',(0.,-1.,0.));
#10429=DIRECTION('',(-0.933419398651225,0.,0.358787160056748));
#10430=DIRECTION('',(0.408248290463856,0.408248290463865,-0.816496580927729));
#10431=DIRECTION('',(-0.182574185835052,0.912870929175277,0.365148371670112));
#10432=DIRECTION('',(0.,-1.,0.));
#10433=DIRECTION('',(1.22464669140117E-16,-1.,8.01318919429157E-17));
#10434=DIRECTION('',(-0.933419398651225,3.47850194275298E-15,0.358787160056748));
#10435=DIRECTION('',(-0.408248290463864,-0.408248290463864,0.816496580927725));
#10436=DIRECTION('',(0.707106781186547,-0.707106781186548,2.50531360225682E-17));
#10437=DIRECTION('',(0.577350269189623,0.577350269189627,0.577350269189627));
#10438=DIRECTION('',(0.707106781186548,-0.707106781186548,0.));
#10439=DIRECTION('',(0.707106781186548,-0.707106781186548,0.));
#10440=DIRECTION('',(2.36794334762028E-13,2.36794334762028E-13,-1.));
#10441=DIRECTION('',(-0.707106781186549,-0.707106781186546,2.51551891769505E-15));
#10442=DIRECTION('',(0.577350269189594,0.577350269189319,-0.577350269189965));
#10443=DIRECTION('',(0.707106781186549,0.707106781186546,-5.74628786740373E-13));
#10444=DIRECTION('',(0.,0.,1.));
#10445=DIRECTION('',(0.707106781186546,-0.707106781186549,3.34877759713573E-13));
#10446=DIRECTION('',(0.707106781186549,0.707106781186546,3.34928050007045E-13));
#10447=DIRECTION('',(0.408248290463864,-0.408248290463862,0.816496580927726));
#10448=DIRECTION('',(0.707106781186546,0.707106781186549,2.50531393312906E-17));
#10449=DIRECTION('',(-0.408248290463872,0.408248290463861,-0.816496580927722));
#10450=DIRECTION('',(0.182574185835059,0.912870929175278,0.365148371670107));
#10451=DIRECTION('',(0.707106781186546,0.707106781186549,0.));
#10452=DIRECTION('',(0.577350269189626,-0.577350269189626,-0.577350269189626));
#10453=DIRECTION('',(0.,-1.,0.));
#10454=DIRECTION('',(0.93341939405138,0.,0.358787172023687));
#10455=DIRECTION('',(1.22464669140117E-16,-1.,8.01318919429157E-17));
#10456=DIRECTION('',(0.93341939405138,-3.47850192561109E-15,0.358787172023687));
#10457=DIRECTION('',(3.72662272476805E-15,1.,0.));
#10458=DIRECTION('',(0.,-0.707106781186548,0.707106781186548));
#10459=DIRECTION('',(1.,-6.5747001957831E-16,-6.5747001957831E-16));
#10460=DIRECTION('',(-1.,3.45456972390171E-15,4.76950976305834E-15));
#10461=DIRECTION('',(0.,0.,1.));
#10462=DIRECTION('',(-1.,3.50745844154853E-15,0.));
#10463=DIRECTION('',(0.,-1.,0.));
#10464=DIRECTION('',(-1.,0.,0.));
#10465=DIRECTION('',(1.,0.,0.));
#10466=DIRECTION('',(1.,0.,0.));
#10467=DIRECTION('',(3.46398538157498E-9,-3.46397249507796E-9,1.));
#10468=DIRECTION('',(1.,0.,-3.46398538157498E-9));
#10469=DIRECTION('',(-1.,0.,0.));
#10470=DIRECTION('',(0.,1.,0.));
#10471=DIRECTION('',(1.,0.,0.));
#10472=DIRECTION('',(-1.,0.,0.));
#10473=DIRECTION('',(0.,1.,0.));
#10474=DIRECTION('',(3.46749870910986E-9,-3.46454056623659E-9,1.));
#10475=DIRECTION('',(1.,0.,-3.46749870910986E-9));
#10476=DIRECTION('',(3.4649783042795E-9,-3.46297990283517E-9,1.));
#10477=DIRECTION('',(1.,0.,-3.4649783042795E-9));
#10478=DIRECTION('',(3.46397910355733E-9,-3.46098149712233E-9,1.));
#10479=DIRECTION('',(1.,0.,-3.46397910355733E-9));
#10480=DIRECTION('',(3.46397910355733E-9,-3.46306275538812E-9,1.));
#10481=DIRECTION('',(1.,0.,-3.46397910355733E-9));
#10482=DIRECTION('',(-1.,-1.22464669140116E-16,4.76950976305834E-15));
#10483=DIRECTION('',(1.,0.,0.));
#10484=DIRECTION('',(0.,5.77233879770331E-15,1.));
#10485=DIRECTION('',(0.,1.,0.));
#10486=DIRECTION('',(0.,0.,1.));
#10487=DIRECTION('',(-0.707106781186548,0.,-0.707106781186548));
#10488=DIRECTION('',(-0.707106781186548,2.34240224518777E-15,0.707106781186548));
#10489=DIRECTION('',(-3.72662272476805E-15,-1.,-1.32036059434674E-31));
#10490=DIRECTION('',(0.707106781186548,0.,-0.707106781186548));
#10491=DIRECTION('',(3.72662272476805E-15,1.,0.));
#10492=DIRECTION('',(0.707106781186548,0.,-0.707106781186548));
#10493=DIRECTION('',(-0.707106781186548,2.54309706855265E-15,-0.707106781186548));
#10494=DIRECTION('',(3.72662272476805E-15,1.,0.));
#10495=DIRECTION('',(0.707106781186548,0.,0.707106781186548));
#10496=DIRECTION('',(3.72662272476805E-15,1.,1.32036059434674E-31));
#10497=DIRECTION('',(0.,0.,-1.));
#10498=DIRECTION('',(-1.,3.45456972945577E-15,0.));
#10499=DIRECTION('',(1.,0.,0.));
#10500=DIRECTION('',(-3.32375873105856E-57,1.,3.02843184643088E-27));
#10501=DIRECTION('',(1.,1.22464669140051E-16,-8.12647823538234E-13));
#10502=DIRECTION('',(0.,0.,-1.));
#10503=DIRECTION('',(-1.,3.45456972945577E-15,0.));
#10504=DIRECTION('',(0.,1.,0.));
#10505=DIRECTION('',(1.,1.22464669140118E-16,2.22398909798872E-14));
#10506=DIRECTION('',(0.,-1.,0.));
#10507=DIRECTION('',(1.,0.,0.));
#10508=DIRECTION('',(1.,0.,1.09751808843766E-30));
#10509=DIRECTION('',(-1.09751808843766E-30,8.96191608685075E-15,1.));
#10510=DIRECTION('',(-1.09751808843766E-30,0.,1.));
#10511=DIRECTION('',(0.,-1.,0.));
#10512=DIRECTION('',(-1.09751808843766E-30,8.01318919429157E-17,1.));
#10513=DIRECTION('',(0.,1.,0.));
#10514=DIRECTION('',(-7.78652021626076E-22,4.17662334356905E-24,1.));
#10515=DIRECTION('',(-1.,0.,0.));
#10516=DIRECTION('',(-1.,0.,0.));
#10517=DIRECTION('',(3.43328924737102E-24,-8.96191611628693E-15,-1.));
#10518=DIRECTION('',(0.,0.,-1.));
#10519=DIRECTION('',(0.,0.,-1.));
#10520=DIRECTION('',(0.,-1.,0.));
#10521=DIRECTION('',(0.,1.,0.));
#10522=DIRECTION('',(-7.78652021626076E-22,4.17662334356905E-24,1.));
#10523=DIRECTION('',(-1.,0.,0.));
#10524=DIRECTION('',(0.,0.,1.));
#10525=DIRECTION('',(-1.,-3.31068515053095E-16,0.));
#10526=DIRECTION('',(-1.,-1.22464669140117E-16,-3.2090394551224E-15));
#10527=DIRECTION('',(0.,-1.,0.));
#10528=DIRECTION('',(-1.,0.,0.));
#10529=DIRECTION('',(0.,-1.,0.));
#10530=DIRECTION('',(1.,0.,0.));
#10531=DIRECTION('',(0.,8.01318919429154E-17,1.));
#10532=DIRECTION('',(2.26300437587311E-15,-8.01318919429154E-17,-1.));
#10533=DIRECTION('',(0.,-1.,0.));
#10534=DIRECTION('',(0.,0.,1.));
#10535=DIRECTION('',(-2.26300437587311E-15,8.01318919429154E-17,1.));
#10536=DIRECTION('',(0.,1.,0.));
#10537=DIRECTION('',(0.,-1.,0.));
#10538=DIRECTION('',(1.,0.,3.54304873839603E-17));
#10539=DIRECTION('',(0.5,0.,0.866025403784439));
#10540=DIRECTION('',(-1.,0.,0.));
#10541=DIRECTION('',(-0.500000000000006,0.,-0.866025403784435));
#10542=DIRECTION('',(1.,0.,0.));
#10543=DIRECTION('',(1.,0.,0.));
#10544=DIRECTION('',(0.5,0.,0.866025403784437));
#10545=DIRECTION('',(-1.,0.,0.));
#10546=DIRECTION('',(-0.5,0.,-0.86602540378444));
#10547=DIRECTION('',(-1.,0.,0.));
#10548=DIRECTION('',(-0.5,0.,-0.866025403784438));
#10549=DIRECTION('',(1.,0.,0.));
#10550=DIRECTION('',(0.5,0.,0.86602540378444));
#10551=DIRECTION('',(0.00362299142328483,0.,-0.999993436945037));
#10552=DIRECTION('',(1.,0.,5.29855630247139E-41));
#10553=DIRECTION('',(0.,0.,-1.));
#10554=DIRECTION('',(1.,-3.45308350828976E-15,0.));
#10555=DIRECTION('',(1.,-3.45456972390171E-15,9.00029149616512E-15));
#10556=DIRECTION('',(0.,-1.,0.));
#10557=DIRECTION('',(3.72662272476805E-15,1.,0.));
#10558=DIRECTION('',(0.,1.,0.));
#10559=DIRECTION('',(0.,0.,1.));
#10560=DIRECTION('',(0.,-1.,0.));
#10561=DIRECTION('',(1.,0.,0.));
#10562=DIRECTION('',(0.,0.,-1.));
#10563=DIRECTION('',(1.,0.,0.));
#10564=DIRECTION('',(0.,1.,0.));
#10565=DIRECTION('',(0.,0.,1.));
#10566=DIRECTION('',(0.,-1.,0.));
#10567=DIRECTION('',(1.,0.,0.));
#10568=DIRECTION('',(1.,0.,0.));
#10569=DIRECTION('',(0.,0.,1.));
#10570=DIRECTION('',(0.,1.,0.));
#10571=DIRECTION('',(0.,0.,1.));
#10572=DIRECTION('',(0.,-1.,0.));
#10573=DIRECTION('',(1.,0.,0.));
#10574=DIRECTION('',(0.,0.,1.));
#10575=DIRECTION('',(-1.,0.,0.));
#10576=DIRECTION('',(0.,1.,0.));
#10577=DIRECTION('',(0.,0.,1.));
#10578=DIRECTION('',(0.,-1.,0.));
#10579=DIRECTION('',(1.,0.,0.));
#10580=DIRECTION('',(-1.,0.,0.));
#10581=DIRECTION('',(0.,0.,-1.));
#10582=DIRECTION('',(1.,0.,0.));
#10583=DIRECTION('',(0.,0.,-1.));
#10584=DIRECTION('',(0.,1.,0.));
#10585=DIRECTION('',(0.,0.,1.));
#10586=DIRECTION('',(0.,1.,0.));
#10587=DIRECTION('',(-1.,0.,0.));
#10588=DIRECTION('',(0.,0.,1.));
#10589=DIRECTION('',(0.,0.,-1.));
#10590=DIRECTION('',(0.,1.,0.));
#10591=DIRECTION('',(0.,1.,0.));
#10592=DIRECTION('',(0.,1.,0.));
#10593=DIRECTION('',(1.,0.,0.));
#10594=DIRECTION('',(1.,0.,0.));
#10595=DIRECTION('',(0.,0.,1.));
#10596=DIRECTION('',(1.,0.,0.));
#10597=DIRECTION('',(1.,0.,0.));
#10598=DIRECTION('',(1.,0.,0.));
#10599=DIRECTION('',(0.,0.,-1.));
#10600=DIRECTION('',(-1.,0.,0.));
#10601=DIRECTION('',(-1.,0.,0.));
#10602=DIRECTION('',(-1.,0.,0.));
#10603=DIRECTION('',(-1.,0.,0.));
#10604=DIRECTION('',(0.,-1.,0.));
#10605=DIRECTION('',(-1.,0.,0.));
#10606=DIRECTION('',(0.,-1.,0.));
#10607=DIRECTION('',(-1.,0.,0.));
#10608=DIRECTION('',(0.,1.,0.));
#10609=DIRECTION('',(1.,0.,0.));
#10610=DIRECTION('',(0.,1.,0.));
#10611=DIRECTION('',(0.,0.,1.));
#10612=DIRECTION('',(0.,-1.,0.));
#10613=DIRECTION('',(1.,0.,0.));
#10614=DIRECTION('',(0.,0.,-1.));
#10615=DIRECTION('',(1.,0.,0.));
#10616=DIRECTION('',(0.,1.,0.));
#10617=DIRECTION('',(0.,0.,1.));
#10618=DIRECTION('',(0.,-1.,0.));
#10619=DIRECTION('',(1.,0.,0.));
#10620=DIRECTION('',(1.,0.,0.));
#10621=DIRECTION('',(0.,0.,1.));
#10622=DIRECTION('',(0.,1.,0.));
#10623=DIRECTION('',(0.,0.,1.));
#10624=DIRECTION('',(0.,-1.,0.));
#10625=DIRECTION('',(1.,0.,0.));
#10626=DIRECTION('',(0.,0.,1.));
#10627=DIRECTION('',(-1.,0.,0.));
#10628=DIRECTION('',(0.,1.,0.));
#10629=DIRECTION('',(0.,0.,1.));
#10630=DIRECTION('',(0.,-1.,0.));
#10631=DIRECTION('',(1.,0.,0.));
#10632=DIRECTION('',(-1.,0.,0.));
#10633=DIRECTION('',(0.,0.,-1.));
#10634=DIRECTION('',(1.,0.,0.));
#10635=DIRECTION('',(0.,0.,-1.));
#10636=DIRECTION('',(0.,1.,0.));
#10637=DIRECTION('',(0.,0.,1.));
#10638=DIRECTION('',(0.,1.,0.));
#10639=DIRECTION('',(-1.,0.,0.));
#10640=DIRECTION('',(0.,0.,1.));
#10641=DIRECTION('',(0.,0.,-1.));
#10642=DIRECTION('',(0.,1.,0.));
#10643=DIRECTION('',(0.,1.,0.));
#10644=DIRECTION('',(0.,1.,0.));
#10645=DIRECTION('',(1.,0.,0.));
#10646=DIRECTION('',(1.,0.,0.));
#10647=DIRECTION('',(0.,-1.,0.));
#10648=DIRECTION('',(-1.,0.,0.));
#10649=DIRECTION('',(1.,0.,0.));
#10650=DIRECTION('',(-1.,0.,0.));
#10651=DIRECTION('',(0.,0.,1.));
#10652=DIRECTION('',(1.,0.,0.));
#10653=DIRECTION('',(1.,0.,0.));
#10654=DIRECTION('',(0.,0.,-1.));
#10655=DIRECTION('',(-1.,0.,0.));
#10656=DIRECTION('',(-1.,0.,0.));
#10657=DIRECTION('',(-1.,0.,0.));
#10658=DIRECTION('',(0.,-1.,0.));
#10659=DIRECTION('',(-1.,0.,0.));
#10660=DIRECTION('',(0.,1.,0.));
#10661=DIRECTION('',(1.,0.,0.));
#10662=DIRECTION('',(0.,1.,0.));
#10663=DIRECTION('',(1.,0.,0.));
#10664=DIRECTION('',(-1.22464669140117E-16,1.,-8.01318919429157E-17));
#10665=DIRECTION('',(1.,0.,0.));
#10666=DIRECTION('',(0.,0.,1.));
#10667=DIRECTION('',(1.,-4.53114962656853E-15,0.));
#10668=DIRECTION('',(1.,1.22464669140117E-16,-5.3828995133341E-16));
#10669=DIRECTION('',(-3.32473205235341E-15,-1.,0.));
#10670=DIRECTION('',(0.,0.,1.));
#10671=DIRECTION('',(1.,-4.53114962656853E-15,0.));
#10672=DIRECTION('',(1.,1.22464669140117E-16,-5.3828995133341E-16));
#10673=DIRECTION('',(1.,-4.53114962656853E-15,-5.3828995133341E-16));
#10674=DIRECTION('',(0.,0.,1.));
#10675=DIRECTION('',(1.,-4.53114962656853E-15,0.));
#10676=DIRECTION('',(1.,1.22464669140117E-16,-5.3828995133341E-16));
#10677=DIRECTION('',(0.866025403784437,0.,-0.5));
#10678=DIRECTION('',(0.5,-5.3694396517029E-15,0.866025403784437));
#10679=DIRECTION('',(0.5,-1.85018487620757E-15,0.866025403784437));
#10680=DIRECTION('',(0.,-1.,0.));
#10681=DIRECTION('',(0.,-1.,0.));
#10682=DIRECTION('',(0.86602540378444,0.,-0.5));
#10683=DIRECTION('',(0.5,-3.60841372536892E-15,0.86602540378444));
#10684=DIRECTION('',(0.5,-1.85018487620755E-15,0.86602540378444));
#10685=DIRECTION('',(0.,-1.,0.));
#10686=DIRECTION('',(0.,-1.,0.));
#10687=DIRECTION('',(0.,0.,1.));
#10688=DIRECTION('',(-1.,3.44595267818852E-15,0.));
#10689=DIRECTION('',(1.,-3.45456972390171E-15,9.0002914961652E-15));
#10690=DIRECTION('',(3.72662272476805E-15,1.,0.));
#10691=DIRECTION('',(0.,0.,-1.));
#10692=DIRECTION('',(1.,-3.45308350828976E-15,0.));
#10693=DIRECTION('',(1.,-3.45456972390171E-15,-8.9294305213972E-15));
#10694=DIRECTION('',(0.,-1.,0.));
#10695=DIRECTION('',(0.866025403784439,0.,-0.5));
#10696=DIRECTION('',(0.5,-5.35232333531827E-15,0.866025403784439));
#10697=DIRECTION('',(0.5,-1.85018487620756E-15,0.866025403784439));
#10698=DIRECTION('',(0.,-1.,0.));
#10699=DIRECTION('',(0.,0.,1.));
#10700=DIRECTION('',(1.,-4.53114962656853E-15,0.));
#10701=DIRECTION('',(-1.,-1.22464669140149E-16,-3.99680288865055E-13));
#10702=DIRECTION('',(-1.,0.,0.));
#10703=DIRECTION('',(0.,6.08248603884328E-15,-1.));
#10704=DIRECTION('',(0.,0.,-1.));
#10705=DIRECTION('',(0.,1.,0.));
#10706=DIRECTION('',(0.,0.,1.));
#10707=DIRECTION('',(1.,-5.92118946466749E-15,0.));
#10708=DIRECTION('',(-4.7447611250802E-31,-8.01318916307748E-17,-1.));
#10709=DIRECTION('',(1.,-2.04235834721529E-25,3.09586277976689E-28));
#10710=DIRECTION('',(-2.8329570978223E-31,-8.01318919429157E-17,-1.));
#10711=DIRECTION('',(0.,0.,1.));
#10712=DIRECTION('',(-3.65720525758875E-15,-1.,0.));
#10713=DIRECTION('',(-1.,-1.22464669140117E-16,-2.04646671488855E-29));
#10714=DIRECTION('',(0.,1.,0.));
#10715=DIRECTION('',(3.65720525758875E-15,1.,3.38614134690604E-15));
#10716=DIRECTION('',(0.,0.,-1.));
#10717=DIRECTION('',(3.65720525758875E-15,1.,0.));
#10718=DIRECTION('',(-3.65720525758875E-15,-1.,2.53960601017952E-15));
#10719=DIRECTION('',(3.65720525758875E-15,1.,-2.53960601017952E-15));
#10720=DIRECTION('',(1.,0.,0.));
#10721=DIRECTION('',(0.,-4.81804279550173E-17,-1.));
#10722=DIRECTION('',(-2.8329570978223E-31,-8.01318919429157E-17,-1.));
#10723=DIRECTION('',(0.,0.,1.));
#10724=DIRECTION('',(-3.65720525758875E-15,-1.,0.));
#10725=DIRECTION('',(5.92118946466824E-15,1.,6.36717536721759E-14));
#10726=DIRECTION('',(-3.13474736364807E-15,-1.,-6.36717536721759E-14));
#10727=DIRECTION('',(-0.707106781186548,0.707106781186548,0.));
#10728=DIRECTION('',(0.,0.,1.));
#10729=DIRECTION('',(-3.65720525758875E-15,-1.,0.));
#10730=DIRECTION('',(-5.92118946466749E-15,-1.,-7.84267113491419E-14));
#10731=DIRECTION('',(-0.707106781186548,-0.707106781186548,0.));
#10732=DIRECTION('',(3.65720525758875E-15,1.,7.84267113491419E-14));
#10733=DIRECTION('',(5.29855630247139E-41,0.,-1.));
#10734=DIRECTION('',(1.,1.22464668478887E-16,5.29855630247139E-41));
#10735=DIRECTION('',(-1.,-1.22464669140117E-16,-5.29855630247139E-41));
#10736=DIRECTION('',(0.,-1.,0.));
#10737=DIRECTION('',(0.,0.,1.));
#10738=DIRECTION('',(-1.,-1.2246466931104E-16,0.));
#10739=DIRECTION('',(-5.92118946466749E-15,-1.,-6.04567080161545E-29));
#10740=DIRECTION('',(-1.,-1.2246466931104E-16,-1.021023028851E-14));
#10741=DIRECTION('',(0.,-1.,0.));
#10742=DIRECTION('',(-1.,-1.22464669140117E-16,-1.021023028851E-14));
#10743=DIRECTION('',(0.,-1.,0.));
#10744=DIRECTION('',(4.5547611266673E-15,0.,-1.));
#10745=DIRECTION('',(-1.22464669140117E-16,1.,-8.01318919429157E-17));
#10746=DIRECTION('',(4.5547611266673E-15,0.,-1.));
#10747=DIRECTION('',(-1.22464668714905E-16,1.,-8.01318919429157E-17));
#10748=DIRECTION('',(4.5547611266673E-15,-8.01318919429151E-17,-1.));
#10749=DIRECTION('',(0.,0.,1.));
#10750=DIRECTION('',(-3.65720525758875E-15,-1.,0.));
#10751=DIRECTION('',(-1.,-1.22464669140116E-16,1.1842378929335E-14));
#10752=DIRECTION('',(-1.,3.45456972390171E-15,1.1842378929335E-14));
#10753=DIRECTION('',(0.,-1.,0.));
#10754=DIRECTION('',(0.,-1.,0.));
#10755=DIRECTION('',(0.999993436945037,0.,0.00362299142329047));
#10756=DIRECTION('',(0.,1.,0.));
#10757=DIRECTION('',(-1.22464669140117E-16,1.,-8.01318919429157E-17));
#10758=DIRECTION('',(0.999993436945037,0.,0.00362299142329047));
#10759=DIRECTION('',(0.,1.,0.));
#10760=DIRECTION('',(-1.22464668331409E-16,1.,-8.01318919435074E-17));
#10761=DIRECTION('',(0.999993436945037,1.22754181746303E-16,0.00362299142329047));
#10762=DIRECTION('',(0.,1.,0.));
#10763=DIRECTION('',(-1.,0.,0.));
#10764=DIRECTION('',(-0.999993436945037,-1.22754182555005E-16,-0.00362299142331341));
#10765=DIRECTION('',(3.28798223397218E-30,-2.6848414788189E-14,-1.));
#10766=DIRECTION('',(-0.00362299142328483,7.96876775869545E-17,0.999993436945037));
#10767=DIRECTION('',(-1.1842378929335E-14,-8.01318919429171E-17,-1.));
#10768=DIRECTION('',(-0.00362299142331341,0.,0.999993436945037));
#10769=DIRECTION('',(0.999993436945037,0.,0.00362299142331341));
#10770=DIRECTION('',(0.00362299142331341,0.,-0.999993436945037));
#10771=DIRECTION('',(-0.999993436945037,1.79022287779981E-14,-0.00362299142331341));
#10772=DIRECTION('',(0.707104460784791,0.707104460784791,0.00256185021037369));
#10773=DIRECTION('',(-4.43930563795594E-47,-1.,1.3501610781494E-17));
#10774=DIRECTION('',(5.13890587421717E-47,1.,-1.3501610781494E-17));
#10775=DIRECTION('',(-0.707104460784791,0.707104460784791,-0.00256185021037369));
#10776=DIRECTION('',(-3.1347473636475E-15,-1.,-1.13572373509222E-17));
#10777=DIRECTION('',(0.00362299142331341,0.,-0.999993436945037));
#10778=DIRECTION('',(0.999993436945037,0.,0.00362299142331341));
#10779=DIRECTION('',(0.999993436945037,-3.45506119991145E-15,0.00362299142331341));
#10780=DIRECTION('',(0.707106781186548,-0.707106781186548,0.));
#10781=DIRECTION('',(1.27441575636134E-9,1.27441575636134E-9,-1.));
#10782=DIRECTION('',(0.,0.,1.));
#10783=DIRECTION('',(1.,0.,0.));
#10784=DIRECTION('',(0.,0.,-1.));
#10785=DIRECTION('',(-4.74476114356266E-31,-8.01318919429157E-17,-1.));
#10786=DIRECTION('',(-1.,0.,0.));
#10787=DIRECTION('',(0.,0.,1.));
#10788=DIRECTION('',(-8.89265478323923E-15,1.41912712629065E-16,-1.));
#10789=DIRECTION('',(0.,0.,-1.));
#10790=DIRECTION('',(1.1842378929335E-14,8.01318919429157E-17,1.));
#10791=DIRECTION('',(-0.707106781186548,-0.707106781186548,0.));
#10792=DIRECTION('',(1.27442007183636E-9,-1.27442007183635E-9,1.));
#10793=DIRECTION('',(0.,0.,-1.));
#10794=DIRECTION('',(0.,1.,0.));
#10795=DIRECTION('',(-1.,0.,0.));
#10796=DIRECTION('',(-3.45456972390171E-15,-1.,-1.41912712629035E-16));
#10797=DIRECTION('',(-1.,3.45456972390171E-15,-5.6765085051617E-17));
#10798=DIRECTION('',(0.,1.,0.));
#10799=DIRECTION('',(0.,0.,1.));
#10800=DIRECTION('',(-3.45456972390171E-15,-1.,-1.41912712629035E-16));
#10801=DIRECTION('',(-1.,0.,-2.72913472334723E-41));
#10802=DIRECTION('',(0.,1.,0.));
#10803=DIRECTION('',(-1.,0.,0.));
#10804=DIRECTION('',(-3.45456972390171E-15,-1.,-1.41912712629035E-16));
#10805=DIRECTION('',(-1.,3.45456972390171E-15,-5.67650850516103E-17));
#10806=DIRECTION('',(0.,1.,0.));
#10807=DIRECTION('',(0.,0.,1.));
#10808=DIRECTION('',(-3.45456972390171E-15,-1.,-1.41912712629035E-16));
#10809=DIRECTION('',(-1.,0.,-2.72913956896741E-41));
#10810=DIRECTION('',(-1.,0.,0.));
#10811=DIRECTION('',(0.,3.52176256319429E-16,1.));
#10812=DIRECTION('',(-8.89360144107291E-15,0.,-1.));
#10813=DIRECTION('',(8.89360144107291E-15,3.52176256319429E-16,1.));
#10814=DIRECTION('',(0.,-1.,0.));
#10815=DIRECTION('',(2.50531378899526E-17,0.707106781186551,-0.707106781186544));
#10816=DIRECTION('',(-3.54304873839744E-17,-4.0893725759722E-15,1.));
#10817=DIRECTION('',(3.13474736364749E-15,1.,-9.97953280561946E-16));
#10818=DIRECTION('',(8.89360144107291E-15,-2.78791936707349E-29,1.));
#10819=DIRECTION('',(-3.1347473636475E-15,-1.,0.));
#10820=DIRECTION('',(-8.89360144107291E-15,1.41912712629065E-16,-1.));
#10821=DIRECTION('',(0.,0.,1.));
#10822=DIRECTION('',(-3.65720525758875E-15,-1.,0.));
#10823=DIRECTION('',(8.88178419700113E-15,-2.78421495960353E-29,1.));
#10824=DIRECTION('',(0.707106781186548,-0.707106781186548,-1.256073966947E-14));
#10825=DIRECTION('',(-1.,0.,8.88178419700113E-15));
#10826=DIRECTION('',(0.,1.,2.78421495960353E-29));
#10827=DIRECTION('',(0.,0.,-1.));
#10828=DIRECTION('',(3.65720525758875E-15,1.,0.));
#10829=DIRECTION('',(0.,-1.,9.97953280561918E-16));
#10830=DIRECTION('',(-1.,0.,8.88178419700113E-15));
#10831=DIRECTION('',(1.,-3.45456972390171E-15,-8.88178419700112E-15));
#10832=DIRECTION('',(0.,1.,-3.57055389822225E-47));
#10833=DIRECTION('',(-9.76306673193499E-33,3.57055389822225E-47,1.));
#10834=DIRECTION('',(-2.47616981769867E-43,-1.,-2.78791936707349E-29));
#10835=DIRECTION('',(-0.707106781186579,0.,0.707106781186516));
#10836=DIRECTION('',(-2.47616981769867E-43,-1.,-2.78791936707349E-29));
#10837=DIRECTION('',(-0.707106781186579,0.,-0.707106781186516));
#10838=DIRECTION('',(0.,-2.78791936707349E-29,1.));
#10839=DIRECTION('',(0.,1.,-3.57055389822225E-47));
#10840=DIRECTION('',(-9.76306673193499E-33,3.57055389822225E-47,1.));
#10841=DIRECTION('',(0.,-1.,3.57055389822225E-47));
#10842=DIRECTION('',(0.707106781186558,0.,-0.707106781186537));
#10843=DIRECTION('',(1.,0.,0.));
#10844=DIRECTION('',(1.,0.,0.));
#10845=DIRECTION('',(0.,-1.,3.57055389822225E-47));
#10846=DIRECTION('',(0.707106781186526,0.,0.707106781186569));
#10847=DIRECTION('',(-9.76306673193499E-33,3.57055389822225E-47,1.));
#10848=DIRECTION('',(0.,0.,-1.));
#10849=DIRECTION('',(3.65720525758875E-15,1.,0.));
#10850=DIRECTION('',(0.,1.,-9.97953280561946E-16));
#10851=DIRECTION('',(1.,-3.45456972390171E-15,3.44749918889768E-30));
#10852=DIRECTION('',(0.,1.,0.));
#10853=DIRECTION('',(0.707106781186558,0.,-0.707106781186537));
#10854=DIRECTION('',(0.211036593294478,0.97712150508437,-0.026403041345971));
#10855=DIRECTION('',(0.977478161457938,-0.210959238184796,0.00571346631219309));
#10856=DIRECTION('',(-3.45456972390171E-15,-1.,-1.41912712629035E-16));
#10857=DIRECTION('',(0.707106781186558,0.,-0.707106781186537));
#10858=DIRECTION('',(0.,-1.,9.97953280561946E-16));
#10859=DIRECTION('',(0.,-1.,-2.78421495960353E-29));
#10860=DIRECTION('',(-0.707106781186579,0.,0.707106781186516));
#10861=DIRECTION('',(0.,-1.,-2.78421495960353E-29));
#10862=DIRECTION('',(1.,0.,0.));
#10863=DIRECTION('',(0.,0.,-1.));
#10864=DIRECTION('',(0.,0.0279607168530833,0.999609022724916));
#10865=DIRECTION('',(0.,1.,-9.97953280561918E-16));
#10866=DIRECTION('',(0.,1.,0.));
#10867=DIRECTION('',(-0.707106781186579,0.,-0.707106781186516));
#10868=DIRECTION('',(-0.211036593275698,0.977121505088529,-0.0264030413421603));
#10869=DIRECTION('',(-0.969205603156598,-0.212680977160499,-0.124126148590498));
#10870=DIRECTION('',(-3.45456972390171E-15,-1.,-1.41912712629035E-16));
#10871=DIRECTION('',(-0.707106781186579,0.,-0.707106781186516));
#10872=DIRECTION('',(-1.18831929363872E-12,1.,-4.54027022941438E-13));
#10873=DIRECTION('',(-1.,-1.18831929363872E-12,0.));
#10874=DIRECTION('',(3.45456972390171E-15,1.,1.41912712629035E-16));
#10875=DIRECTION('',(1.,-3.46944695195355E-15,-8.73987148437206E-15));
#10876=DIRECTION('',(-8.88178419700113E-15,0.,-1.));
#10877=DIRECTION('',(1.,0.,-8.88178419700113E-15));
#10878=DIRECTION('',(0.,0.,-1.));
#10879=DIRECTION('',(0.707106781186548,-0.707106781186548,0.));
#10880=DIRECTION('',(8.89360144107291E-15,-1.41912712629065E-16,1.));
#10881=DIRECTION('',(1.,0.,0.));
#10882=DIRECTION('',(0.,0.,-1.));
#10883=DIRECTION('',(0.,-0.0279607168530833,-0.999609022724916));
#10884=DIRECTION('',(0.,1.,-1.99590654920737E-15));
#10885=DIRECTION('',(0.,-1.,0.));
#10886=DIRECTION('',(0.707106781186526,0.,0.707106781186569));
#10887=DIRECTION('',(0.,-1.,1.99590654920737E-15));
#10888=DIRECTION('',(0.,0.,1.));
#10889=DIRECTION('',(-3.65720525758875E-15,-1.,0.));
#10890=DIRECTION('',(0.,1.99590654920737E-15,1.));
#10891=DIRECTION('',(-0.70710678118656,-0.707106781186535,0.));
#10892=DIRECTION('',(0.,1.,0.));
#10893=DIRECTION('',(0.,0.,1.));
#10894=DIRECTION('',(0.,0.,-1.));
#10895=DIRECTION('',(0.,-1.,0.));
#10896=DIRECTION('',(3.45456972390171E-15,1.,1.41912712629035E-16));
#10897=DIRECTION('',(-1.,3.46944695195364E-15,-8.73987148437228E-15));
#10898=DIRECTION('',(0.,0.,1.));
#10899=DIRECTION('',(-0.70710678118656,-0.707106781186535,0.));
#10900=DIRECTION('',(5.28766985477522E-31,1.41912712629035E-16,-1.));
#10901=DIRECTION('',(-0.866025403784435,0.,0.500000000000006));
#10902=DIRECTION('',(-0.500000000000006,5.35512039623045E-15,-0.866025403784435));
#10903=DIRECTION('',(-0.500000000000006,1.85018487620758E-15,-0.866025403784435));
#10904=DIRECTION('',(0.,-1.,0.));
#10905=DIRECTION('',(0.,0.,1.));
#10906=DIRECTION('',(-1.,3.44595267818852E-15,0.));
#10907=DIRECTION('',(-1.,3.45456972390171E-15,-9.00029149616528E-15));
#10908=DIRECTION('',(0.,-0.707106781186548,0.707106781186548));
#10909=DIRECTION('',(1.,6.2274306100335E-15,6.2274306100335E-15));
#10910=DIRECTION('',(0.774596669241505,0.447213595499919,0.447213595499959));
#10911=DIRECTION('',(-0.37796447300926,0.654653670707953,0.654653670707982));
#10912=DIRECTION('',(0.612372435695761,-0.707106781186586,-0.353553390593256));
#10913=DIRECTION('',(-0.5,0.,-0.866025403784437));
#10914=DIRECTION('',(0.377964473009267,0.654653670707937,-0.654653670707995));
#10915=DIRECTION('',(0.,-0.707106781186548,-0.707106781186548));
#10916=DIRECTION('',(-1.,2.77286088613171E-15,-2.77286088613171E-15));
#10917=DIRECTION('',(-0.774596669241485,0.447213595499947,-0.447213595499967));
#10918=DIRECTION('',(-0.612372435695787,-0.707106781186555,0.353553390593273));
#10919=DIRECTION('',(0.5,0.,0.866025403784436));
#10920=DIRECTION('',(-0.866025403784438,0.,0.5));
#10921=DIRECTION('',(-0.5,3.60812226818914E-15,-0.866025403784438));
#10922=DIRECTION('',(-0.5,1.85018487620756E-15,-0.866025403784438));
#10923=DIRECTION('',(3.72662272476803E-15,1.,0.));
#10924=DIRECTION('',(0.,0.,1.));
#10925=DIRECTION('',(-1.,3.45456969068441E-15,0.));
#10926=DIRECTION('',(-1.,3.45456972390171E-15,-9.00029149616528E-15));
#10927=DIRECTION('',(0.,-0.707106781186548,0.707106781186548));
#10928=DIRECTION('',(1.,6.22743061003335E-15,6.22743061003335E-15));
#10929=DIRECTION('',(0.774596669241491,0.447213595499931,0.447213595499971));
#10930=DIRECTION('',(-0.37796447300922,0.654653670707994,0.654653670707965));
#10931=DIRECTION('',(0.612372435695789,-0.707106781186554,-0.35355339059327));
#10932=DIRECTION('',(-0.5,0.,-0.866025403784439));
#10933=DIRECTION('',(0.377964473009252,0.65465367070797,-0.65465367070797));
#10934=DIRECTION('',(0.,-0.707106781186548,-0.707106781186548));
#10935=DIRECTION('',(-1.,2.77286088613171E-15,-2.77286088613171E-15));
#10936=DIRECTION('',(-0.77459666924149,0.447213595499962,-0.447213595499942));
#10937=DIRECTION('',(-0.612372435695802,-0.707106781186539,0.353553390593278));
#10938=DIRECTION('',(0.5,0.,0.866025403784439));
#10939=DIRECTION('',(-0.86602540378444,0.,0.5));
#10940=DIRECTION('',(-0.5,5.36605962422447E-15,-0.86602540378444));
#10941=DIRECTION('',(-0.5,1.85018487620755E-15,-0.86602540378444));
#10942=DIRECTION('',(0.,-1.,0.));
#10943=DIRECTION('',(0.,0.,1.));
#10944=DIRECTION('',(-1.,3.45456969068441E-15,0.));
#10945=DIRECTION('',(-1.,3.45456972390171E-15,8.9294305213972E-15));
#10946=DIRECTION('',(0.,-0.707106781186548,0.707106781186548));
#10947=DIRECTION('',(1.,6.22743061003335E-15,6.22743061003335E-15));
#10948=DIRECTION('',(0.774596669241497,0.447213595499946,0.447213595499946));
#10949=DIRECTION('',(-0.37796447300926,0.654653670707953,0.654653670707982));
#10950=DIRECTION('',(0.612372435695787,-0.707106781186554,-0.353553390593273));
#10951=DIRECTION('',(-0.5,0.,-0.866025403784436));
#10952=DIRECTION('',(0.377964473009227,0.654653670707977,-0.654653670707977));
#10953=DIRECTION('',(0.,-0.707106781186548,-0.707106781186548));
#10954=DIRECTION('',(-1.,2.77286088613174E-15,-2.77286088613174E-15));
#10955=DIRECTION('',(-0.774596669241484,0.447213595499958,-0.447213595499958));
#10956=DIRECTION('',(-0.61237243569579,-0.707106781186555,0.353553390593267));
#10957=DIRECTION('',(0.5,0.,0.866025403784441));
#10958=DIRECTION('',(0.,-1.,0.));
#10959=DIRECTION('',(1.,0.,3.54304873839603E-17));
#10960=DIRECTION('',(1.,-3.45456972390171E-15,0.));
#10961=DIRECTION('',(0.,0.707106781186548,0.707106781186548));
#10962=DIRECTION('',(1.,1.72728486195084E-15,-1.72728486195084E-15));
#10963=DIRECTION('',(0.,1.,0.));
#10964=DIRECTION('',(-1.,0.,0.));
#10965=DIRECTION('',(1.22464669140117E-16,-1.,8.01318919429157E-17));
#10966=DIRECTION('',(-1.,-1.22464669140117E-16,0.));
#10967=DIRECTION('',(0.,1.,0.));
#10968=DIRECTION('',(-1.,0.,0.));
#10969=DIRECTION('',(1.22464669140117E-16,-1.,8.01318919429157E-17));
#10970=DIRECTION('',(-1.,-1.22464669140117E-16,0.));
#10971=DIRECTION('',(0.,-1.,0.));
#10972=DIRECTION('',(-1.,0.,0.));
#10973=DIRECTION('',(1.22464669140117E-16,-1.,8.01318919429157E-17));
#10974=DIRECTION('',(-1.,0.,0.));
#10975=DIRECTION('',(0.,1.,0.));
#10976=DIRECTION('',(-1.,-6.60348706147686E-17,5.29149911656706E-33));
#10977=DIRECTION('',(-1.22464669140117E-16,1.,-8.01318919429157E-17));
#10978=DIRECTION('',(-1.,-1.22464669140117E-16,9.81332563436074E-33));
#10979=DIRECTION('',(0.,-1.,0.));
#10980=DIRECTION('',(-1.,0.,0.));
#10981=DIRECTION('',(1.22464669140117E-16,-1.,8.01318919429157E-17));
#10982=DIRECTION('',(-1.,0.,0.));
#10983=DIRECTION('',(0.,1.,0.));
#10984=DIRECTION('',(-1.,-6.60348706147686E-17,5.29149911656706E-33));
#10985=DIRECTION('',(-1.22464669140117E-16,1.,-8.01318919429157E-17));
#10986=DIRECTION('',(-1.,-1.22464669140117E-16,9.81332563436074E-33));
#10987=DIRECTION('',(-0.999993436945037,0.,-0.00362299142328483));
#10988=DIRECTION('',(0.00362299142328483,-7.96876754961475E-17,-0.999993436945037));
#10989=DIRECTION('',(0.,-1.,0.));
#10990=DIRECTION('',(0.00362299142328483,-7.96876775869545E-17,-0.999993436945037));
#10991=DIRECTION('',(0.00362299142328483,-7.96876775869545E-17,-0.999993436945037));
#10992=DIRECTION('',(-0.999993436945037,0.,-0.00362299142328483));
#10993=DIRECTION('',(0.00362299142328483,0.,-0.999993436945037));
#10994=DIRECTION('',(0.,1.,0.));
#10995=DIRECTION('',(0.,0.,1.));
#10996=DIRECTION('',(-1.,-1.22464669140117E-16,0.));
#10997=DIRECTION('',(0.,1.,0.));
#10998=DIRECTION('',(0.,0.,1.));
#10999=DIRECTION('',(-0.189915767709177,0.98180038764274,0.));
#11000=DIRECTION('',(-1.,-1.22464669140117E-16,0.));
#11001=DIRECTION('',(-7.3136809255361E-5,0.000378092606759352,-0.999999925848491));
#11002=DIRECTION('',(-0.678749701324355,-0.734369655527661,-0.000228018166853768));
#11003=DIRECTION('',(0.,0.,-1.));
#11004=DIRECTION('',(-0.189915767709177,0.98180038764274,0.));
#11005=DIRECTION('',(0.,1.,0.));
#11006=DIRECTION('',(0.,0.,1.));
#11007=DIRECTION('',(1.,1.22464669140117E-16,0.));
#11008=DIRECTION('',(-1.,-1.22464669140117E-16,0.));
#11009=DIRECTION('',(-1.22464669140117E-16,1.,-8.01318919429157E-17));
#11010=DIRECTION('',(1.,0.,0.));
#11011=DIRECTION('',(-1.,-1.22464669140117E-16,0.));
#11012=DIRECTION('',(0.,1.,0.));
#11013=DIRECTION('',(0.,0.,1.));
#11014=DIRECTION('',(0.,1.,0.));
#11015=DIRECTION('',(1.,0.,0.));
#11016=DIRECTION('',(0.,0.,-1.));
#11017=DIRECTION('',(1.,1.22464669140117E-16,0.));
#11018=DIRECTION('',(0.,-1.,0.));
#11019=DIRECTION('',(1.,1.22464669140117E-16,0.));
#11020=DIRECTION('',(-1.,0.,0.));
#11021=DIRECTION('',(0.,0.707106781186535,-0.70710678118656));
#11022=DIRECTION('',(-0.707106781186548,0.707106781186548,0.));
#11023=DIRECTION('',(0.707106781186548,0.707106781186548,0.));
#11024=DIRECTION('',(0.,-1.,0.));
#11025=DIRECTION('',(0.705824697986948,0.,0.708386543993908));
#11026=DIRECTION('',(-0.707106781186548,0.707106781186548,0.));
#11027=DIRECTION('',(-0.707106781186548,-0.707106781186548,0.));
#11028=DIRECTION('',(1.,0.,0.));
#11029=DIRECTION('',(0.,0.707106781186548,0.707106781186548));
#11030=DIRECTION('',(-5.88744788973456E-5,-9.46019868559334E-13,0.999999998266898));
#11031=DIRECTION('',(0.578458840686601,0.815711571863285,3.40564636388693E-5));
#11032=DIRECTION('',(-0.00362299080826273,0.000582697824943214,0.999993267177759));
#11033=DIRECTION('',(0.791132840670983,0.61163921465096,0.00250988306843924));
#11034=DIRECTION('',(0.,1.,0.));
#11035=DIRECTION('',(0.708386543993916,0.,-0.705824697986941));
#11036=DIRECTION('',(-1.,0.,0.));
#11037=DIRECTION('',(0.,3.52176256319429E-16,1.));
#11038=DIRECTION('',(-8.89360144107291E-15,0.,-1.));
#11039=DIRECTION('',(8.89360144107291E-15,3.52176256319429E-16,1.));
#11040=DIRECTION('',(0.,-1.,0.));
#11041=DIRECTION('',(0.,0.,-1.));
#11042=DIRECTION('',(-3.65720525758875E-15,-1.,0.));
#11043=DIRECTION('',(-0.707106781186548,0.707106781186548,6.28036983473511E-15));
#11044=DIRECTION('',(0.,1.,0.));
#11045=DIRECTION('',(-1.,0.,0.));
#11046=DIRECTION('',(-3.1347473636475E-15,-1.,0.));
#11047=DIRECTION('',(-0.707106781186548,0.,0.707106781186548));
#11048=DIRECTION('',(-1.,0.,0.));
#11049=DIRECTION('',(-1.,3.1347473636475E-15,8.88178419700113E-15));
#11050=DIRECTION('',(-8.88178419700113E-15,2.78421495960353E-29,-1.));
#11051=DIRECTION('',(1.,-3.1347473636475E-15,-8.88178419700113E-15));
#11052=DIRECTION('',(0.,0.,1.));
#11053=DIRECTION('',(-1.,0.,0.));
#11054=DIRECTION('',(0.,0.,1.));
#11055=DIRECTION('',(8.88178419700113E-15,-8.88178419700113E-15,1.));
#11056=DIRECTION('',(0.,-1.,0.));
#11057=DIRECTION('',(9.14301314397187E-16,1.,1.97477621834372E-29));
#11058=DIRECTION('',(0.,0.,-1.));
#11059=DIRECTION('',(-3.1347473636475E-15,-1.,0.));
#11060=DIRECTION('',(-0.707106781186548,0.707106781186548,6.28036983557631E-15));
#11061=DIRECTION('',(0.,0.,1.));
#11062=DIRECTION('',(9.14301314397187E-16,1.,0.));
#11063=DIRECTION('',(0.707106781186548,-0.707106781186548,-6.28036983473503E-15));
#11064=DIRECTION('',(-1.,0.,0.));
#11065=DIRECTION('',(0.,0.,1.));
#11066=DIRECTION('',(0.,-1.,0.));
#11067=DIRECTION('',(0.,0.,-1.));
#11068=DIRECTION('',(4.8722856193259E-50,-1.,-1.28374647747672E-40));
#11069=DIRECTION('',(-0.707106780918187,0.,-0.707106781454908));
#11070=DIRECTION('',(3.65720525758875E-15,1.,1.38804288715672E-24));
#11071=DIRECTION('',(3.65720525758875E-15,1.,1.38804288715672E-24));
#11072=DIRECTION('',(-1.,0.,0.));
#11073=DIRECTION('',(0.,0.,1.));
#11074=DIRECTION('',(0.,0.,1.));
#11075=DIRECTION('',(0.,-1.,0.));
#11076=DIRECTION('',(0.,1.,0.));
#11077=DIRECTION('',(-0.707106781186541,0.,-0.707106781186554));
#11078=DIRECTION('',(-0.707106781186548,0.707106781186548,0.));
#11079=DIRECTION('',(-0.707106781186548,-0.707106781186547,-9.81307786677356E-17));
#11080=DIRECTION('',(1.,0.,0.));
#11081=DIRECTION('',(0.,-4.81804279550173E-17,-1.));
#11082=DIRECTION('',(3.65720525758875E-15,1.,0.));
#11083=DIRECTION('',(0.,0.707106781186547,0.707106781186548));
#11084=DIRECTION('',(0.,1.,0.));
#11085=DIRECTION('',(0.707106781186548,0.,0.707106781186548));
#11086=DIRECTION('',(0.,-1.,0.));
#11087=DIRECTION('',(0.707106781186548,0.,0.707106781186548));
#11088=DIRECTION('',(1.,0.,0.));
#11089=DIRECTION('',(0.,-4.81804279550173E-17,-1.));
#11090=DIRECTION('',(0.,0.,1.));
#11091=DIRECTION('',(0.707106781186548,-0.707106781186548,0.));
#11092=DIRECTION('',(0.,0.,-1.));
#11093=DIRECTION('',(0.707106781186516,0.707106781186579,0.));
#11094=DIRECTION('',(0.,1.,0.));
#11095=DIRECTION('',(0.707106781186548,0.,0.707106781186548));
#11096=DIRECTION('',(-0.707106781186548,-0.707106781186548,0.));
#11097=DIRECTION('',(0.,0.,1.));
#11098=DIRECTION('',(0.707106781186548,0.707106781186548,0.));
#11099=DIRECTION('',(-0.707106781186548,0.707106781186548,0.));
#11100=DIRECTION('',(-0.707106781186548,0.707106781186548,0.));
#11101=DIRECTION('',(0.,0.,1.));
#11102=DIRECTION('',(1.,0.,0.));
#11103=DIRECTION('',(0.,1.,0.));
#11104=DIRECTION('',(0.,1.,0.));
#11105=DIRECTION('',(-0.707106781186548,0.,0.707106781186548));
#11106=DIRECTION('',(0.,0.,1.));
#11107=DIRECTION('',(-1.,5.99933169073604E-18,-4.60290309442633E-27));
#11108=DIRECTION('',(1.,0.,0.));
#11109=DIRECTION('',(-1.,0.,0.));
#11110=DIRECTION('',(0.,-1.,0.));
#11111=DIRECTION('',(0.,1.,0.));
#11112=DIRECTION('',(-1.,-4.60405459961214E-38,4.76950976305834E-15));
#11113=DIRECTION('',(0.,0.,1.));
#11114=DIRECTION('',(3.46416229035641E-9,-3.46364703585068E-9,1.));
#11115=DIRECTION('',(3.46416229035641E-9,-3.46364703585068E-9,1.));
#11116=DIRECTION('',(3.46416229035641E-9,-3.46364703585068E-9,1.));
#11117=DIRECTION('',(3.46416229035641E-9,-3.46364703585068E-9,1.));
#11118=DIRECTION('',(3.46416229035641E-9,-3.46364703585068E-9,1.));
#11119=DIRECTION('',(3.46416229035641E-9,-3.46364703585068E-9,1.));
#11120=DIRECTION('',(3.46416229035641E-9,-3.46364703585068E-9,1.));
#11121=DIRECTION('',(3.46416229035641E-9,-3.46364703585068E-9,1.));
#11122=DIRECTION('',(0.,-1.,0.));
#11123=DIRECTION('',(1.,4.60405459961214E-38,-4.76950976305834E-15));
#11124=DIRECTION('',(0.,0.,1.));
#11125=DIRECTION('',(1.,0.,0.));
#11126=DIRECTION('',(-6.37486442662923E-23,1.,-5.86691762977748E-16));
#11127=DIRECTION('',(0.,0.,1.));
#11128=DIRECTION('',(-1.,5.99933169073604E-18,-4.60290309442633E-27));
#11129=DIRECTION('',(0.,1.,0.));
#11130=DIRECTION('',(-1.,0.,0.));
#11131=DIRECTION('',(3.46398538157498E-9,-3.46397249507796E-9,1.));
#11132=DIRECTION('',(1.,0.,-3.46398538157498E-9));
#11133=DIRECTION('',(1.,0.,0.));
#11134=DIRECTION('',(-1.,0.,0.));
#11135=DIRECTION('',(-1.53716748761421E-39,-1.,1.11022302462516E-16));
#11136=DIRECTION('',(0.,0.,1.));
#11137=DIRECTION('',(3.46416229035641E-9,-3.46364703585068E-9,1.));
#11138=DIRECTION('',(0.,-1.,0.));
#11139=DIRECTION('',(1.,4.60405459961214E-38,-4.76950976305834E-15));
#11140=DIRECTION('',(3.46416229035641E-9,-3.46364703585068E-9,1.));
#11141=DIRECTION('',(3.46416229035641E-9,-3.46364703585068E-9,1.));
#11142=DIRECTION('',(3.46416229035641E-9,-3.46364703585068E-9,1.));
#11143=DIRECTION('',(3.46416229035641E-9,-3.46364703585068E-9,1.));
#11144=DIRECTION('',(3.46416229035641E-9,-3.46364703585068E-9,1.));
#11145=DIRECTION('',(3.46398538157498E-9,-3.46397249507796E-9,1.));
#11146=DIRECTION('',(0.606670382832719,0.794953487062987,6.5220561178227E-10));
#11147=DIRECTION('',(3.46416229035641E-9,-3.46364703585068E-9,1.));
#11148=DIRECTION('',(0.,1.,0.));
#11149=DIRECTION('',(-1.,-4.60405459961214E-38,4.76950976305834E-15));
#11150=DIRECTION('',(0.,0.,1.));
#11151=DIRECTION('',(-1.,5.99933169073604E-18,-4.60290309442633E-27));
#11152=DIRECTION('',(0.,1.,0.));
#11153=DIRECTION('',(-1.,0.,0.));
#11154=DIRECTION('',(1.,0.,0.));
#11155=DIRECTION('',(-1.,0.,0.));
#11156=DIRECTION('',(-1.53716748761421E-39,-1.,1.11022302462516E-16));
#11157=DIRECTION('',(3.46416229035641E-9,-3.46364703585068E-9,1.));
#11158=DIRECTION('',(3.46416229035641E-9,-3.46364703585068E-9,1.));
#11159=DIRECTION('',(0.,-1.,0.));
#11160=DIRECTION('',(1.,4.60405459961214E-38,-4.76950976305834E-15));
#11161=DIRECTION('',(3.46416229035641E-9,-3.46364703585068E-9,1.));
#11162=DIRECTION('',(3.46416229035641E-9,-3.46364703585068E-9,1.));
#11163=DIRECTION('',(3.46416229035641E-9,-3.46364703585068E-9,1.));
#11164=DIRECTION('',(3.46416229035641E-9,-3.46364703585068E-9,1.));
#11165=DIRECTION('',(3.46416229035641E-9,-3.46364703585068E-9,1.));
#11166=DIRECTION('',(3.46416229035641E-9,-3.46364703585068E-9,1.));
#11167=DIRECTION('',(3.46416229035641E-9,-3.46364703585068E-9,1.));
#11168=DIRECTION('',(3.46416229035641E-9,-3.46364703585068E-9,1.));
#11169=DIRECTION('',(0.,1.,0.));
#11170=DIRECTION('',(-1.,-4.60405459961214E-38,4.76950976305834E-15));
#11171=DIRECTION('',(0.,0.,1.));
#11172=DIRECTION('',(-1.,5.99933169073604E-18,-4.60290309442633E-27));
#11173=DIRECTION('',(3.46397910355733E-9,-3.46098149712233E-9,1.));
#11174=DIRECTION('',(1.,0.,-3.46397910355733E-9));
#11175=DIRECTION('',(3.4649783042795E-9,-3.46297990283517E-9,1.));
#11176=DIRECTION('',(1.,0.,-3.4649783042795E-9));
#11177=DIRECTION('',(3.46749870910986E-9,-3.46454056623659E-9,1.));
#11178=DIRECTION('',(1.,0.,-3.46749870910986E-9));
#11179=DIRECTION('',(3.46416229035641E-9,-3.46364703585068E-9,1.));
#11180=DIRECTION('',(3.46397910355733E-9,-3.46098149712233E-9,1.));
#11181=DIRECTION('',(-0.972453198579227,-0.233098212290508,2.56180828600437E-9));
#11182=DIRECTION('',(3.4649783042795E-9,-3.46297990283517E-9,1.));
#11183=DIRECTION('',(-0.717286211232842,-0.696778652927337,7.24481203132544E-11));
#11184=DIRECTION('',(3.46749870910986E-9,-3.46454056623659E-9,1.));
#11185=DIRECTION('',(1.,0.,-3.46749870910986E-9));
#11186=DIRECTION('',(3.46416229035641E-9,-3.46364703585068E-9,1.));
#11187=DIRECTION('',(3.46416229035641E-9,-3.46364703585068E-9,1.));
#11188=DIRECTION('',(3.46416229035641E-9,-3.46364703585068E-9,1.));
#11189=DIRECTION('',(3.46416229035641E-9,-3.46364703585068E-9,1.));
#11190=DIRECTION('',(0.,0.,1.));
#11191=DIRECTION('',(-1.,5.99933169073604E-18,-4.60290309442633E-27));
#11192=DIRECTION('',(3.46397910355733E-9,-3.46306275538812E-9,1.));
#11193=DIRECTION('',(1.,0.,-3.46397910355733E-9));
#11194=DIRECTION('',(3.46416229035641E-9,-3.46364703585068E-9,1.));
#11195=DIRECTION('',(3.46416229035641E-9,-3.46364703585068E-9,1.));
#11196=DIRECTION('',(3.46416229035641E-9,-3.46364703585068E-9,1.));
#11197=DIRECTION('',(3.46416229035641E-9,-3.46364703585068E-9,1.));
#11198=DIRECTION('',(3.46397910355733E-9,-3.46306275538812E-9,1.));
#11199=DIRECTION('',(0.922944431577812,-0.384933210076126,-4.53011254359926E-9));
#11200=DIRECTION('',(3.46416229035641E-9,-3.46364703585068E-9,1.));
#11201=DIRECTION('',(3.46416229035641E-9,-3.46364703585068E-9,1.));
#11202=DIRECTION('',(-1.,0.,0.));
#11203=DIRECTION('',(0.,0.,1.));
#11204=DIRECTION('',(0.,-1.,0.));
#11205=DIRECTION('',(0.,0.,-1.));
#11206=DIRECTION('',(1.,1.43089986433349E-14,0.));
#11207=DIRECTION('',(-0.00565825848654539,-0.999983984271209,-0.000123741579827075));
#11208=DIRECTION('',(4.6749943111702E-7,-0.000123746205997924,0.999999992343329));
#11209=DIRECTION('',(-0.00565825848654539,-0.999983984271209,-0.000123741579827075));
#11210=DIRECTION('',(-0.99974494291248,0.00565961138941015,-0.0218636209225273));
#11211=DIRECTION('',(0.999983991927211,-0.00565825838537285,-1.16767996161305E-6));
#11212=DIRECTION('',(-4.6749943111702E-7,0.000123746205997924,-0.999999992343329));
#11213=DIRECTION('',(-4.76424472992796E-14,-0.000123743560722719,0.999999992343766));
#11214=DIRECTION('',(-0.00565144343968384,-0.998769418499544,-0.0492717957571093));
#11215=DIRECTION('',(-2.85362219089507E-16,-0.0492725826172921,0.998785368636436));
#11216=DIRECTION('',(-0.999983991927211,0.00565825838540266,1.16767932291042E-6));
#11217=DIRECTION('',(-0.00565148999970755,-0.998777681678749,-0.049104004329663));
#11218=DIRECTION('',(-2.8480798914674E-16,-0.0491047885231736,0.998793632210425));
#11219=DIRECTION('',(-0.999983991927211,0.00565825838540459,1.16767932291066E-6));
#11220=DIRECTION('',(0.00565172531438054,0.998839273836669,-0.0478347472284164));
#11221=DIRECTION('',(-3.59664371123164E-17,-0.0478355112154437,-0.998855226680402));
#11222=DIRECTION('',(-0.999983991927212,0.00565825838534234,1.16767932290289E-6));
#11223=DIRECTION('',(3.3090672328334E-15,1.,2.05891914764888E-14));
#11224=DIRECTION('',(1.22464681569129E-16,2.05891914764888E-14,-1.));
#11225=DIRECTION('',(1.,-2.46252217968529E-15,1.22464679914718E-16));
#11226=DIRECTION('',(-0.707106781186552,-1.3798798566773E-14,0.707106781186543));
#11227=DIRECTION('',(-1.,2.46252217968528E-15,-1.22464681569081E-16));
#11228=DIRECTION('',(-1.22464681569133E-16,-2.19769702572703E-14,1.));
#11229=DIRECTION('',(-1.22464679914771E-16,-2.05891914764888E-14,1.));
#11230=DIRECTION('',(-1.,6.50636796791536E-9,-1.22464545953915E-16));
#11231=DIRECTION('',(2.46252217968528E-15,1.,2.8550903491697E-14));
#11232=DIRECTION('',(9.98585348152671E-15,-1.,-2.86373050249888E-14));
#11233=DIRECTION('',(1.,-2.70538346652639E-15,-3.46567951025799E-15));
#11234=DIRECTION('',(2.06749685303235E-14,1.,2.85507791918414E-14));
#11235=DIRECTION('',(0.712002723163899,-0.702176702979523,-1.43700554023843E-14));
#11236=DIRECTION('',(-3.30551023781792E-7,0.707150696000455,-0.707062863645067));
#11237=DIRECTION('',(0.999999999999891,-3.30905715742489E-15,-4.67498779977911E-7));
#11238=DIRECTION('',(0.577326452666809,0.577326452770291,0.577397899184636));
#11239=DIRECTION('',(-0.999999999999891,3.43048818605199E-15,4.67498780099357E-7));
#11240=DIRECTION('',(-0.577326452735811,-0.577326452735795,-0.577397899150136));
#11241=DIRECTION('',(0.999999999999891,-1.91477237152885E-14,-4.67498795818545E-7));
#11242=DIRECTION('',(-1.,3.3090672328334E-15,-1.22464679914702E-16));
#11243=DIRECTION('',(1.22464679914771E-16,2.06748874093797E-14,-1.));
#11244=DIRECTION('',(1.22464679914771E-16,2.05891914764888E-14,-1.));
#11245=DIRECTION('',(3.30905205295786E-15,0.999999992343438,0.000123746205598224));
#11246=DIRECTION('',(-0.999984739969515,0.00551971543368496,0.000229280685544009));
#11247=DIRECTION('',(-0.0055244752988983,-0.999129739027178,-0.0413430134866305));
#11248=DIRECTION('',(1.22873258003526E-16,0.00012347256601069,-0.999999992377263));
#11249=DIRECTION('',(3.30905205295786E-15,0.999999992343438,0.000123746205598224));
#11250=DIRECTION('',(-1.22874154736573E-16,-0.000123743559945092,0.999999992343766));
#11251=DIRECTION('',(-8.3070203247269E-12,0.0463385220261385,0.99892579372866));
#11252=DIRECTION('',(3.30905205295786E-15,0.999999992343438,0.000123746205598224));
#11253=DIRECTION('',(-1.,4.00655068677721E-8,1.66922153892854E-9));
#11254=DIRECTION('',(-4.01002620018811E-8,-0.999144979956356,-0.0413437906826647));
#11255=DIRECTION('',(1.22873258003526E-16,0.00012347256601069,-0.999999992377263));
#11256=DIRECTION('',(1.,1.79266710199496E-10,6.59964880044218E-17));
#11257=DIRECTION('',(2.22851938619701E-14,-0.000124681210050589,0.999999992227298));
#11258=DIRECTION('',(3.30905205295786E-15,0.999999992343438,0.000123746205598224));
#11259=DIRECTION('',(-1.22874154736573E-16,-0.000123743559945092,0.999999992343766));
#11260=DIRECTION('',(-4.86670595581773E-17,-0.0516665762452404,-0.99866439052321));
#11261=DIRECTION('',(-3.30906723284908E-15,-1.,1.28037047109727E-10));
#11262=DIRECTION('',(-7.57644450449096E-11,0.422635662657004,-0.906299672652746));
#11263=DIRECTION('',(-6.59964845731386E-17,-1.91406607081767E-14,1.));
#11264=DIRECTION('',(-3.3090672328334E-15,-1.,-2.05891914764888E-14));
#11265=DIRECTION('',(-0.707106450614912,-8.74821758735126E-5,0.70710710634645));
#11266=DIRECTION('',(0.707107111758028,-8.75213863345767E-5,0.707106445198477));
#11267=DIRECTION('',(0.707106450844849,8.74814420787529E-5,-0.707107106116604));
#11268=DIRECTION('',(-0.286562864954249,0.91423651901801,-0.286449492446827));
#11269=DIRECTION('',(-2.77838633895497E-8,-0.999999992343438,-0.000123746205585183));
#11270=DIRECTION('',(-0.707106279635893,-8.69347606084827E-5,0.707107277392783));
#11271=DIRECTION('',(0.286033580260948,0.914497392838046,0.286145608834944));
#11272=DIRECTION('',(-3.30905205637178E-15,-0.999999992346876,-0.000123718421751341));
#11273=DIRECTION('',(0.500292704434676,-0.706754813245116,0.50020480190048));
#11274=DIRECTION('',(3.534738727421E-9,0.99866439052321,-0.0516665762452404));
#11275=DIRECTION('',(-4.6831033050074E-7,-0.0516665762452331,-0.998664390523101));
#11276=DIRECTION('',(-3.51146213903087E-9,-0.998664390523211,0.0516665762452286));
#11277=DIRECTION('',(-0.999999869419255,2.64071732928121E-5,0.00051035687046636));
#11278=DIRECTION('',(3.534738727421E-9,0.99866439052321,-0.0516665762452404));
#11279=DIRECTION('',(6.83230481289464E-8,-0.0516665762452404,-0.998664390523208));
#11280=DIRECTION('',(1.,-8.45695420828835E-12,6.82509530274079E-8));
#11281=DIRECTION('',(-0.866853423787062,-0.498563073153419,-6.12900207341691E-5));
#11282=DIRECTION('',(-0.520170444134877,0.851938656348946,-0.0601933124763692));
#11283=DIRECTION('',(-0.712748844438685,-0.471853447459831,-0.518983052586106));
#11284=DIRECTION('',(-0.868990896773127,-0.494828068752706,-6.08268439808239E-5));
#11285=DIRECTION('',(0.94416220515964,-4.21888988067674E-11,-0.329481001497941));
#11286=DIRECTION('',(-0.329477203554706,0.00480145409761774,-0.944151321757439));
#11287=DIRECTION('',(-1.79266759705855E-10,1.,-6.4175414364155E-10));
#11288=DIRECTION('',(0.301610586076483,-0.402520069569716,0.864296620356803));
#11289=DIRECTION('',(-1.,3.3090672328334E-15,-1.22464679914702E-16));
#11290=DIRECTION('',(-6.61219740367137E-17,-0.000124681210050589,0.999999992227298));
#11291=DIRECTION('',(0.70679632098869,0.707417099758913,8.7209755443304E-5));
#11292=DIRECTION('',(-1.,3.3090672328334E-15,-1.22464679914702E-16));
#11293=DIRECTION('',(1.22464679914771E-16,2.05891914764888E-14,-1.));
#11294=DIRECTION('',(-1.,3.3090672328334E-15,-1.22464679914702E-16));
#11295=DIRECTION('',(-3.30905192685548E-15,-0.999999992227298,-0.000124681210057084));
#11296=DIRECTION('',(1.,-3.3090672328334E-15,1.22464679914703E-16));
#11297=DIRECTION('',(-3.3090672328334E-15,-1.,-2.05891914764888E-14));
#11298=DIRECTION('',(-1.,3.3090672328334E-15,-1.22464679914703E-16));
#11299=DIRECTION('',(1.22877257469549E-16,0.000124681210050589,-0.999999992227298));
#11300=DIRECTION('',(-1.,2.47640044469003E-15,-3.97622138886171E-16));
#11301=DIRECTION('',(3.97930896399587E-16,0.000124681210050589,-0.999999992227298));
#11302=DIRECTION('',(1.,-3.3090672328334E-15,1.22464679914702E-16));
#11303=DIRECTION('',(3.3090672328334E-15,1.,2.03253291246049E-14));
#11304=DIRECTION('',(-0.863029128536639,0.505154154035252,6.29143755400415E-5));
#11305=DIRECTION('',(-0.864550468197113,0.502546001867377,6.28272790485461E-5));
#11306=DIRECTION('',(-0.99999999999989,2.89638613380244E-8,4.6755826179934E-7));
#11307=DIRECTION('',(-5.00568395037389E-8,-0.998979030049988,-0.0451762937875946));
#11308=DIRECTION('',(0.70710668961311,8.82473668315877E-5,-0.707106867253311));
#11309=DIRECTION('',(0.285362500462693,0.914916033298629,0.285476610850664));
#11310=DIRECTION('',(0.865195000861147,-0.501435545792499,-6.24552628677035E-5));
#11311=DIRECTION('',(0.505154157952914,0.863029121958094,0.000106560421042463));
#11312=DIRECTION('',(0.863029128536612,-0.505154154035298,-6.29143757358186E-5));
#11313=DIRECTION('',(0.863029128536639,-0.505154154035252,-6.29143755400415E-5));
#11314=DIRECTION('',(-1.,3.3090672328334E-15,-1.22464679914702E-16));
#11315=DIRECTION('',(-1.22875207929813E-16,-0.000124213707824413,0.999999992285477));
#11316=DIRECTION('',(-0.99999999999989,2.77229458754179E-8,4.67500106660109E-7));
#11317=DIRECTION('',(-2.88023216707968E-7,-0.823541548926323,-0.567255953862054));
#11318=DIRECTION('',(-0.99999999999989,2.5261854583302E-8,4.67390846127201E-7));
#11319=DIRECTION('',(-4.63513221096688E-8,-0.998979003576531,-0.0451768791887879));
#11320=DIRECTION('',(3.30905205295786E-15,0.999999992343438,0.000123746205598224));
#11321=DIRECTION('',(-2.95423212382844E-17,-0.0458975087417597,-0.998946154050007));
#11322=DIRECTION('',(-3.30905205637178E-15,-0.999999992346876,-0.000123718421751341));
#11323=DIRECTION('',(3.30905205295786E-15,0.999999992343438,0.000123746205598224));
#11324=DIRECTION('',(1.22464679914771E-16,2.05891914764888E-14,-1.));
#11325=DIRECTION('',(-3.3090672328334E-15,-1.,-2.05891914764888E-14));
#11326=DIRECTION('',(-0.863029129669828,0.505154152099257,6.29143751219175E-5));
#11327=DIRECTION('',(-0.864550474088991,0.502545991731338,6.28272777989168E-5));
#11328=DIRECTION('',(0.865195001888823,-0.501435544019309,-6.24552624718561E-5));
#11329=DIRECTION('',(-1.13382462827152E-14,-0.999999992343766,-0.000123743559945092));
#11330=DIRECTION('',(-0.999999999999891,-5.78386265797313E-11,4.67498788695629E-7));
#11331=DIRECTION('',(-0.999999999999891,-5.78386265752083E-11,4.67498788658854E-7));
#11332=DIRECTION('',(4.72144928066255E-7,-0.000123743559945078,0.999999992343654));
#11333=DIRECTION('',(0.505154157952914,0.863029121958094,0.000106560421042463));
#11334=DIRECTION('',(0.863029128536612,-0.505154154035298,-6.29143753902142E-5));
#11335=DIRECTION('',(-4.67499370029855E-7,0.000123746205962168,-0.999999992343329));
#11336=DIRECTION('',(0.863029128536612,-0.505154154035298,-6.29143753610125E-5));
#11337=DIRECTION('',(0.494828072516249,-0.86899089007677,-0.000107765657687736));
#11338=DIRECTION('',(-0.868990896758784,-0.494828068777894,-6.08268441931277E-5));
#11339=DIRECTION('',(4.67499435516962E-7,-0.000123746205220322,0.999999992343329));
#11340=DIRECTION('',(-0.868990896774624,-0.494828068750077,-6.08268439651709E-5));
#11341=DIRECTION('',(0.497971146630259,-0.867193591741701,-0.00010754474974848));
#11342=DIRECTION('',(-0.86719359841014,-0.497971142867736,-6.12166192938371E-5));
#11343=DIRECTION('',(4.6749922914463E-7,-0.000123746241692503,0.999999992343324));
#11344=DIRECTION('',(-0.86719359841014,-0.497971142867735,-6.12166279361097E-5));
#11345=DIRECTION('',(0.655158156778013,0.376132155382501,0.655204083698011));
#11346=DIRECTION('',(-0.0398059840478725,-0.0227340238802296,-0.998948771355265));
#11347=DIRECTION('',(4.67530113966201E-7,-0.000123746223957421,0.999999992343327));
#11348=DIRECTION('',(-0.86719359841014,-0.497971142867735,-6.12166279361097E-5));
#11349=DIRECTION('',(-0.707106781186546,0.70710678118655,1.447216130655E-14));
#11350=DIRECTION('',(-2.33751113962516E-7,-2.33751093495789E-7,-0.999999999999945));
#11351=DIRECTION('',(-0.577350269189628,-0.577350269189612,-0.577350269189638));
#11352=DIRECTION('',(-1.22464679914771E-16,-2.05891914764888E-14,1.));
#11353=DIRECTION('',(-0.707106450614912,-8.74821758735126E-5,0.70710710634645));
#11354=DIRECTION('',(0.707107111758028,-8.75213863345767E-5,0.707106445198477));
#11355=DIRECTION('',(-2.77838633895497E-8,-0.999999992343438,-0.000123746205585183));
#11356=DIRECTION('',(-0.661233206097706,0.354401027132681,-0.661188746970977));
#11357=DIRECTION('',(-0.505154157952914,-0.863029121958094,-0.000106560421042463));
#11358=DIRECTION('',(-0.863029128536612,0.505154154035298,6.2914376017533E-5));
#11359=DIRECTION('',(4.6297878991641E-7,-0.000123743559945079,0.999999992343659));
#11360=DIRECTION('',(-0.863029128536612,0.505154154035298,6.29143753610125E-5));
#11361=DIRECTION('',(0.502558453611237,0.863632137024747,-0.0396803805671128));
#11362=DIRECTION('',(-0.864312849461166,0.502954568779646,1.02495801241235E-14));
#11363=DIRECTION('',(-0.000759475921029365,0.0463385086665986,0.998925505636372));
#11364=DIRECTION('',(4.67498792236743E-7,-0.00012374620559821,0.999999992343329));
#11365=DIRECTION('',(2.77838616871082E-8,0.999999992343438,0.000123746205585235));
#11366=DIRECTION('',(-1.13382462827152E-14,-0.999999992343766,-0.000123743559945092));
#11367=DIRECTION('',(-0.999999999999891,-5.78386265797833E-11,4.67498788695628E-7));
#11368=DIRECTION('',(1.,-1.607877101673E-11,1.29844596797392E-7));
#11369=DIRECTION('',(-0.999999999999891,-5.78386265752083E-11,4.67498788658854E-7));
#11370=DIRECTION('',(6.03286820777116E-9,0.99892579372866,-0.0463385220261385));
#11371=DIRECTION('',(4.68284826323981E-7,0.0463385220261306,0.998925793728551));
#11372=DIRECTION('',(-0.99999999999989,2.77260138998635E-8,4.67502226805219E-7));
#11373=DIRECTION('',(4.67498792236743E-7,-0.00012374620559821,0.999999992343329));
#11374=DIRECTION('',(2.77838616871082E-8,0.999999992343438,0.000123746205585235));
#11375=DIRECTION('',(-2.25326827411513E-15,-0.707106781186534,-0.707106781186563));
#11376=DIRECTION('',(1.,-1.21315325532459E-15,-1.97344929759402E-15));
#11377=DIRECTION('',(1.,-2.58395282586895E-15,3.6739403802404E-16));
#11378=DIRECTION('',(-1.82786173770132E-15,-0.707106781186568,0.707106781186528));
#11379=DIRECTION('',(1.91372617190072E-15,0.707106781186568,-0.707106781186528));
#11380=DIRECTION('',(1.,-3.3090672328334E-15,1.22464679914702E-16));
#11381=DIRECTION('',(-1.22464679914797E-16,-2.86373050300156E-14,1.));
#11382=DIRECTION('',(2.58395282540119E-15,1.,2.8550903491697E-14));
#11383=DIRECTION('',(-4.67498792236732E-7,0.00012374620559821,-0.999999992343329));
#11384=DIRECTION('',(2.77835213360577E-8,0.999999992343438,0.000123746205585235));
#11385=DIRECTION('',(-7.88457419956604E-5,0.999999989235108,0.000123746242073688));
#11386=DIRECTION('',(0.999983991927211,-0.00565825838537285,-1.16767996161305E-6));
#11387=DIRECTION('',(0.00565825848654539,0.999983984271209,0.000123741579049461));
#11388=DIRECTION('',(-4.67499435516964E-7,0.000123746205220322,-0.999999992343329));
#11389=DIRECTION('',(0.00565825848654541,0.999983984271204,0.000123741615522226));
#11390=DIRECTION('',(-0.999744942774614,0.0056596113901906,-0.0218636272264007));
#11391=DIRECTION('',(4.76424472995339E-14,0.000123743596418441,-0.999999992343761));
#11392=DIRECTION('',(0.999983991927211,-0.00565825838537285,-1.16767996161305E-6));
#11393=DIRECTION('',(1.,-3.3090672328334E-15,1.22464679914702E-16));
#11394=DIRECTION('',(-1.22464679914775E-16,-2.19769702572703E-14,1.));
#11395=DIRECTION('',(-4.76415656919032E-14,-2.86865465294092E-14,1.));
#11396=DIRECTION('',(-7.12741840016737E-15,-1.,-2.86100226577315E-14));
#11397=DIRECTION('',(4.76415656919035E-14,6.2503745147765E-14,-1.));
#11398=DIRECTION('',(-7.12741840016738E-15,-1.,-2.8550903491697E-14));
#11399=DIRECTION('',(-4.76415656919035E-14,-6.2503745147765E-14,1.));
#11400=DIRECTION('',(-7.12741840016737E-15,-1.,-2.86100226577315E-14));
#11401=DIRECTION('',(-4.68390797065237E-14,0.087155742747636,0.996194698091748));
#11402=DIRECTION('',(7.12741840016738E-15,1.,2.8550903491697E-14));
#11403=DIRECTION('',(-0.00565825848654539,-0.999983984271209,-0.000123741579791666));
#11404=DIRECTION('',(4.67499431317378E-7,-0.000123746205962515,0.999999992343329));
#11405=DIRECTION('',(-0.00565825848654539,-0.999983984271209,-0.000123741579791666));
#11406=DIRECTION('',(-0.999744942912616,0.00565961138940937,-0.0218636209162972));
#11407=DIRECTION('',(0.999983991927211,-0.00565825838537285,-1.16767996161305E-6));
#11408=DIRECTION('',(-4.76424472992794E-14,-0.000123743560687309,0.999999992343766));
#11409=DIRECTION('',(-4.67498792236732E-7,0.00012374620559821,-0.999999992343329));
#11410=DIRECTION('',(2.77835213360577E-8,0.999999992343438,0.000123746205585235));
#11411=DIRECTION('',(-7.88803268657568E-5,0.999999989232381,0.000123746242089799));
#11412=DIRECTION('',(0.999983991927211,-0.00565825838537285,-1.16767996161305E-6));
#11413=DIRECTION('',(0.00565825848654539,0.999983984271209,0.000123741579049461));
#11414=DIRECTION('',(-4.67499435516962E-7,0.000123746205220322,-0.999999992343329));
#11415=DIRECTION('',(0.00565825848654539,0.999983984271209,0.000123741579049461));
#11416=DIRECTION('',(-0.999744942915483,0.00565961138939314,-0.021863620785214));
#11417=DIRECTION('',(4.76424472992741E-14,0.000123743559945092,-0.999999992343766));
#11418=DIRECTION('',(0.999983991927211,-0.00565825838537832,-1.16767996366922E-6));
#11419=DIRECTION('',(3.3090672328334E-15,1.,2.05891914764888E-14));
#11420=DIRECTION('',(-0.0081420471273094,2.06154515876058E-14,-0.999966852984926));
#11421=DIRECTION('',(0.00171803605720787,0.999133106131141,0.041594285483033));
#11422=DIRECTION('',(-0.997465408358493,0.00467090792485454,-0.0709995897691206));
#11423=DIRECTION('',(-0.944618711954269,-4.28403095949447E-11,0.32816990877571));
#11424=DIRECTION('',(-0.226228367510874,-0.724415571478441,-0.65118569205176));
#11425=DIRECTION('',(-1.91372617248563E-15,-0.707106781186568,0.707106781186528));
#11426=DIRECTION('',(2.58395282540119E-15,1.,2.8550903491697E-14));
#11427=DIRECTION('',(-0.0081420471273094,2.85709957801478E-14,-0.999966852984926));
#11428=DIRECTION('',(-0.782884539302084,2.58933087168885E-10,0.622167017867199));
#11429=DIRECTION('',(-0.622167017867199,1.74388683963325E-14,-0.782884539302084));
#11430=DIRECTION('',(-2.72659603006604E-11,-1.,3.81869747871386E-10));
#11431=DIRECTION('',(0.584641357441396,-0.34203956451664,0.735665290383031));
#11432=DIRECTION('',(-0.00158736797892154,0.906298530833522,0.422635130191398));
#11433=DIRECTION('',(-1.50941110182644E-15,-0.422635662657112,0.906299672652696));
#11434=DIRECTION('',(-0.00158736797892154,0.906298530833522,0.422635130191398));
#11435=DIRECTION('',(0.00340392697484437,0.422638111164859,-0.906292138480826));
#11436=DIRECTION('',(-0.999998466154263,-0.00175148197877225,-2.96535083286491E-15));
#11437=DIRECTION('',(0.00175148197877225,-0.999998466154263,-1.91405157577024E-14));
#11438=DIRECTION('',(0.999998466154263,0.00175148197877225,2.96535083286491E-15));
#11439=DIRECTION('',(-0.00175148197877225,0.999998466154263,1.91405157577024E-14));
#11440=DIRECTION('',(-0.999998466154263,-0.00175148197877225,-5.09319909300739E-12));
#11441=DIRECTION('',(0.999998466154263,0.00175148197877225,2.96535083286491E-15));
#11442=DIRECTION('',(-0.707106781186546,0.70710678118655,1.447216130655E-14));
#11443=DIRECTION('',(7.8859819098957E-16,2.12553249875636E-14,-1.));
#11444=DIRECTION('',(0.311808939972404,0.311808939972384,0.897524578998583));
#11445=DIRECTION('',(0.707106781186546,-0.70710678118655,-1.447216130655E-14));
#11446=DIRECTION('',(0.70710678118655,0.707106781186546,1.4645352517797E-14));
#11447=DIRECTION('',(-1.22464679914771E-16,-2.05891914764888E-14,1.));
#11448=DIRECTION('',(0.944618711940924,7.44367201956703E-15,-0.328169908814123));
#11449=DIRECTION('',(0.328169908814123,-2.77573488627986E-14,0.944618711940924));
#11450=DIRECTION('',(0.320184103908592,0.219263677183671,0.921632019556692));
#11451=DIRECTION('',(-7.53832307279096E-15,-1.,-2.84089907732532E-14));
#11452=DIRECTION('',(0.319834558577404,0.223950568895845,0.920625872888018));
#11453=DIRECTION('',(-7.12741840016737E-15,-1.,-2.86100226577315E-14));
#11454=DIRECTION('',(-0.319834558577404,-0.223950568895845,-0.920625872888018));
#11455=DIRECTION('',(-7.53832307279096E-15,-1.,-2.84089907732532E-14));
#11456=DIRECTION('',(0.319834558577404,0.223950568895843,0.920625872888019));
#11457=DIRECTION('',(-7.12741840016737E-15,-1.,-2.86100226577315E-14));
#11458=DIRECTION('',(-7.12741840016737E-15,-1.,-2.86100226577315E-14));
#11459=DIRECTION('',(-0.319834558577404,-0.223950568895843,-0.920625872888019));
#11460=DIRECTION('',(-7.53832307279096E-15,-1.,-2.84089907732532E-14));
#11461=DIRECTION('',(-0.327054927231161,-0.0823626413643344,-0.941409299869781));
#11462=DIRECTION('',(0.328169908814123,-2.78176932441684E-14,0.944618711940924));
#11463=DIRECTION('',(-2.46252218208281E-15,-1.,-2.8550903491697E-14));
#11464=DIRECTION('',(-2.58395282540119E-15,-1.,-3.01201357703161E-14));
#11465=DIRECTION('',(-2.46252217968527E-15,-1.,-2.8550903491697E-14));
#11466=DIRECTION('',(3.3090672328334E-15,1.,2.05891914764888E-14));
#11467=DIRECTION('',(1.,-3.3090672328334E-15,1.22464681569062E-16));
#11468=DIRECTION('',(1.22464682396331E-16,2.8550903491697E-14,-1.));
#11469=DIRECTION('',(-1.,2.5839528254012E-15,-1.22464681569077E-16));
#11470=DIRECTION('',(0.707106781186552,1.83614069028742E-14,-0.707106781186543));
#11471=DIRECTION('',(3.3090672328334E-15,1.,2.05891914764888E-14));
#11472=DIRECTION('',(1.,-3.3090672328334E-15,1.22464680741882E-16));
#11473=DIRECTION('',(-2.58395282540119E-15,-1.,-2.8550903491697E-14));
#11474=DIRECTION('',(1.,-2.5839528254012E-15,1.22464680741896E-16));
#11475=DIRECTION('',(2.58395282540119E-15,1.,2.8550903491697E-14));
#11476=DIRECTION('',(1.,-2.46252217655671E-15,1.224646807419E-16));
#11477=DIRECTION('',(-2.58395282540119E-15,-1.,-2.8550903491697E-14));
#11478=DIRECTION('',(-0.951327791395443,1.12567477877736E-14,-0.308180845152109));
#11479=DIRECTION('',(-2.58395282540119E-15,-1.,-2.8550903491697E-14));
#11480=DIRECTION('',(1.,-2.46252217655671E-15,1.224646807419E-16));
#11481=DIRECTION('',(-1.2246468074197E-16,-2.8550903491697E-14,1.));
#11482=DIRECTION('',(1.,-2.5839528254012E-15,1.22464681569077E-16));
#11483=DIRECTION('',(1.22464682396331E-16,2.8550903491697E-14,-1.));
#11484=DIRECTION('',(-3.3090672328334E-15,-1.,-2.05891914764888E-14));
#11485=DIRECTION('',(1.,-3.3090672328334E-15,1.22464680741883E-16));
#11486=DIRECTION('',(2.58395282540119E-15,1.,2.8550903491697E-14));
#11487=DIRECTION('',(-1.,2.46252217655671E-15,-1.224646807419E-16));
#11488=DIRECTION('',(2.46252217655671E-15,1.,2.90823976148713E-14));
#11489=DIRECTION('',(-2.46252217655671E-15,-1.,-2.90823976148713E-14));
#11490=DIRECTION('',(3.3090672328334E-15,1.,2.05891914764888E-14));
#11491=DIRECTION('',(-0.951327791395443,9.49320205241334E-15,-0.308180845152109));
#11492=DIRECTION('',(-2.58395282540119E-15,-1.,-2.8550903491697E-14));
#11493=DIRECTION('',(-0.951327791395443,1.12570277023864E-14,-0.308180845152109));
#11494=DIRECTION('',(2.58395282540119E-15,1.,2.8550903491697E-14));
#11495=DIRECTION('',(-0.951327791395443,1.12567477877736E-14,-0.308180845152109));
#11496=DIRECTION('',(0.667946296833028,0.707106781170708,-0.232051167998451));
#11497=DIRECTION('',(-0.165063307102719,-0.163280271875584,-0.972673458805446));
#11498=DIRECTION('',(0.667946296849106,0.707106781186579,-0.232051167903809));
#11499=DIRECTION('',(0.328169908814117,-2.156798301492E-14,0.944618711940926));
#11500=DIRECTION('',(-0.328169908814123,2.78176932441684E-14,-0.944618711940924));
#11501=DIRECTION('',(-0.667946296845894,-0.707106781188286,0.232051167907857));
#11502=DIRECTION('',(-0.602278116712935,0.330448424109968,-0.726680747737243));
#11503=DIRECTION('',(-3.3090672328334E-15,-1.,-2.05891914764888E-14));
#11504=DIRECTION('',(-0.400145025338107,2.01931090208943E-14,-0.916451831083972));
#11505=DIRECTION('',(-7.537827431986E-15,-1.,-2.86383084050212E-14));
#11506=DIRECTION('',(-3.41534784159147E-10,-0.996194698091748,0.087155742747636));
#11507=DIRECTION('',(3.90368229458731E-9,-0.087155742747636,-0.996194698091748));
#11508=DIRECTION('',(0.57357643635104,-0.819152044288996,-2.38739911417641E-14));
#11509=DIRECTION('',(-0.819152044288996,-0.57357643635104,-1.56614742213157E-14));
#11510=DIRECTION('',(-0.573576436351044,0.819152044288993,2.38739911417641E-14));
#11511=DIRECTION('',(-0.819152044288993,-0.573576436351044,-1.5567001230332E-14));
#11512=DIRECTION('',(0.573576436351044,-0.819152044288993,-2.38739911417641E-14));
#11513=DIRECTION('',(-0.819152044288993,-0.573576436351044,-1.60150322129037E-14));
#11514=DIRECTION('',(-1.17033347947086E-15,2.8325285393637E-14,-1.));
#11515=DIRECTION('',(0.819152044288993,0.573576436351044,1.5567001230332E-14));
#11516=DIRECTION('',(-1.22464679914794E-16,-2.92305124102224E-14,1.));
#11517=DIRECTION('',(0.573576436351044,-0.819152044288993,-2.38739911417641E-14));
#11518=DIRECTION('',(-0.819152044288993,-0.573576436351044,-1.54795859292681E-14));
#11519=DIRECTION('',(3.3090672328334E-15,1.,2.05891914764888E-14));
#11520=DIRECTION('',(-0.595189363615577,1.85146969073756E-14,-0.803585478613747));
#11521=DIRECTION('',(6.90341428058345E-15,1.,2.8325285393637E-14));
#11522=DIRECTION('',(-0.595189363615577,2.7232762372381E-14,-0.803585478613747));
#11523=DIRECTION('',(-0.57357643635104,0.819152044288996,2.38739911417641E-14));
#11524=DIRECTION('',(-0.819152044288996,-0.57357643635104,-1.56998662379167E-14));
#11525=DIRECTION('',(0.57357643635104,-0.819152044288996,-2.38739911417641E-14));
#11526=DIRECTION('',(0.819152044288996,0.57357643635104,1.59696999393041E-14));
#11527=DIRECTION('',(-0.57357643635104,0.819152044288996,2.38739911417641E-14));
#11528=DIRECTION('',(-0.819152044288996,-0.57357643635104,-1.56614742213157E-14));
#11529=DIRECTION('',(1.22464679914794E-16,2.92305124102224E-14,-1.));
#11530=DIRECTION('',(0.819152044288996,0.57357643635104,1.59696999393041E-14));
#11531=DIRECTION('',(-3.3090672328334E-15,-1.,-2.05891914764888E-14));
#11532=DIRECTION('',(-0.400145025338107,2.01931090208943E-14,-0.916451831083972));
#11533=DIRECTION('',(-7.537827431986E-15,-1.,-2.86383084050212E-14));
#11534=DIRECTION('',(0.565017959452834,-0.825078605646611,-1.66975235696241E-14));
#11535=DIRECTION('',(-0.825078605646611,-0.565017959452834,-1.49423524512111E-14));
#11536=DIRECTION('',(-0.565017959452834,0.825078605646611,1.66975235696241E-14));
#11537=DIRECTION('',(-0.825078605646611,-0.565017959452834,-2.61686124519035E-14));
#11538=DIRECTION('',(1.2337894973159E-14,2.86865465294094E-14,-1.));
#11539=DIRECTION('',(-0.565017959452834,0.825078605646611,1.66975235696241E-14));
#11540=DIRECTION('',(-0.825078605646611,-0.565017959452834,-2.57091320953945E-14));
#11541=DIRECTION('',(3.3090672328334E-15,1.,2.05891914764888E-14));
#11542=DIRECTION('',(-0.595189363615577,1.85146969073756E-14,-0.803585478613747));
#11543=DIRECTION('',(-0.573576436351044,0.819152044288993,2.38739911417641E-14));
#11544=DIRECTION('',(-0.819152044288993,-0.573576436351044,-1.60150322129037E-14));
#11545=DIRECTION('',(6.90341428058345E-15,1.,2.86865465294094E-14));
#11546=DIRECTION('',(-0.595189363615577,2.7232762372381E-14,-0.803585478613747));
#11547=DIRECTION('',(0.573576436351044,-0.819152044288993,-2.38739911417641E-14));
#11548=DIRECTION('',(0.819152044288993,0.573576436351044,1.5567001230332E-14));
#11549=DIRECTION('',(0.819152044288993,0.573576436351044,1.5567001230332E-14));
#11550=DIRECTION('',(-6.54399108503957E-16,2.86865465294094E-14,-1.));
#11551=DIRECTION('',(-0.573576436351044,0.819152044288993,2.38739911417641E-14));
#11552=DIRECTION('',(-0.819152044288993,-0.573576436351044,-1.54795859292681E-14));
#11553=DIRECTION('',(1.22464679914794E-16,2.92305124102224E-14,-1.));
#11554=DIRECTION('',(-3.3090672328334E-15,-1.,-2.05891914764888E-14));
#11555=DIRECTION('',(-0.400145025338107,2.01931090208943E-14,-0.916451831083972));
#11556=DIRECTION('',(-7.537827431986E-15,-1.,-2.86383084050212E-14));
#11557=DIRECTION('',(-0.707106781186548,1.68986207919122E-14,-0.707106781186548));
#11558=DIRECTION('',(0.707106781186548,1.36270697034431E-14,-0.707106781186548));
#11559=DIRECTION('',(2.70538346652652E-15,1.,2.8550903491697E-14));
#11560=DIRECTION('',(0.70710678118655,0.707106781186546,1.4645352517797E-14));
#11561=DIRECTION('',(-2.71554190715133E-15,-1.79961142492522E-14,1.));
#11562=DIRECTION('',(1.2246468074197E-16,2.8550903491697E-14,-1.));
#11563=DIRECTION('',(0.707106781186578,-0.707106781186518,-2.01019418611874E-14));
#11564=DIRECTION('',(-1.2246468074197E-16,-2.8550903491697E-14,1.));
#11565=DIRECTION('',(-0.707106781186562,0.707106781186533,1.54534690926421E-14));
#11566=DIRECTION('',(-1.,3.3090672328334E-15,-1.22464679914702E-16));
#11567=DIRECTION('',(-1.22464679914797E-16,-2.8550903491697E-14,1.));
#11568=DIRECTION('',(-2.46252217655671E-15,-1.,-2.8550903491697E-14));
#11569=DIRECTION('',(1.,-3.3090672328334E-15,1.22464679914702E-16));
#11570=DIRECTION('',(3.3090672328334E-15,1.,2.8550903491697E-14));
#11571=DIRECTION('',(-1.22464679914794E-16,-2.92305124102224E-14,1.));
#11572=DIRECTION('',(-7.54179251974291E-15,-1.,-2.8550903491697E-14));
#11573=DIRECTION('',(-7.54179251974291E-15,-1.,-2.8550903491697E-14));
#11574=DIRECTION('',(1.2246467991479E-16,2.86865465294094E-14,-1.));
#11575=DIRECTION('',(7.53832307279096E-15,1.,2.8550903491697E-14));
#11576=DIRECTION('',(5.35311863872357E-16,0.087155742747636,0.996194698091748));
#11577=DIRECTION('',(3.3090672328334E-15,1.,2.05891914764888E-14));
#11578=DIRECTION('',(-1.,3.3090672328334E-15,-1.22464681569028E-16));
#11579=DIRECTION('',(1.,-6.90341428058345E-15,1.22464681568954E-16));
#11580=DIRECTION('',(1.,-6.9068837275354E-15,1.22464681568954E-16));
#11581=DIRECTION('',(3.3090672328334E-15,1.,2.05891914764888E-14));
#11582=DIRECTION('',(1.,-3.3090672328334E-15,1.22464680741882E-16));
#11583=DIRECTION('',(2.58395282540119E-15,1.,2.8550903491697E-14));
#11584=DIRECTION('',(1.,-2.46252217655671E-15,1.224646807419E-16));
#11585=DIRECTION('',(3.3090672328334E-15,1.,2.05891914764888E-14));
#11586=DIRECTION('',(-1.,3.3090672328334E-15,-1.22464680741882E-16));
#11587=DIRECTION('',(-2.58395282540119E-15,-1.,-2.8550903491697E-14));
#11588=DIRECTION('',(-1.,2.5839528254012E-15,-1.22464680741897E-16));
#11589=DIRECTION('',(-1.22464679914771E-16,-2.05891914764888E-14,1.));
#11590=DIRECTION('',(1.,-2.46252217655672E-15,1.2246467991472E-16));
#11591=DIRECTION('',(0.819152044288996,0.57357643635104,1.59696999393041E-14));
#11592=DIRECTION('',(-1.22464679914771E-16,-2.05891914764888E-14,1.));
#11593=DIRECTION('',(1.,-2.46252217655672E-15,1.2246467991472E-16));
#11594=DIRECTION('',(-3.3090672328334E-15,-1.,-2.05891914764888E-14));
#11595=DIRECTION('',(1.,-3.3090672328334E-15,1.22464680741882E-16));
#11596=DIRECTION('',(2.58395282540119E-15,1.,2.8550903491697E-14));
#11597=DIRECTION('',(1.,-2.46252217655671E-15,1.224646807419E-16));
#11598=DIRECTION('',(-3.3090672328334E-15,-1.,-2.05891914764888E-14));
#11599=DIRECTION('',(-1.,3.3090672328334E-15,-1.22464680741882E-16));
#11600=DIRECTION('',(3.3090672328334E-15,1.,2.05891914764888E-14));
#11601=DIRECTION('',(-0.951327791395443,9.49320205241334E-15,-0.308180845152109));
#11602=DIRECTION('',(2.58395282540119E-15,1.,2.8550903491697E-14));
#11603=DIRECTION('',(-0.951327791395443,1.12567477877736E-14,-0.308180845152109));
#11604=DIRECTION('',(2.46252217655671E-15,1.,2.86383084050212E-14));
#11605=DIRECTION('',(2.46252217655671E-15,1.,2.81942191951711E-14));
#11606=DIRECTION('',(-1.,3.3090672328334E-15,-1.22464679914702E-16));
#11607=DIRECTION('',(-1.22464679914797E-16,-2.8550903491697E-14,1.));
#11608=DIRECTION('',(-2.58395282586894E-15,-1.,-2.85499952098805E-14));
#11609=DIRECTION('',(-1.,-4.07908859795377E-13,-9.32780267177229E-17));
#11610=DIRECTION('',(-4.07834833841334E-13,0.999661138923951,0.0260308917493959));
#11611=DIRECTION('',(-2.46252217655671E-15,-1.,-2.81942191951711E-14));
#11612=DIRECTION('',(-2.58395282586894E-15,-1.,-2.85499952098805E-14));
#11613=DIRECTION('',(-3.3090672328334E-15,-1.,-2.05891914764888E-14));
#11614=DIRECTION('',(-0.951327791395443,9.49320205241334E-15,-0.308180845152109));
#11615=DIRECTION('',(-3.3090672328334E-15,-1.,-2.05891914764888E-14));
#11616=DIRECTION('',(1.,-3.3090672328334E-15,1.22464680741882E-16));
#11617=DIRECTION('',(1.13382462827152E-14,0.999999992343766,0.000123743559945092));
#11618=DIRECTION('',(4.76424472992741E-14,0.000123743559945092,-0.999999992343766));
#11619=DIRECTION('',(-1.13382462827152E-14,-0.999999992343766,-0.000123743559945092));
#11620=DIRECTION('',(6.4885630961096E-11,-0.000123743559945092,0.999999992343766));
#11621=DIRECTION('',(-4.67498792236743E-7,0.00012374620559821,-0.999999992343329));
#11622=DIRECTION('',(2.77835228503473E-8,0.999999992343438,0.000123746205585235));
#11623=DIRECTION('',(-0.99999999999989,2.2379994896282E-8,4.67501565255647E-7));
#11624=DIRECTION('',(0.00022821384467713,-0.999999966302659,-0.000123746202375804));
#11625=DIRECTION('',(-0.99999999999989,-2.29079940648464E-8,4.67495961038811E-7));
#11626=DIRECTION('',(-9.02527997672441E-15,-0.998801584271273,-0.048942775331969));
#11627=DIRECTION('',(-2.84272850451025E-16,-0.048942775331969,0.998801584271273));
#11628=DIRECTION('',(9.02527997672441E-15,0.998801584271273,0.048942775331969));
#11629=DIRECTION('',(1.16572807073457E-13,-0.048942775331969,0.998801584271273));
#11630=DIRECTION('',(-4.67498792236743E-7,0.00012374620559821,-0.999999992343329));
#11631=DIRECTION('',(2.77835228503473E-8,0.999999992343438,0.000123746205585235));
#11632=DIRECTION('',(0.999999999999891,5.78386265752097E-11,-4.67498788658865E-7));
#11633=DIRECTION('',(0.00022821384467713,-0.999999966302659,-0.000123746202375804));
#11634=DIRECTION('',(-0.999999999999891,-2.30286033489431E-8,4.6749594611387E-7));
#11635=DIRECTION('',(-1.13382462826789E-14,-0.999999992343766,-0.000123743560687309));
#11636=DIRECTION('',(-4.76424472992794E-14,-0.000123743560687309,0.999999992343766));
#11637=DIRECTION('',(1.13382462826789E-14,0.999999992343766,0.000123743560687309));
#11638=DIRECTION('',(6.48856305716167E-11,-0.000123743560687309,0.999999992343766));
#11639=DIRECTION('',(1.13382462827152E-14,0.999999992343766,0.000123743559945092));
#11640=DIRECTION('',(4.76424472991204E-14,0.000123743559945092,-0.999999992343766));
#11641=DIRECTION('',(-1.13382462827152E-14,-0.999999992343766,-0.000123743559945092));
#11642=DIRECTION('',(6.4885630961096E-11,-0.000123743559945092,0.999999992343766));
#11643=DIRECTION('',(-1.13382462826771E-14,-0.999999992343766,-0.000123743560722719));
#11644=DIRECTION('',(-4.76424472992796E-14,-0.000123743560722719,0.999999992343766));
#11645=DIRECTION('',(1.13382462826771E-14,0.999999992343766,0.000123743560722719));
#11646=DIRECTION('',(6.48856305530352E-11,-0.000123743560722719,0.999999992343766));
#11647=DIRECTION('',(-0.57357643635104,0.819152044288996,2.38739911417641E-14));
#11648=DIRECTION('',(-0.819152044288996,-0.57357643635104,-1.59696999393041E-14));
#11649=DIRECTION('',(0.57357643635104,-0.819152044288996,-2.38739911417641E-14));
#11650=DIRECTION('',(-0.819152044288996,-0.57357643635104,-1.56998662379167E-14));
#11651=DIRECTION('',(3.3090672328334E-15,1.,2.05891914764888E-14));
#11652=DIRECTION('',(-0.595189363615577,1.85146969073756E-14,-0.803585478613747));
#11653=DIRECTION('',(-3.41534784159147E-10,-0.996194698091748,0.087155742747636));
#11654=DIRECTION('',(3.90367190904024E-9,-0.087155742747636,-0.996194698091748));
#11655=DIRECTION('',(3.41534784159147E-10,0.996194698091748,-0.087155742747636));
#11656=DIRECTION('',(-1.,-3.41529857811806E-10,-7.82237631460939E-9));
#11657=DIRECTION('',(-1.,3.42839380835767E-10,-1.22464671780777E-16));
#11658=DIRECTION('',(-3.3090672328334E-15,-1.,-2.05891914764888E-14));
#11659=DIRECTION('',(-0.0081420471273094,2.06154515876058E-14,-0.999966852984926));
#11660=DIRECTION('',(-1.38190534564704E-14,-0.998856127468332,0.0478166981186119));
#11661=DIRECTION('',(2.19466826461723E-13,-0.0478166981186119,-0.998856127468332));
#11662=DIRECTION('',(-3.3090672328334E-15,-1.,-2.05891914764888E-14));
#11663=DIRECTION('',(-0.0081420471273094,2.06154515876058E-14,-0.999966852984926));
#11664=DIRECTION('',(3.3090672328334E-15,1.,2.05891914764888E-14));
#11665=DIRECTION('',(-3.3090672328334E-15,-1.,-2.05891914764888E-14));
#11666=DIRECTION('',(-1.22464679914771E-16,-2.05891914764888E-14,1.));
#11667=DIRECTION('',(-3.3090672328334E-15,-1.,-2.05891914764888E-14));
#11668=DIRECTION('',(-0.0081420471273094,2.06154515876058E-14,-0.999966852984926));
#11669=DIRECTION('',(7.49905021141387E-15,0.998788954933457,0.0491998323466014));
#11670=DIRECTION('',(8.49779580825898E-14,-0.0491998323466014,0.998788954933457));
#11671=DIRECTION('',(-7.49905021141387E-15,-0.998788954933457,-0.0491998323466014));
#11672=DIRECTION('',(-2.85121922747302E-16,-0.0491998323466014,0.998788954933457));
#11673=DIRECTION('',(-3.3090672328334E-15,-1.,-2.05891914764888E-14));
#11674=DIRECTION('',(-0.0081420471273094,2.06154515876058E-14,-0.999966852984926));
#11675=DIRECTION('',(-1.22624724935944E-11,0.707106783523658,-0.707106778849437));
#11676=DIRECTION('',(-0.994719434631375,0.0725715036860426,0.0725715041830156));
#11677=DIRECTION('',(2.58395282540119E-15,1.,2.8550903491697E-14));
#11678=DIRECTION('',(-0.0081420471273094,2.85709957801478E-14,-0.999966852984926));
#11679=DIRECTION('',(2.42645948536227E-15,0.707106781186563,-0.707106781186534));
#11680=DIRECTION('',(2.86478283374634E-14,-0.707106781186534,-0.707106781186563));
#11681=DIRECTION('',(1.,-3.3090672328334E-15,1.22464679914702E-16));
#11682=DIRECTION('',(-1.,3.3090672328334E-15,-1.22464679914702E-16));
#11683=DIRECTION('',(1.22464679914771E-16,2.05891914764888E-14,-1.));
#11684=DIRECTION('',(-7.1274182475836E-15,-1.,-2.05891914760284E-14));
#11685=DIRECTION('',(1.,-1.13443063735591E-14,4.89722777642487E-14));
#11686=DIRECTION('',(1.38190534564704E-14,0.998856127468332,-0.0478166981186119));
#11687=DIRECTION('',(-3.59040729953366E-17,-0.0478166981186119,-0.998856127468332));
#11688=DIRECTION('',(-3.3090672328334E-15,-1.,-2.05891914764888E-14));
#11689=DIRECTION('',(-0.0081420471273094,2.06154515876058E-14,-0.999966852984926));
#11690=DIRECTION('',(-2.58395282540119E-15,-1.,-2.8550903491697E-14));
#11691=DIRECTION('',(-0.0081420471273094,2.86596072937447E-14,-0.999966852984926));
#11692=DIRECTION('',(-2.46252217968527E-15,-1.,-2.8550903491697E-14));
#11693=DIRECTION('',(2.46252217968527E-15,1.,2.8550903491697E-14));
#11694=DIRECTION('',(1.22464679914771E-16,2.05891914764888E-14,-1.));
#11695=DIRECTION('',(1.,-2.5839528254012E-15,1.22464679914717E-16));
#11696=DIRECTION('',(-1.,2.46252217655671E-15,8.7371743664932E-17));
#11697=DIRECTION('',(-0.707110583984397,-0.707102978368246,-1.46452746865513E-14));
#11698=DIRECTION('',(3.3090672328334E-15,1.,2.05891914764888E-14));
#11699=DIRECTION('',(-1.,3.3090672328334E-15,-1.22464679914702E-16));
#11700=DIRECTION('',(1.22464679914775E-16,2.19769702572703E-14,-1.));
#11701=DIRECTION('',(1.22464679914771E-16,2.05891914764888E-14,-1.));
#11702=DIRECTION('',(1.22464679914771E-16,2.05891914764888E-14,-1.));
#11703=DIRECTION('',(-1.,2.06425558974733E-14,-1.22464679914346E-16));
#11704=DIRECTION('',(-1.,2.5839528254012E-15,-1.22464680741784E-16));
#11705=DIRECTION('',(-0.707106781186546,0.70710678118655,1.447216130655E-14));
#11706=DIRECTION('',(-3.88662542531031E-15,1.65801013712638E-14,-1.));
#11707=DIRECTION('',(0.577350269120623,0.577350269224142,-0.577350269224112));
#11708=DIRECTION('',(-6.59964828861952E-17,-2.8550903491697E-14,1.));
#11709=DIRECTION('',(-0.707102978368246,0.707110583984397,1.44722400687939E-14));
#11710=DIRECTION('',(-3.8584127366068E-15,1.66083568779172E-14,-1.));
#11711=DIRECTION('',(-1.22464679914773E-16,-2.05891914764888E-14,1.));
#11712=DIRECTION('',(-0.707110583984395,-0.707102978368249,-2.04104889385879E-14));
#11713=DIRECTION('',(-3.3090672328334E-15,-1.,-2.05891914764888E-14));
#11714=DIRECTION('',(-0.0081420471273094,2.06154515876058E-14,-0.999966852984926));
#11715=DIRECTION('',(2.58395282540119E-15,1.,2.8550903491697E-14));
#11716=DIRECTION('',(-0.0081420471273094,2.85709957801478E-14,-0.999966852984926));
#11717=DIRECTION('',(2.25326827411513E-15,0.707106781186534,0.707106781186563));
#11718=DIRECTION('',(-1.,3.67162443696303E-15,-4.85021884044325E-16));
#11719=DIRECTION('',(1.,-2.5839528254012E-15,1.22464680741784E-16));
#11720=DIRECTION('',(3.3090672328334E-15,1.,2.05891914764888E-14));
#11721=DIRECTION('',(1.,-3.3090672328334E-15,1.2246468074188E-16));
#11722=DIRECTION('',(3.48600903290914E-15,1.,2.8550903491697E-14));
#11723=DIRECTION('',(1.,-3.48600903290914E-15,1.22464680741877E-16));
#11724=DIRECTION('',(-3.3090672328334E-15,-1.,-2.05891914764888E-14));
#11725=DIRECTION('',(1.22464681569125E-16,2.05891914764888E-14,-1.));
#11726=DIRECTION('',(-2.58395282540119E-15,-1.,-2.8550903491697E-14));
#11727=DIRECTION('',(1.,-2.5839528254012E-15,1.22464680741903E-16));
#11728=DIRECTION('',(-3.3090672328334E-15,-1.,-2.05891914764888E-14));
#11729=DIRECTION('',(1.,-3.3090672328334E-15,1.22464680741889E-16));
#11730=DIRECTION('',(2.58395282540119E-15,1.,2.8550903491697E-14));
#11731=DIRECTION('',(1.,-2.46252217655671E-15,1.22464680741906E-16));
#11732=DIRECTION('',(3.3090672328334E-15,1.,2.05891914764888E-14));
#11733=DIRECTION('',(1.,-3.3090672328334E-15,1.22464680741888E-16));
#11734=DIRECTION('',(7.909169083865E-15,0.00362299142331059,0.999993436945037));
#11735=DIRECTION('',(3.20352725075808E-15,0.999993436945037,-0.00362299142331059));
#11736=DIRECTION('',(-0.707104460785815,0.707104460783767,-0.0025618502103624));
#11737=DIRECTION('',(-3.10250534838491E-15,-0.999993436945037,0.00362299142331059));
#11738=DIRECTION('',(-1.,3.94745964311167E-15,7.89491928622335E-15));
#11739=DIRECTION('',(-0.00362299142331341,0.,0.999993436945037));
#11740=DIRECTION('',(0.999993436945037,0.,0.00362299142331341));
#11741=DIRECTION('',(3.72662272475991E-15,1.,-2.94213856221852E-29));
#11742=DIRECTION('',(0.999993436945037,1.22754182555003E-16,0.00362299142329218));
#11743=DIRECTION('',(3.1347473636475E-15,1.,-2.14437343063834E-18));
#11744=DIRECTION('',(0.,0.,1.));
#11745=DIRECTION('',(1.,-3.94745964311167E-15,0.));
#11746=DIRECTION('',(-1.,-1.22464669140116E-16,7.89491928622335E-15));
#11747=DIRECTION('',(-3.1347473636475E-15,-1.,2.47485774186984E-29));
#11748=DIRECTION('',(-1.,0.,0.));
#11749=DIRECTION('',(0.,3.52176256319429E-16,1.));
#11750=DIRECTION('',(-8.89360144107298E-15,-2.36847578586705E-14,-1.));
#11751=DIRECTION('',(0.,1.,0.));
#11752=DIRECTION('',(0.,0.,1.));
#11753=CARTESIAN_POINT('',(0.,0.,0.));
#11754=CARTESIAN_POINT('',(0.163228106379812,-0.114399764074649,0.0587514554519974));
#11755=CARTESIAN_POINT('',(0.163228106379812,-0.153429764074649,0.0627499997466803));
#11756=CARTESIAN_POINT('',(0.163222651503216,-0.119429764074649,0.0627504208573029));
#11757=CARTESIAN_POINT('',(0.163228106379812,-0.154399764074649,0.0627499997466803));
#11758=CARTESIAN_POINT('',(0.163228106379812,-0.114399764074649,0.0627479419512481));
#11759=CARTESIAN_POINT('',(0.163228106379812,-0.123399672337996,0.062747941951248));
#11760=CARTESIAN_POINT('',(0.163228106379802,-0.148150166256949,0.0621034461287523));
#11761=CARTESIAN_POINT('',(0.163228106379812,-0.123399763734133,0.0614554417152882));
#11762=CARTESIAN_POINT('',(0.163228106379812,-0.126399764074649,0.0614554417152882));
#11763=CARTESIAN_POINT('',(0.163228106379812,-0.148349507192464,0.0614554417152865));
#11764=CARTESIAN_POINT('',(0.163228106379812,-0.148349508243823,0.0520563013463329));
#11765=CARTESIAN_POINT('',(0.163228106379812,-0.148349507192464,0.0510326924552684));
#11766=CARTESIAN_POINT('',(0.163228106379812,-0.134399764074649,0.0510326924552685));
#11767=CARTESIAN_POINT('',(0.163228106379812,-0.14968139896131,0.0510326924552684));
#11768=CARTESIAN_POINT('',(0.163228106379812,-0.151899764074649,0.053251057568607));
#11769=CARTESIAN_POINT('',(0.163228106379812,-0.154399764074649,0.055751057568607));
#11770=CARTESIAN_POINT('',(0.163228106379812,-0.154399764074649,0.0577514553923925));
#11771=CARTESIAN_POINT('',(0.173518631617915,-0.122436507194473,0.0548030488799987));
#11772=CARTESIAN_POINT('',(0.163228106379812,-0.122495656221909,0.0622510575686072));
#11773=CARTESIAN_POINT('',(0.173348540221062,-0.122437593374513,0.0558030486737279));
#11774=CARTESIAN_POINT('',(0.173228106529064,-0.122438251908063,0.0556178081359533));
#11775=CARTESIAN_POINT('',(0.173228106528824,-0.122438333272437,0.0562753322226032));
#11776=CARTESIAN_POINT('',(0.173228106117775,-0.122438026283119,0.0548030546885176));
#11777=CARTESIAN_POINT('',(0.173228106823956,-0.12243815108514,0.0548030485407533));
#11778=CARTESIAN_POINT('',(0.173324948421942,-0.122437603121584,0.0548030486538351));
#11779=CARTESIAN_POINT('',(0.173421790019928,-0.122437055158029,0.0548030487669169));
#11780=CARTESIAN_POINT('',(0.173518631617914,-0.122436507194473,0.0548030488799987));
#11781=CARTESIAN_POINT('',(0.173518633838842,-0.122436470600028,0.0548030507888231));
#11782=CARTESIAN_POINT('',(0.173518630929436,-0.122436689433381,0.0562757316592904));
#11783=CARTESIAN_POINT('',(0.173518631150414,-0.122436630940679,0.055803048872342));
#11784=CARTESIAN_POINT('',(0.173518631150415,-0.122436630940679,0.0558030488723421));
#11785=CARTESIAN_POINT('',(0.170322818324488,-0.122378018698661,0.0532530343726634));
#11786=CARTESIAN_POINT('',(0.173228105932705,-0.122438045735817,0.0548030537379937));
#11787=CARTESIAN_POINT('',(0.173228105941612,-0.122387069122547,0.0537697266274216));
#11788=CARTESIAN_POINT('',(0.173228105950518,-0.122336092509277,0.0527363995168495));
#11789=CARTESIAN_POINT('',(0.173228105959425,-0.122285115896007,0.0517030724062773));
#11790=CARTESIAN_POINT('',(0.17322810610143,-0.122285156595252,0.0517030689236939));
#11791=CARTESIAN_POINT('',(0.17032238748866,-0.122301557220828,0.0517030640615716));
#11792=CARTESIAN_POINT('',(0.173517769908227,-0.122283577508305,0.0517030677802472));
#11793=CARTESIAN_POINT('',(0.173517769338828,-0.122283476879524,0.0517030727445168));
#11794=CARTESIAN_POINT('',(0.173518056566484,-0.122334451867509,0.0527363998554244));
#11795=CARTESIAN_POINT('',(0.17351834379414,-0.122385426855495,0.0537697269663319));
#11796=CARTESIAN_POINT('',(0.173518631021796,-0.12243640184348,0.0548030540772394));
#11797=CARTESIAN_POINT('',(0.17041408260275,-0.138506631675903,0.053251038263383));
#11798=CARTESIAN_POINT('',(0.173228105967227,-0.138566914073284,0.0548010572291331));
#11799=CARTESIAN_POINT('',(0.173228105975618,-0.138516111481565,0.0537677302036462));
#11800=CARTESIAN_POINT('',(0.173228105984009,-0.138465308889845,0.0527344031781592));
#11801=CARTESIAN_POINT('',(0.1732281059924,-0.138414506298126,0.0517010761526723));
#11802=CARTESIAN_POINT('',(0.173228106126184,-0.138414547953929,0.0517010728034268));
#11803=CARTESIAN_POINT('',(0.173228106195125,-0.138566753996457,0.054801065099166));
#11804=CARTESIAN_POINT('',(0.170413653243907,-0.138430431225358,0.0517010682172646));
#11805=CARTESIAN_POINT('',(0.173609032675112,-0.138412445686232,0.051701071936665));
#11806=CARTESIAN_POINT('',(0.173609032138689,-0.13841235088506,0.0517010765974792));
#11807=CARTESIAN_POINT('',(0.17360931838173,-0.138463151862078,0.052734403725184));
#11808=CARTESIAN_POINT('',(0.173609604624771,-0.138513952839096,0.0537677308528887));
#11809=CARTESIAN_POINT('',(0.173609890867812,-0.138564753816114,0.0548010579805934));
#11810=CARTESIAN_POINT('',(0.173609893517813,-0.138564818590855,0.0548010548864428));
#11811=CARTESIAN_POINT('',(0.173609890867812,-0.138564753816114,0.0548010579805792));
#11812=CARTESIAN_POINT('',(0.173482629612193,-0.138565473904707,0.0548010578319764));
#11813=CARTESIAN_POINT('',(0.173355368356573,-0.138566193993301,0.0548010576833736));
#11814=CARTESIAN_POINT('',(0.173228107100954,-0.138566914081895,0.0548010575347709));
#11815=CARTESIAN_POINT('',(0.170442546386173,-0.143533719222496,0.0532504252510235));
#11816=CARTESIAN_POINT('',(0.173228105822905,-0.143592187590465,0.051700428161386));
#11817=CARTESIAN_POINT('',(0.17322810581309,-0.143542700679297,0.0527337663378272));
#11818=CARTESIAN_POINT('',(0.173228105803274,-0.143493213768128,0.0537671045142684));
#11819=CARTESIAN_POINT('',(0.173228105793458,-0.143443726856959,0.0548004426907096));
#11820=CARTESIAN_POINT('',(0.173228106180557,-0.143443791837179,0.0548004458026341));
#11821=CARTESIAN_POINT('',(0.173228105998977,-0.143592172156768,0.0517004274222611));
#11822=CARTESIAN_POINT('',(0.173228105793458,-0.143443726845001,0.0548004429404141));
#11823=CARTESIAN_POINT('',(0.173364564349246,-0.143442954714873,0.0548004430997565));
#11824=CARTESIAN_POINT('',(0.173501022905034,-0.143442182584745,0.054800443259099));
#11825=CARTESIAN_POINT('',(0.173637481460821,-0.143441410454617,0.0548004434184415));
#11826=CARTESIAN_POINT('',(0.173637481940856,-0.143441495291913,0.0548004471090857));
#11827=CARTESIAN_POINT('',(0.173637484693569,-0.143441410454111,0.0548004430470547));
#11828=CARTESIAN_POINT('',(0.1736377659057,-0.143490895825936,0.0537671037893727));
#11829=CARTESIAN_POINT('',(0.173638047117831,-0.14354038119776,0.0527337645316906));
#11830=CARTESIAN_POINT('',(0.173638328329962,-0.143589866569585,0.0517004252740086));
#11831=CARTESIAN_POINT('',(0.173638329035881,-0.143589991327704,0.0517004312487216));
#11832=CARTESIAN_POINT('',(0.174022300035205,-0.143587693636808,0.0517004317126431));
#11833=CARTESIAN_POINT('',(0.174228106379812,-0.149799764074653,0.0637514553327879));
#11834=CARTESIAN_POINT('',(0.174228106379812,-0.149799764074653,0.0647514553327878));
#11835=CARTESIAN_POINT('',(0.174228106379812,-0.149799764074653,0.0647514553327877));
#11836=CARTESIAN_POINT('',(0.171228106379812,-0.149799764074653,0.0647514553327876));
#11837=CARTESIAN_POINT('',(0.174228106379812,-0.149799764074653,0.0537514553327882));
#11838=CARTESIAN_POINT('',(0.174228106379812,-0.149799764074653,0.0627514553327981));
#11839=CARTESIAN_POINT('',(0.174228106379812,-0.149799764074653,0.0627514553327879));
#11840=CARTESIAN_POINT('',(0.169228106379812,-0.149799764074653,0.0627514553327879));
#11841=CARTESIAN_POINT('',(0.171228106379812,-0.149799764074653,0.0647514553327879));
#11842=CARTESIAN_POINT('',(0.174727945236115,-0.135166747296408,0.0647514553327875));
#11843=CARTESIAN_POINT('',(0.175060198704716,-0.149399764074649,0.0647514553327874));
#11844=CARTESIAN_POINT('',(0.174069794612163,-0.150376310129821,0.0647514553327874));
#11845=CARTESIAN_POINT('',(0.173228106528824,-0.151201646885914,0.0647514553327874));
#11846=CARTESIAN_POINT('',(0.175060198704717,-0.149399764074649,0.0647514553327874));
#11847=CARTESIAN_POINT('',(0.173228106528824,-0.151201646885914,0.0647514553327874));
#11848=CARTESIAN_POINT('',(0.175144152542265,-0.149316968845173,0.0647514553327874));
#11849=CARTESIAN_POINT('',(0.175228106379813,-0.149234173615697,0.0647514553327874));
#11850=CARTESIAN_POINT('',(0.175228106379812,-0.129916747296408,0.0647514553327876));
#11851=CARTESIAN_POINT('',(0.175228106379812,-0.126399764074649,0.0647514553327876));
#11852=CARTESIAN_POINT('',(0.171784409011773,-0.126399764074649,0.0647514553327876));
#11853=CARTESIAN_POINT('',(0.174228106379812,-0.126399764074649,0.0647514553327876));
#11854=CARTESIAN_POINT('',(0.174228106379812,-0.1494160613539,0.0647514553327874));
#11855=CARTESIAN_POINT('',(0.171228106379812,-0.14363325568553,0.0647514553327874));
#11856=CARTESIAN_POINT('',(0.171228106379812,-0.153153456342401,0.0647514553327875));
#11857=CARTESIAN_POINT('',(0.173228106528824,-0.151201646885914,0.0647514553327874));
#11858=CARTESIAN_POINT('',(0.172122285339793,-0.152285985480032,0.0647514553327873));
#11859=CARTESIAN_POINT('',(0.171228106379812,-0.153153456342401,0.0647514553327873));
#11860=CARTESIAN_POINT('',(0.172094263252658,-0.114599764073106,0.0528573072644854));
#11861=CARTESIAN_POINT('',(0.175971633236486,-0.113010955716517,0.0544463147977755));
#11862=CARTESIAN_POINT('',(0.17776044420503,-0.114799766685383,0.0526572824580751));
#11863=CARTESIAN_POINT('',(0.177360441594368,-0.114399764074649,0.053057334569159));
#11864=CARTESIAN_POINT('',(0.172094263346172,-0.114799769296117,0.0526572771965414));
#11865=CARTESIAN_POINT('',(0.175860420554849,-0.114799766685383,0.0526572815698163));
#11866=CARTESIAN_POINT('',(0.172678873032221,-0.111618218817867,0.0558392231648241));
#11867=CARTESIAN_POINT('',(0.175460417744456,-0.114399764074649,0.0530573336809001));
#11868=CARTESIAN_POINT('',(0.172094263159146,-0.114399764074649,0.0530573321072269));
#11869=CARTESIAN_POINT('',(0.177760441591499,-0.133898905550239,0.0570970794867569));
#11870=CARTESIAN_POINT('',(0.177760441591499,-0.114799764071816,0.0569242674097726));
#11871=CARTESIAN_POINT('',(0.177760441594296,-0.114799764074649,0.0564364376281904));
#11872=CARTESIAN_POINT('',(0.177760441591499,-0.133898905550239,0.0564364376281904));
#11873=CARTESIAN_POINT('',(0.177760441591857,-0.128402551298788,0.0564364376281904));
#11874=CARTESIAN_POINT('',(0.177760441591857,-0.128402551298788,0.0572832585574737));
#11875=CARTESIAN_POINT('',(0.177760441591857,-0.128402551298788,0.0574694376281904));
#11876=CARTESIAN_POINT('',(0.177760441591693,-0.129315986021468,0.0594282065237203));
#11877=CARTESIAN_POINT('',(0.17776044159184,-0.128501413298769,0.0576814372442601));
#11878=CARTESIAN_POINT('',(0.177760441591499,-0.133898905550165,0.0576814372459286));
#11879=CARTESIAN_POINT('',(0.177760441588701,-0.14600853875817,0.0576814372554955));
#11880=CARTESIAN_POINT('',(0.177760441588701,-0.14600853875817,0.0576814372554952));
#11881=CARTESIAN_POINT('',(0.177760441588795,-0.145484119626086,0.056089315454987));
#11882=CARTESIAN_POINT('',(0.177760441588951,-0.144615403965524,0.054353082953142));
#11883=CARTESIAN_POINT('',(0.177760441588951,-0.144615403965524,0.054353082953142));
#11884=CARTESIAN_POINT('',(0.177760441591499,-0.144661109822445,0.0534696334377615));
#11885=CARTESIAN_POINT('',(0.177760441588955,-0.144592266415263,0.0548003091718864));
#11886=CARTESIAN_POINT('',(0.177760441591499,-0.14459255049258,0.0570957562170531));
#11887=CARTESIAN_POINT('',(0.177760441588777,-0.144592390161328,0.0558003091642285));
#11888=CARTESIAN_POINT('',(0.177760441591499,-0.133898745243584,0.0558016324622211));
#11889=CARTESIAN_POINT('',(0.177760441590966,-0.136195264683071,0.0558013482766734));
#11890=CARTESIAN_POINT('',(0.177760441590675,-0.134996323942071,0.0558517573427091));
#11891=CARTESIAN_POINT('',(0.177760441590745,-0.136135507594349,0.0554745828735347));
#11892=CARTESIAN_POINT('',(0.177760441591499,-0.136135707887399,0.0570968033030306));
#11893=CARTESIAN_POINT('',(0.17776044159047,-0.136135424469419,0.054801355673995));
#11894=CARTESIAN_POINT('',(0.177760171798476,6.58604855972743,0.332959754252944));
#11895=CARTESIAN_POINT('',(0.177760441590483,-0.136046252037773,0.0526546459656067));
#11896=CARTESIAN_POINT('',(0.177760441591499,-0.133898355849417,0.0526549164678369));
#11897=CARTESIAN_POINT('',(0.177760441592074,-0.128111413538499,0.0526556315813252));
#11898=CARTESIAN_POINT('',(0.177760441591925,-0.128025108940024,0.0545161114966162));
#11899=CARTESIAN_POINT('',(0.177760441591927,-0.128011830299983,0.0548023609379543));
#11900=CARTESIAN_POINT('',(0.177760441591499,-0.128012114374487,0.0570978079392591));
#11901=CARTESIAN_POINT('',(0.17776044159175,-0.128011954046189,0.0558023609303003));
#11902=CARTESIAN_POINT('',(0.177760441591499,-0.133898745243584,0.0558016324622211));
#11903=CARTESIAN_POINT('',(0.177760441593372,-0.119953785234737,0.0558033580981218));
#11904=CARTESIAN_POINT('',(0.177760441591499,-0.119953945187532,0.0570988013068087));
#11905=CARTESIAN_POINT('',(0.177760441235035,-0.119953661971912,0.0548033581035622));
#11906=CARTESIAN_POINT('',(0.140478286169555,6.62271558098886,0.33380843077051));
#11907=CARTESIAN_POINT('',(0.177760441324691,-0.119864491251894,0.0526566559621286));
#11908=CARTESIAN_POINT('',(0.177760441591499,-0.133898355849417,0.0526549164678369));
#11909=CARTESIAN_POINT('',(0.175660419038297,-0.13314890966794,0.0514017242360818));
#11910=CARTESIAN_POINT('',(-0.0360205996251042,-0.819725153806246,0.262997605306431));
#11911=CARTESIAN_POINT('',(0.17556079220387,-0.144705957011246,0.0514999211584524));
#11912=CARTESIAN_POINT('',(0.175360419215659,-0.144580436250361,0.0517003094900524));
#11913=CARTESIAN_POINT('',(0.175709661847851,-0.144495658993801,0.051351077670264));
#11914=CARTESIAN_POINT('',(0.175860419441136,-0.144282689033449,0.0512003465650904));
#11915=CARTESIAN_POINT('',(0.175860418796782,-0.133134675953598,0.0512017264240379));
#11916=CARTESIAN_POINT('',(0.175860419241157,-0.137085017602708,0.0512012372496416));
#11917=CARTESIAN_POINT('',(0.388869063258102,-0.820020398365838,-0.16189106916888));
#11918=CARTESIAN_POINT('',(0.175360419016086,-0.137397405885081,0.0517011983628388));
#11919=CARTESIAN_POINT('',(0.175360418898245,-0.133156051590827,0.0517017232143431));
#11920=CARTESIAN_POINT('',(0.175158040444158,-0.144661109831632,0.0534696334382367));
#11921=CARTESIAN_POINT('',(-67.2075935725163,-0.146371667915695,0.0204107981358471));
#11922=CARTESIAN_POINT('',(0.175658329731879,-0.144592266473547,0.0548003081891448));
#11923=CARTESIAN_POINT('',(0.175659853594712,-0.144753643243083,0.0516810530553362));
#11924=CARTESIAN_POINT('',(0.175658329731891,-0.144592266445733,0.0548003087267447));
#11925=CARTESIAN_POINT('',(0.163228106440921,-0.144134717854003,0.0636442763870629));
#11926=CARTESIAN_POINT('',(0.173430691279438,-0.143308132163243,0.0551324835529449));
#11927=CARTESIAN_POINT('',(0.173423951380545,-0.143314226945996,0.0549218102953323));
#11928=CARTESIAN_POINT('',(0.173417211481652,-0.143320321728748,0.0547111370377196));
#11929=CARTESIAN_POINT('',(0.173410471582759,-0.143326416511501,0.054500463780107));
#11930=CARTESIAN_POINT('',(0.173375280046938,-0.143358239654394,0.0534004598172273));
#11931=CARTESIAN_POINT('',(0.173340088511115,-0.143390062797288,0.0523004558543478));
#11932=CARTESIAN_POINT('',(0.173304896975293,-0.143421885940182,0.0512004518914682));
#11933=CARTESIAN_POINT('',(0.17330434038964,-0.143422389251684,0.0511830543437576));
#11934=CARTESIAN_POINT('',(0.173303783803988,-0.143422892563186,0.0511656567960469));
#11935=CARTESIAN_POINT('',(0.173303227218335,-0.143423395874688,0.0511482592483363));
#11936=CARTESIAN_POINT('',(0.174239919131975,-0.143768411360547,0.0551324269734523));
#11937=CARTESIAN_POINT('',(0.174235483772006,-0.14377614715828,0.0549217535138483));
#11938=CARTESIAN_POINT('',(0.174231048412037,-0.143783882956012,0.0547110800542443));
#11939=CARTESIAN_POINT('',(0.174226613052067,-0.143791618753744,0.0545004065946403));
#11940=CARTESIAN_POINT('',(0.174203454376883,-0.143832010250311,0.0534004015770883));
#11941=CARTESIAN_POINT('',(0.174180295701698,-0.143872401746879,0.0523003965595364));
#11942=CARTESIAN_POINT('',(0.174157137026514,-0.143912793243446,0.0512003915419846));
#11943=CARTESIAN_POINT('',(0.174156770751328,-0.143913432071134,0.0511829939775933));
#11944=CARTESIAN_POINT('',(0.174156404476142,-0.143914070898822,0.0511655964132021));
#11945=CARTESIAN_POINT('',(0.174156038200956,-0.14391470972651,0.0511481988488108));
#11946=CARTESIAN_POINT('',(0.175049146984512,-0.144228690557852,0.0551323703939596));
#11947=CARTESIAN_POINT('',(0.175047016163466,-0.144238067370564,0.0549216967323642));
#11948=CARTESIAN_POINT('',(0.175044885342421,-0.144247444183276,0.0547110230707689));
#11949=CARTESIAN_POINT('',(0.175042754521375,-0.144256820995988,0.0545003494091736));
#11950=CARTESIAN_POINT('',(0.175031628706828,-0.144305780846228,0.0534003433369494));
#11951=CARTESIAN_POINT('',(0.175020502892281,-0.14435474069647,0.0523003372647251));
#11952=CARTESIAN_POINT('',(0.175009377077735,-0.14440370054671,0.0512003311925007));
#11953=CARTESIAN_POINT('',(0.175009201113015,-0.144404474890584,0.0511829336114289));
#11954=CARTESIAN_POINT('',(0.175009025148295,-0.144405249234458,0.0511655360303571));
#11955=CARTESIAN_POINT('',(0.175008849183575,-0.144406023578333,0.0511481384492852));
#11956=CARTESIAN_POINT('',(0.175858374837046,-0.144688969755155,0.055132313814467));
#11957=CARTESIAN_POINT('',(0.175858548554925,-0.144699987582847,0.0549216399508803));
#11958=CARTESIAN_POINT('',(0.175858722272804,-0.144711005410539,0.0547109660872937));
#11959=CARTESIAN_POINT('',(0.175858895990682,-0.144722023238231,0.0545002922237071));
#11960=CARTESIAN_POINT('',(0.175859803036773,-0.144779551442146,0.0534002850968104));
#11961=CARTESIAN_POINT('',(0.175860710082864,-0.14483707964606,0.052300277969914));
#11962=CARTESIAN_POINT('',(0.175861617128956,-0.144894607849974,0.0512002708430173));
#11963=CARTESIAN_POINT('',(0.175861631474702,-0.144895517710034,0.0511828732452648));
#11964=CARTESIAN_POINT('',(0.175861645820448,-0.144896427570095,0.0511654756475124));
#11965=CARTESIAN_POINT('',(0.175861660166195,-0.144897337430155,0.05114807804976));
#11966=CARTESIAN_POINT('',(0.175866385277488,-0.144693525998598,0.055132313254394));
#11967=CARTESIAN_POINT('',(0.175866581807696,-0.144704560070482,0.0549216393888079));
#11968=CARTESIAN_POINT('',(0.175866778337904,-0.144715594142366,0.0547109655232217));
#11969=CARTESIAN_POINT('',(0.17586697486811,-0.14472662821425,0.0545002916576356));
#11970=CARTESIAN_POINT('',(0.175868001025912,-0.144784241235175,0.0534002845202989));
#11971=CARTESIAN_POINT('',(0.175869027183713,-0.144841854256099,0.0523002773829625));
#11972=CARTESIAN_POINT('',(0.175870053341516,-0.144899467277023,0.0512002702456256));
#11973=CARTESIAN_POINT('',(0.17587006957112,-0.14490037847854,0.0511828726477081));
#11974=CARTESIAN_POINT('',(0.175870085800724,-0.144901289680058,0.0511654750497905));
#11975=CARTESIAN_POINT('',(0.175870102030329,-0.144902200881576,0.051148077451873));
#11976=CARTESIAN_POINT('',(0.175874395717931,-0.144698082242041,0.055132312694321));
#11977=CARTESIAN_POINT('',(0.175874615060467,-0.144709132558117,0.0549216388267354));
#11978=CARTESIAN_POINT('',(0.175874834403003,-0.144720182874193,0.0547109649591498));
#11979=CARTESIAN_POINT('',(0.175875053745539,-0.144731233190269,0.0545002910915642));
#11980=CARTESIAN_POINT('',(0.17587619901505,-0.144788931028204,0.0534002839437874));
#11981=CARTESIAN_POINT('',(0.175877344284562,-0.144846628866138,0.0523002767960109));
#11982=CARTESIAN_POINT('',(0.175878489554075,-0.144904326704072,0.051200269648234));
#11983=CARTESIAN_POINT('',(0.175878507667538,-0.144905239247047,0.0511828720501513));
#11984=CARTESIAN_POINT('',(0.175878525781001,-0.144906151790021,0.0511654744520687));
#11985=CARTESIAN_POINT('',(0.175878543894464,-0.144907064332996,0.051148076853986));
#11986=CARTESIAN_POINT('',(0.175882406158373,-0.144702638485484,0.055132312134248));
#11987=CARTESIAN_POINT('',(0.175882648313238,-0.144713705045752,0.0549216382646629));
#11988=CARTESIAN_POINT('',(0.175882890468103,-0.14472477160602,0.0547109643950778));
#11989=CARTESIAN_POINT('',(0.175883132622968,-0.144735838166289,0.0545002905254927));
#11990=CARTESIAN_POINT('',(0.17588439700419,-0.144793620821234,0.0534002833672759));
#11991=CARTESIAN_POINT('',(0.175885661385411,-0.144851403476177,0.0523002762090594));
#11992=CARTESIAN_POINT('',(0.175886925766634,-0.144909186131121,0.0512002690508424));
#11993=CARTESIAN_POINT('',(0.175886945763955,-0.144910100015553,0.0511828714525946));
#11994=CARTESIAN_POINT('',(0.175886965761277,-0.144911013899984,0.0511654738543468));
#11995=CARTESIAN_POINT('',(0.175886985758598,-0.144911927784416,0.051148076256099));
#11996=CARTESIAN_POINT('',(0.172414315742621,-0.142886010917266,0.0517005177913804));
#11997=CARTESIAN_POINT('',(0.172634236929255,-0.142870262242214,0.0548005198668745));
#11998=CARTESIAN_POINT('',(0.157729197578068,-0.132901098183483,0.0644838712780438));
#11999=CARTESIAN_POINT('',(0.177610933749685,-0.128807129318078,0.0581098675735025));
#12000=CARTESIAN_POINT('',(0.177455391995615,-0.126591106393152,0.0585555887069056));
#12001=CARTESIAN_POINT('',(0.177455391992035,-0.146566773319117,0.0585555887197247));
#12002=CARTESIAN_POINT('',(0.177455391995198,-0.128908522964444,0.058555588708393));
#12003=CARTESIAN_POINT('',(0.177455391992036,-0.146566773319116,0.058555588719723));
#12004=CARTESIAN_POINT('',(0.177605099691205,-0.146301836655218,0.0581265856793485));
#12005=CARTESIAN_POINT('',(0.177760441588701,-0.14600853875817,0.0576814372554953));
#12006=CARTESIAN_POINT('',(0.177022831125446,-0.129485805193333,0.0597951370368875));
#12007=CARTESIAN_POINT('',(0.177560441596268,-0.134996323942035,0.0558517573427091));
#12008=CARTESIAN_POINT('',(0.177722794715549,-0.136157583670012,0.0558013529219347));
#12009=CARTESIAN_POINT('',(0.177727222971599,-0.136154971653571,0.0556390571037417));
#12010=CARTESIAN_POINT('',(0.17776044159102,-0.136135507594188,0.0554745828721756));
#12011=CARTESIAN_POINT('',(0.177722794715549,-0.136157583670012,0.0558013529219348));
#12012=CARTESIAN_POINT('',(0.177741324029689,-0.136176130058651,0.0558013506355519));
#12013=CARTESIAN_POINT('',(0.177360441601861,-0.134996323942035,0.0558517573427091));
#12014=CARTESIAN_POINT('',(0.177360441601861,-0.134996323942035,0.0550517573427091));
#12015=CARTESIAN_POINT('',(0.170260416477396,-0.134996323984929,0.0558517566188447));
#12016=CARTESIAN_POINT('',(0.17426370979664,-0.134996324027859,0.0558517558949801));
#12017=CARTESIAN_POINT('',(0.17426370979664,-0.135796324027859,0.0558517558949801));
#12018=CARTESIAN_POINT('',(0.174013709913516,-0.134996324027859,0.0558517558949801));
#12019=CARTESIAN_POINT('',(0.17376371003039,-0.134996324027859,0.0558517558949801));
#12020=CARTESIAN_POINT('',(0.17376371003039,-0.134996286623467,0.0555517556635626));
#12021=CARTESIAN_POINT('',(0.17376371003039,0.136270613495365,0.0264614139397035));
#12022=CARTESIAN_POINT('',(0.178198122549852,-0.119712139430603,0.0551655482005904));
#12023=CARTESIAN_POINT('',(0.178208508064645,-0.119697123409132,0.0549448300619401));
#12024=CARTESIAN_POINT('',(0.178218893579438,-0.119682107387661,0.0547241119232898));
#12025=CARTESIAN_POINT('',(0.178229279094231,-0.11966709136619,0.0545033937846396));
#12026=CARTESIAN_POINT('',(0.178273445376344,-0.119603233016003,0.0535647499356248));
#12027=CARTESIAN_POINT('',(0.178317611658452,-0.119539374665809,0.0526261060866105));
#12028=CARTESIAN_POINT('',(0.178361777940558,-0.119475516315619,0.0516874622375973));
#12029=CARTESIAN_POINT('',(0.178375388848206,-0.119455836821093,0.0513981964417572));
#12030=CARTESIAN_POINT('',(0.178388999755853,-0.119436157326567,0.0511089306459171));
#12031=CARTESIAN_POINT('',(0.178402610663501,-0.119416477832041,0.050819664850077));
#12032=CARTESIAN_POINT('',(0.177253002384981,-0.120266013543736,0.0551654792189355));
#12033=CARTESIAN_POINT('',(0.177260213995159,-0.120252447039821,0.0549447608994258));
#12034=CARTESIAN_POINT('',(0.177267425605338,-0.120238880535907,0.0547240425799161));
#12035=CARTESIAN_POINT('',(0.177274637215516,-0.120225314031992,0.0545033242604065));
#12036=CARTESIAN_POINT('',(0.177305305893573,-0.120167620017672,0.0535646796422543));
#12037=CARTESIAN_POINT('',(0.177335974571624,-0.120109926003348,0.0526260350241025));
#12038=CARTESIAN_POINT('',(0.177366643249676,-0.120052231989026,0.0516873904059515));
#12039=CARTESIAN_POINT('',(0.1773760945443,-0.120034452183634,0.051398124373083));
#12040=CARTESIAN_POINT('',(0.177385545838923,-0.120016672378242,0.0511088583402145));
#12041=CARTESIAN_POINT('',(0.177394997133548,-0.11999889257285,0.050819592307346));
#12042=CARTESIAN_POINT('',(0.17630788222011,-0.120819887656869,0.0551654102372805));
#12043=CARTESIAN_POINT('',(0.176311919925673,-0.120807770670511,0.0549446917369115));
#12044=CARTESIAN_POINT('',(0.176315957631238,-0.120795653684153,0.0547239732365424));
#12045=CARTESIAN_POINT('',(0.176319995336802,-0.120783536697795,0.0545032547361734));
#12046=CARTESIAN_POINT('',(0.176337166410801,-0.120732007019342,0.0535646093488839));
#12047=CARTESIAN_POINT('',(0.176354337484797,-0.120680477340886,0.0526259639615946));
#12048=CARTESIAN_POINT('',(0.176371508558793,-0.120628947662432,0.0516873185743058));
#12049=CARTESIAN_POINT('',(0.176376800240393,-0.120613067546174,0.0513980523044089));
#12050=CARTESIAN_POINT('',(0.176382091921994,-0.120597187429916,0.051108786034512));
#12051=CARTESIAN_POINT('',(0.176387383603594,-0.120581307313658,0.0508195197646151));
#12052=CARTESIAN_POINT('',(0.175362762055239,-0.121373761770002,0.0551653412556256));
#12053=CARTESIAN_POINT('',(0.175363625856188,-0.1213630943012,0.0549446225743972));
#12054=CARTESIAN_POINT('',(0.175364489657137,-0.121352426832399,0.0547239038931687));
#12055=CARTESIAN_POINT('',(0.175365353458087,-0.121341759363598,0.0545031852119403));
#12056=CARTESIAN_POINT('',(0.175369026928029,-0.121296394021012,0.0535645390555134));
#12057=CARTESIAN_POINT('',(0.17537270039797,-0.121251028678425,0.0526258928990866));
#12058=CARTESIAN_POINT('',(0.175376373867911,-0.121205663335839,0.0516872467426601));
#12059=CARTESIAN_POINT('',(0.175377505936488,-0.121191682908715,0.0513979802357348));
#12060=CARTESIAN_POINT('',(0.175378638005064,-0.121177702481591,0.0511087137288094));
#12061=CARTESIAN_POINT('',(0.175379770073641,-0.121163722054466,0.0508194472218841));
#12062=CARTESIAN_POINT('',(0.174600207280138,-0.121820646055697,0.0551652855989036));
#12063=CARTESIAN_POINT('',(0.174598510267965,-0.121811148106471,0.0549445667717517));
#12064=CARTESIAN_POINT('',(0.174596813255794,-0.121801650157246,0.0547238479445997));
#12065=CARTESIAN_POINT('',(0.174595116243622,-0.121792152208021,0.0545031291174478));
#12066=CARTESIAN_POINT('',(0.17458789939209,-0.121751760459191,0.053564482340455));
#12067=CARTESIAN_POINT('',(0.17458068254056,-0.121711368710361,0.0526258355634621));
#12068=CARTESIAN_POINT('',(0.174573465689029,-0.121670976961532,0.0516871887864693));
#12069=CARTESIAN_POINT('',(0.174571241641747,-0.121658529267571,0.0513979220883015));
#12070=CARTESIAN_POINT('',(0.174569017594464,-0.121646081573611,0.0511086553901337));
#12071=CARTESIAN_POINT('',(0.174566793547182,-0.12163363387965,0.0508193886919659));
#12072=CARTESIAN_POINT('',(0.173837652505034,-0.12226753034139,0.0551652299421817));
#12073=CARTESIAN_POINT('',(0.173833394679741,-0.122259201911741,0.0549445109691063));
#12074=CARTESIAN_POINT('',(0.173829136854448,-0.122250873482092,0.0547237919960309));
#12075=CARTESIAN_POINT('',(0.173824879029155,-0.122242545052443,0.0545030730229555));
#12076=CARTESIAN_POINT('',(0.173806771856152,-0.12220712689737,0.0535644256253966));
#12077=CARTESIAN_POINT('',(0.173788664683149,-0.122171708742298,0.0526257782278377));
#12078=CARTESIAN_POINT('',(0.173770557510147,-0.122136290587225,0.0516871308302788));
#12079=CARTESIAN_POINT('',(0.173764977347006,-0.122125375626428,0.0513978639408685));
#12080=CARTESIAN_POINT('',(0.173759397183864,-0.122114460665631,0.0511085970514582));
#12081=CARTESIAN_POINT('',(0.173753817020723,-0.122103545704834,0.0508193301620479));
#12082=CARTESIAN_POINT('',(0.17307509772993,-0.122714414627084,0.0551651742854596));
#12083=CARTESIAN_POINT('',(0.173068279091516,-0.122707255717011,0.0549444551664607));
#12084=CARTESIAN_POINT('',(0.173061460453102,-0.122700096806938,0.0547237360474618));
#12085=CARTESIAN_POINT('',(0.173054641814688,-0.122692937896865,0.054503016928463));
#12086=CARTESIAN_POINT('',(0.173025644320214,-0.122662493335549,0.0535643689103381));
#12087=CARTESIAN_POINT('',(0.172996646825739,-0.122632048774233,0.0526257208922132));
#12088=CARTESIAN_POINT('',(0.172967649331265,-0.122601604212918,0.0516870728740882));
#12089=CARTESIAN_POINT('',(0.172958713052265,-0.122592221985285,0.0513978057934355));
#12090=CARTESIAN_POINT('',(0.172949776773265,-0.122582839757652,0.0511085387127828));
#12091=CARTESIAN_POINT('',(0.172940840494265,-0.122573457530019,0.0508192716321301));
#12092=CARTESIAN_POINT('',(0.175360418566494,-0.121215645383475,0.0517032007943147));
#12093=CARTESIAN_POINT('',(0.175360418566984,-0.121215645383191,0.0517032007943152));
#12094=CARTESIAN_POINT('',(0.388868960826422,-0.803841380033443,-0.161890479934342));
#12095=CARTESIAN_POINT('',(0.175860418791565,-0.1209032573955,0.0512032396810667));
#12096=CARTESIAN_POINT('',(0.175859135868611,25.482255582377,1.20904118306373));
#12097=CARTESIAN_POINT('',(0.175860418110961,-0.120968936889923,0.052656517886936));
#12098=CARTESIAN_POINT('',(0.176810429695188,-0.120416714039617,0.0526565869243583));
#12099=CARTESIAN_POINT('',(0.175763710037817,-0.121122402429698,0.0548032125450502));
#12100=CARTESIAN_POINT('',(0.177760441593372,-0.119953661762171,0.0548033581057443));
#12101=CARTESIAN_POINT('',(0.177760441125873,-0.119953785508377,0.0558033580980876));
#12102=CARTESIAN_POINT('',(0.175860418796782,-0.133136612141536,0.0668516829597734));
#12103=CARTESIAN_POINT('',(0.175860403162363,-0.0968551388851984,0.0832087707860704));
#12104=CARTESIAN_POINT('',(0.175860419642506,-0.143976627102417,0.0507514590925614));
#12105=CARTESIAN_POINT('',(0.175860418796782,-0.114799764074649,0.0507514561120521));
#12106=CARTESIAN_POINT('',(0.175860419086374,-0.114799764327498,0.0507514587740695));
#12107=CARTESIAN_POINT('',(0.175860418796782,-0.114799764582428,0.0618015711874674));
#12108=CARTESIAN_POINT('',(0.175860418796782,-0.132318894346172,0.052655111031948));
#12109=CARTESIAN_POINT('',(0.175860418796782,-0.133134675953598,0.0512017264240379));
#12110=CARTESIAN_POINT('',(0.175860418796782,-0.128178031767706,0.0512023396522383));
#12111=CARTESIAN_POINT('',(0.175860418796782,-0.128095625110664,0.0529958969797851));
#12112=CARTESIAN_POINT('',(0.175860418081683,-0.128111413457053,0.0526556306930766));
#12113=CARTESIAN_POINT('',(0.175860418796782,-0.132318894346172,0.052655111031948));
#12114=CARTESIAN_POINT('',(0.175860418568693,-0.137150697625396,0.0526545080048304));
#12115=CARTESIAN_POINT('',(0.175859230760335,25.477448009415,1.20956859021236));
#12116=CARTESIAN_POINT('',(0.178188395341727,-0.135899602866411,0.0551635450588481));
#12117=CARTESIAN_POINT('',(0.178198747062196,-0.135884602278757,0.0549428269182724));
#12118=CARTESIAN_POINT('',(0.178209098782664,-0.135869601691102,0.0547221087776967));
#12119=CARTESIAN_POINT('',(0.178219450503133,-0.135854601103448,0.0545013906371209));
#12120=CARTESIAN_POINT('',(0.178263223635476,-0.135791169839959,0.0535680651665248));
#12121=CARTESIAN_POINT('',(0.178306996767825,-0.135727738576467,0.0526347396959283));
#12122=CARTESIAN_POINT('',(0.178350769900169,-0.135664307312975,0.051701414225331));
#12123=CARTESIAN_POINT('',(0.1783645859514,-0.135644286593895,0.0514068300403655));
#12124=CARTESIAN_POINT('',(0.178378402002628,-0.135624265874816,0.0511122458553999));
#12125=CARTESIAN_POINT('',(0.178392218053857,-0.135604245155735,0.0508176616704344));
#12126=CARTESIAN_POINT('',(0.177877222572939,-0.136081961202268,0.0551635223472257));
#12127=CARTESIAN_POINT('',(0.177886529312357,-0.136067437855918,0.0549428041471035));
#12128=CARTESIAN_POINT('',(0.177895836051775,-0.136052914509569,0.0547220859469814));
#12129=CARTESIAN_POINT('',(0.177905142791192,-0.13603839116322,0.0545013677468592));
#12130=CARTESIAN_POINT('',(0.17794449713209,-0.135976977955267,0.0535680420244658));
#12131=CARTESIAN_POINT('',(0.177983851472993,-0.135915564747313,0.0526347163020722));
#12132=CARTESIAN_POINT('',(0.178023205813891,-0.135854151539357,0.0517013905796778));
#12133=CARTESIAN_POINT('',(0.178035627168291,-0.135834767776264,0.0514068063152379));
#12134=CARTESIAN_POINT('',(0.178048048522688,-0.135815384013171,0.051112222050798));
#12135=CARTESIAN_POINT('',(0.178060469877086,-0.135796000250076,0.0508176377863581));
#12136=CARTESIAN_POINT('',(0.177566049804152,-0.136264319538125,0.0551634996356033));
#12137=CARTESIAN_POINT('',(0.177574311562518,-0.13625027343308,0.0549427813759347));
#12138=CARTESIAN_POINT('',(0.177582573320884,-0.136236227328036,0.0547220631162661));
#12139=CARTESIAN_POINT('',(0.177590835079251,-0.136222181222992,0.0545013448565974));
#12140=CARTESIAN_POINT('',(0.177625770628704,-0.136162786070575,0.0535680188824069));
#12141=CARTESIAN_POINT('',(0.177660706178161,-0.136103390918158,0.0526346929082162));
#12142=CARTESIAN_POINT('',(0.177695641727614,-0.13604399576574,0.0517013669340246));
#12143=CARTESIAN_POINT('',(0.177706668385182,-0.136025248958633,0.0514067825901104));
#12144=CARTESIAN_POINT('',(0.177717695042748,-0.136006502151526,0.0511121982461961));
#12145=CARTESIAN_POINT('',(0.177728721700314,-0.135987755344417,0.0508176139022818));
#12146=CARTESIAN_POINT('',(0.177254877035364,-0.136446677873981,0.0551634769239809));
#12147=CARTESIAN_POINT('',(0.177262093812679,-0.136433109010242,0.0549427586047658));
#12148=CARTESIAN_POINT('',(0.177269310589995,-0.136419540146503,0.0547220402855508));
#12149=CARTESIAN_POINT('',(0.17727652736731,-0.136405971282763,0.0545013219663357));
#12150=CARTESIAN_POINT('',(0.177307044125318,-0.136348594185883,0.053567995740348));
#12151=CARTESIAN_POINT('',(0.177337560883329,-0.136291217089003,0.0526346695143601));
#12152=CARTESIAN_POINT('',(0.177368077641337,-0.136233839992122,0.0517013432883715));
#12153=CARTESIAN_POINT('',(0.177377709602073,-0.136215730141001,0.0514067588649829));
#12154=CARTESIAN_POINT('',(0.177387341562807,-0.13619762028988,0.0511121744415942));
#12155=CARTESIAN_POINT('',(0.177396973523543,-0.136179510438758,0.0508175900182056));
#12156=CARTESIAN_POINT('',(0.176624150134572,-0.136816306323337,0.055163430889004));
#12157=CARTESIAN_POINT('',(0.176629248803472,-0.136803704796587,0.0549427124490922));
#12158=CARTESIAN_POINT('',(0.176634347472374,-0.136791103269837,0.0547219940091804));
#12159=CARTESIAN_POINT('',(0.176639446141275,-0.136778501743086,0.0545012755692686));
#12160=CARTESIAN_POINT('',(0.176661006297315,-0.136725215113116,0.0535679488329043));
#12161=CARTESIAN_POINT('',(0.176682566453356,-0.136671928483148,0.05263462209654));
#12162=CARTESIAN_POINT('',(0.176704126609395,-0.136618641853179,0.051701295360175));
#12163=CARTESIAN_POINT('',(0.176710931610646,-0.136601823070286,0.0514067107756972));
#12164=CARTESIAN_POINT('',(0.176717736611897,-0.136585004287392,0.0511121261912192));
#12165=CARTESIAN_POINT('',(0.176724541613148,-0.136568185504498,0.0508175416067413));
#12166=CARTESIAN_POINT('',(0.175993423233779,-0.137185934772691,0.0551633848540272));
#12167=CARTESIAN_POINT('',(0.175996403794266,-0.13717430058293,0.0549426662934186));
#12168=CARTESIAN_POINT('',(0.175999384354753,-0.137162666393169,0.0547219477328101));
#12169=CARTESIAN_POINT('',(0.17600236491524,-0.137151032203408,0.0545012291722015));
#12170=CARTESIAN_POINT('',(0.176014968469311,-0.13710183604035,0.0535679019254607));
#12171=CARTESIAN_POINT('',(0.176027572023382,-0.137052639877293,0.0526345746787199));
#12172=CARTESIAN_POINT('',(0.176040175577453,-0.137003443714236,0.0517012474319788));
#12173=CARTESIAN_POINT('',(0.176044153619219,-0.13698791599957,0.0514066626864115));
#12174=CARTESIAN_POINT('',(0.176048131660986,-0.136972388284905,0.0511120779408442));
#12175=CARTESIAN_POINT('',(0.176052109702753,-0.136956860570239,0.050817493195277));
#12176=CARTESIAN_POINT('',(0.175362696332987,-0.137555563222045,0.0551633388190503));
#12177=CARTESIAN_POINT('',(0.175363558785059,-0.137544896369273,0.054942620137745));
#12178=CARTESIAN_POINT('',(0.175364421237132,-0.137534229516502,0.0547219014564397));
#12179=CARTESIAN_POINT('',(0.175365283689205,-0.13752356266373,0.0545011827751344));
#12180=CARTESIAN_POINT('',(0.175368930641307,-0.137478456967584,0.0535678550180171));
#12181=CARTESIAN_POINT('',(0.175372577593409,-0.137433351271438,0.0526345272608998));
#12182=CARTESIAN_POINT('',(0.175376224545511,-0.137388245575292,0.0517011995037825));
#12183=CARTESIAN_POINT('',(0.175377375627793,-0.137374008928854,0.0514066145971258));
#12184=CARTESIAN_POINT('',(0.175378526710076,-0.137359772282417,0.0511120296904692));
#12185=CARTESIAN_POINT('',(0.175379677792358,-0.137345535635979,0.0508174447838126));
#12186=CARTESIAN_POINT('',(0.174633660449624,-0.137982804239913,0.0551632856087782));
#12187=CARTESIAN_POINT('',(0.174632074651848,-0.137973255499236,0.0549425667879636));
#12188=CARTESIAN_POINT('',(0.174630488854074,-0.13796370675856,0.054721847967149));
#12189=CARTESIAN_POINT('',(0.174628903056298,-0.137954158017884,0.0545011291463344));
#12190=CARTESIAN_POINT('',(0.17462219737524,-0.137913780354036,0.0535678007992902));
#12191=CARTESIAN_POINT('',(0.174615491694182,-0.137873402690189,0.0526344724522461));
#12192=CARTESIAN_POINT('',(0.174608786013123,-0.13783302502634,0.051701144105202));
#12193=CARTESIAN_POINT('',(0.17460666950859,-0.137820280681982,0.0514065590123477));
#12194=CARTESIAN_POINT('',(0.174604553004058,-0.137807536337624,0.0511119739194934));
#12195=CARTESIAN_POINT('',(0.174602436499525,-0.137794791993266,0.0508173888266391));
#12196=CARTESIAN_POINT('',(0.17390462456626,-0.13841004525778,0.0551632323985059));
#12197=CARTESIAN_POINT('',(0.173900590518637,-0.138401614629199,0.0549425134381821));
#12198=CARTESIAN_POINT('',(0.173896556471015,-0.138393184000618,0.0547217944778582));
#12199=CARTESIAN_POINT('',(0.173892522423392,-0.138384753372037,0.0545010755175343));
#12200=CARTESIAN_POINT('',(0.173875464109172,-0.138349103740488,0.0535677465805633));
#12201=CARTESIAN_POINT('',(0.173858405794953,-0.138313454108938,0.0526344176435922));
#12202=CARTESIAN_POINT('',(0.173841347480735,-0.138277804477388,0.0517010887066215));
#12203=CARTESIAN_POINT('',(0.173835963389387,-0.13826655243511,0.0514065034275694));
#12204=CARTESIAN_POINT('',(0.173830579298038,-0.138255300392832,0.0511119181485173));
#12205=CARTESIAN_POINT('',(0.173825195206691,-0.138244048350554,0.0508173328694653));
#12206=CARTESIAN_POINT('',(0.173175588682896,-0.138837286275648,0.0551631791882335));
#12207=CARTESIAN_POINT('',(0.173169106385426,-0.138829973759162,0.0549424600884004));
#12208=CARTESIAN_POINT('',(0.173162624087955,-0.138822661242676,0.0547217409885673));
#12209=CARTESIAN_POINT('',(0.173156141790485,-0.138815348726191,0.0545010218887342));
#12210=CARTESIAN_POINT('',(0.173128730843105,-0.138784427126939,0.0535676923618364));
#12211=CARTESIAN_POINT('',(0.173101319895725,-0.138753505527688,0.0526343628349385));
#12212=CARTESIAN_POINT('',(0.173073908948345,-0.138722583928436,0.0517010333080409));
#12213=CARTESIAN_POINT('',(0.173065257270182,-0.138712824188237,0.051406447842791));
#12214=CARTESIAN_POINT('',(0.173056605592019,-0.138703064448039,0.0511118623775412));
#12215=CARTESIAN_POINT('',(0.173047953913856,-0.138693304707842,0.0508172769122914));
#12216=CARTESIAN_POINT('',(0.175360419016086,-0.137397405885081,0.0517011983628388));
#12217=CARTESIAN_POINT('',(0.175860418563572,-0.137150697625382,0.0526545078900657));
#12218=CARTESIAN_POINT('',(0.175763710037818,-0.137304165129234,0.0548012101133023));
#12219=CARTESIAN_POINT('',(0.175658329731891,-0.144592266445667,0.0548003081891464));
#12220=CARTESIAN_POINT('',(0.175658329264393,-0.144592390189227,0.0558003081814901));
#12221=CARTESIAN_POINT('',(0.17565832926437,-0.144592390219752,0.0558003081814866));
#12222=CARTESIAN_POINT('',(0.175658329682676,-0.144592266445667,0.0548003081891464));
#12223=CARTESIAN_POINT('',(0.177760441587755,-0.136135424464779,0.0548013556739955));
#12224=CARTESIAN_POINT('',(0.173609891440155,-0.138564853066044,0.0548010531010416));
#12225=CARTESIAN_POINT('',(0.173609890961909,-0.138564976812283,0.0558010530933882));
#12226=CARTESIAN_POINT('',(0.177760441120256,-0.136135548210985,0.0558013556663389));
#12227=CARTESIAN_POINT('',(0.172552296580468,-0.142823603083072,0.0548005256024615));
#12228=CARTESIAN_POINT('',(0.173637484740355,-0.143441722637661,0.0562731324216794));
#12229=CARTESIAN_POINT('',(0.173637484961333,-0.14344166414492,0.0558004496347308));
#12230=CARTESIAN_POINT('',(0.172715576376322,-0.142916703243282,0.0558005141656596));
#12231=CARTESIAN_POINT('',(0.172436311197324,-0.126592964045616,0.0522027650304398));
#12232=CARTESIAN_POINT('',(0.173545756868178,-0.127230388151066,0.0549752539711532));
#12233=CARTESIAN_POINT('',(0.173545758398208,-0.127229983154577,0.05170245569448));
#12234=CARTESIAN_POINT('',(0.173545756481462,-0.127230490514144,0.0558024556630878));
#12235=CARTESIAN_POINT('',(0.174429122245909,-0.127737748247697,0.0558023933048399));
#12236=CARTESIAN_POINT('',(0.175388081583803,-0.128288414302148,0.055802325610317));
#12237=CARTESIAN_POINT('',(0.175388082699809,-0.128288290928536,0.0548023256179278));
#12238=CARTESIAN_POINT('',(0.175387735069807,-0.128288091305649,0.0548023072323047));
#12239=CARTESIAN_POINT('',(0.175484545412103,-0.128343380617786,0.0523640665699182));
#12240=CARTESIAN_POINT('',(0.175516927897946,-0.128361874144612,0.0515458074878584));
#12241=CARTESIAN_POINT('',(0.173476715327078,-0.12719056995459,0.0535861630786473));
#12242=CARTESIAN_POINT('',(0.175360418762547,-0.128272020876202,0.0517023275946164));
#12243=CARTESIAN_POINT('',(0.174429124162704,-0.12773724088817,0.0517023933362321));
#12244=CARTESIAN_POINT('',(0.175660415975527,-0.114599761761173,0.0618015711874674));
#12245=CARTESIAN_POINT('',(0.174716314368503,-0.113655660154149,0.0518955601335059));
#12246=CARTESIAN_POINT('',(0.175460418635456,-0.114399764074649,0.0511514588209113));
#12247=CARTESIAN_POINT('',(0.175460418289002,-0.114399764074649,0.0618015711874674));
#12248=CARTESIAN_POINT('',(0.175660419038297,-0.13314890966794,0.0514017242360818));
#12249=CARTESIAN_POINT('',(0.175360418898245,-0.133156051590827,0.0517017232143431));
#12250=CARTESIAN_POINT('',(0.174954491717779,-0.128663581320186,0.0521082058197107));
#12251=CARTESIAN_POINT('',(0.175388081828625,-0.128288291438464,0.0548023256178643));
#12252=CARTESIAN_POINT('',(0.175860400515505,-0.128011830611341,0.0548023600496513));
#12253=CARTESIAN_POINT('',(0.175702961045198,-0.12810398416654,0.0548023485723957));
#12254=CARTESIAN_POINT('',(0.175545521574891,-0.128196137721739,0.05480233709514));
#12255=CARTESIAN_POINT('',(0.175388082104584,-0.128288291276937,0.0548023256178844));
#12256=CARTESIAN_POINT('',(0.175860576085946,-0.128012130565862,0.0548023738500957));
#12257=CARTESIAN_POINT('',(0.175388081361126,-0.128288415184669,0.0558023256102077));
#12258=CARTESIAN_POINT('',(0.175860400671358,-0.128011954098869,0.0558023600420269));
#12259=CARTESIAN_POINT('',(0.175860401000277,-0.128011830327591,0.0548023600496867));
#12260=CARTESIAN_POINT('',(0.175619219295771,-0.128235686474649,0.0530023322292246));
#12261=CARTESIAN_POINT('',(0.175860750707442,-0.128012431076144,0.0548023876506897));
#12262=CARTESIAN_POINT('',(0.175860684793354,-0.128028908597345,0.0544445939258621));
#12263=CARTESIAN_POINT('',(0.175860618879266,-0.128045386118546,0.0540868002010345));
#12264=CARTESIAN_POINT('',(0.175860552965178,-0.128061863639747,0.0537290064762068));
#12265=CARTESIAN_POINT('',(0.175860482650382,-0.128061742805807,0.0537290009243792));
#12266=CARTESIAN_POINT('',(0.175859816218821,-0.128131966138734,0.0522125766425952));
#12267=CARTESIAN_POINT('',(0.177460418429321,-0.132318894346265,0.0526551117799458));
#12268=CARTESIAN_POINT('',(0.175860402741219,-0.128011830327591,0.0548023600496875));
#12269=CARTESIAN_POINT('',(0.175860402741219,-0.128011830327658,0.0548023605887259));
#12270=CARTESIAN_POINT('',(0.17586040227372,-0.128011954071151,0.0558023600420312));
#12271=CARTESIAN_POINT('',(0.175860418520123,-0.128131966159927,0.052212576185653));
#12272=CARTESIAN_POINT('',(0.177460418312422,-0.12811141350049,0.0526556324397395));
#12273=CARTESIAN_POINT('',(0.177460418429321,-0.132318894346265,0.0526551117799458));
#12274=CARTESIAN_POINT('',(0.171784409011773,-0.125399764074649,0.0637514553327876));
#12275=CARTESIAN_POINT('',(0.174228106379812,-0.124399764074649,0.0627514553327881));
#12276=CARTESIAN_POINT('',(0.175228106375417,-0.124399764074649,0.062751455332788));
#12277=CARTESIAN_POINT('',(0.174228106379812,-0.124399764074649,0.0627514553327881));
#12278=CARTESIAN_POINT('',(0.174228106379812,-0.127653838394462,0.0660055296526008));
#12279=CARTESIAN_POINT('',(0.175228106379812,-0.127653838394462,0.0660055296526008));
#12280=CARTESIAN_POINT('',(0.174228106379812,-0.1544160613539,0.0437514553327885));
#12281=CARTESIAN_POINT('',(0.174228106379812,-0.119399764074649,0.0627514553327881));
#12282=CARTESIAN_POINT('',(0.173963312447585,-0.133163663779713,0.0558017216506104));
#12283=CARTESIAN_POINT('',(0.173348407475995,-0.124121100107457,0.0558028403460948));
#12284=CARTESIAN_POINT('',(0.173348162229735,-0.12723160857138,0.0558024554323573));
#12285=CARTESIAN_POINT('',(0.173545756481462,-0.127230490514132,0.0558024556630878));
#12286=CARTESIAN_POINT('',(0.173545756481462,-0.127230490514093,0.0558024556630878));
#12287=CARTESIAN_POINT('',(0.163228106379812,-0.127289669353626,0.0622510575686072));
#12288=CARTESIAN_POINT('',(0.17322810652907,-0.127232265039544,0.055617808135962));
#12289=CARTESIAN_POINT('',(0.173545758398208,-0.127229983154577,0.05170245569448));
#12290=CARTESIAN_POINT('',(0.173228106528824,-0.127231780539703,0.0517024553235585));
#12291=CARTESIAN_POINT('',(0.173228106528824,-0.127232408202331,0.0567747389906542));
#12292=CARTESIAN_POINT('',(0.173228106528824,-0.134394974451156,0.0577461362338083));
#12293=CARTESIAN_POINT('',(0.173228106528824,-0.148399764074662,0.0602487957832978));
#12294=CARTESIAN_POINT('',(0.173228106528824,-0.148399764074662,0.0570902524525511));
#12295=CARTESIAN_POINT('',(0.173228106528824,-0.148399764074662,0.0627514553327879));
#12296=CARTESIAN_POINT('',(0.173228106528824,-0.144397369262902,0.0627514553327879));
#12297=CARTESIAN_POINT('',(0.173228106528824,-0.1203997644233,0.0627514553327881));
#12298=CARTESIAN_POINT('',(0.173228106528824,-0.120912755817755,0.0568879368633097));
#12299=CARTESIAN_POINT('',(0.173228106528824,-0.120895055497241,0.0570902524525514));
#12300=CARTESIAN_POINT('',(0.173228106528824,-0.120399768116926,0.0570902524525514));
#12301=CARTESIAN_POINT('',(0.173228106528824,-0.139663748250963,0.0570902524525512));
#12302=CARTESIAN_POINT('',(0.173228106528824,-0.139663748250963,0.0602487957832977));
#12303=CARTESIAN_POINT('',(0.173228106528824,-0.139663748250963,0.058251455332788));
#12304=CARTESIAN_POINT('',(0.173228106528824,-0.134397369262902,0.058251455332788));
#12305=CARTESIAN_POINT('',(0.173228106528824,-0.14039621300422,0.058251455332788));
#12306=CARTESIAN_POINT('',(0.173228106528824,-0.14039621300422,0.060248795783298));
#12307=CARTESIAN_POINT('',(0.173228106528824,-0.14039621300422,0.0570902524525512));
#12308=CARTESIAN_POINT('',(0.173228106528824,-0.120399768116926,0.0570902524525514));
#12309=CARTESIAN_POINT('',(0.173609891429409,-0.138564853066105,0.0548010531010449));
#12310=CARTESIAN_POINT('',(0.163228106379812,-0.138624518720379,0.0622510575686071));
#12311=CARTESIAN_POINT('',(0.173347268309408,-0.138566462822904,0.0558010527867242));
#12312=CARTESIAN_POINT('',(0.173228106529064,-0.138567114406533,0.0556178081359539));
#12313=CARTESIAN_POINT('',(0.173228106528824,-0.138567195523934,0.0562733363797469));
#12314=CARTESIAN_POINT('',(0.173609890961909,-0.138564976812269,0.0558010530933883));
#12315=CARTESIAN_POINT('',(0.173963312447585,-0.133163663779713,0.0558017216506104));
#12316=CARTESIAN_POINT('',(0.17334712564471,-0.140374986944889,0.0558008289886581));
#12317=CARTESIAN_POINT('',(0.173346883618957,-0.143443308468745,0.055800449295396));
#12318=CARTESIAN_POINT('',(0.173637484961333,-0.14344166414492,0.0558004496347309));
#12319=CARTESIAN_POINT('',(0.173637484961333,-0.14344166414496,0.0558004496347309));
#12320=CARTESIAN_POINT('',(0.163228106379812,-0.143501362264179,0.062251057568607));
#12321=CARTESIAN_POINT('',(0.173228106529066,-0.143443957950338,0.0556178081359557));
#12322=CARTESIAN_POINT('',(0.173228106528824,-0.143444100864842,0.0567727328979428));
#12323=CARTESIAN_POINT('',(0.174552035091952,-0.144906068300975,0.0507514575586706));
#12324=CARTESIAN_POINT('',(0.173201678286341,-0.144913709091008,0.0507514559818607));
#12325=CARTESIAN_POINT('',(0.174557591356388,-0.145888301133781,0.0520803072442945));
#12326=CARTESIAN_POINT('',(0.173207234550777,-0.145895941923814,0.0520803056674846));
#12327=CARTESIAN_POINT('',(0.174564450752596,-0.147100925477535,0.0538406003534489));
#12328=CARTESIAN_POINT('',(0.173214093946985,-0.147108566267568,0.053840598776639));
#12329=CARTESIAN_POINT('',(0.17457127101151,-0.14830668619579,0.0558582424787942));
#12330=CARTESIAN_POINT('',(0.173220914205899,-0.148314326985823,0.0558582409019844));
#12331=CARTESIAN_POINT('',(0.174574658357652,-0.148905539530586,0.0568644993963438));
#12332=CARTESIAN_POINT('',(0.173224301552041,-0.148913180320619,0.056864497819534));
#12333=CARTESIAN_POINT('',(0.174576354878637,-0.149205469576025,0.057367948373259));
#12334=CARTESIAN_POINT('',(0.173225998073026,-0.149213110366058,0.0573679467964491));
#12335=CARTESIAN_POINT('',(0.17417351837981,-0.149186282105516,0.0573319157582612));
#12336=CARTESIAN_POINT('',(0.173908173416123,-0.148836035384335,0.0567415058734369));
#12337=CARTESIAN_POINT('',(0.173592904095524,-0.148495999853602,0.0561677612642672));
#12338=CARTESIAN_POINT('',(0.173228106532911,-0.148170418898122,0.0556178082187009));
#12339=CARTESIAN_POINT('',(0.174173518313573,-0.14918628196159,0.0573319153001019));
#12340=CARTESIAN_POINT('',(0.173228106529866,-0.148170418895772,0.055617808214726));
#12341=CARTESIAN_POINT('',(0.173228106528824,-0.148170418898785,0.0556178082197754));
#12342=CARTESIAN_POINT('',(0.173228766784634,-0.147744315795749,0.0549026000338674));
#12343=CARTESIAN_POINT('',(0.173229730975622,-0.146829127208102,0.0534245160117982));
#12344=CARTESIAN_POINT('',(0.173228982828349,-0.145611265267998,0.0516953492548696));
#12345=CARTESIAN_POINT('',(0.173228106528824,-0.144913559550789,0.050751456012721));
#12346=CARTESIAN_POINT('',(0.173228106528824,-0.144913559550789,0.050751456012721));
#12347=CARTESIAN_POINT('',(0.172645821989508,-0.144916854319909,0.0507514553327881));
#12348=CARTESIAN_POINT('',(0.174544029023934,-0.144906113602101,0.050751457549322));
#12349=CARTESIAN_POINT('',(0.174544029023934,-0.144906113602101,0.0507514575493221));
#12350=CARTESIAN_POINT('',(0.174525946715143,-0.145686502076243,0.051807062460939));
#12351=CARTESIAN_POINT('',(0.174465587116718,-0.147200747542289,0.0539471757528978));
#12352=CARTESIAN_POINT('',(0.174364619284537,-0.148518478838866,0.0562128225622051));
#12353=CARTESIAN_POINT('',(0.174173518445995,-0.149186281874236,0.0573319153706867));
#12354=CARTESIAN_POINT('',(0.163228106379812,-0.151899764074649,0.062751057568607));
#12355=CARTESIAN_POINT('',(0.170165062975092,-0.154399764074649,0.0636884119280679));
#12356=CARTESIAN_POINT('',(0.170653135494926,-0.153850730533273,0.0641764844479016));
#12357=CARTESIAN_POINT('',(0.171228106379812,-0.153153456342401,0.0647514553327877));
#12358=CARTESIAN_POINT('',(0.170165062975092,-0.154399764074649,0.0636884119280679));
#12359=CARTESIAN_POINT('',(0.163228106379812,-0.154399764074649,0.0627510575686069));
#12360=CARTESIAN_POINT('',(0.0925237506914446,0.078371710706427,0.254551222410794));
#12361=CARTESIAN_POINT('',(0.16349859487724,-0.148899886030781,0.0502541064570627));
#12362=CARTESIAN_POINT('',(0.163498594877246,-0.148899886030782,0.0502541064570638));
#12363=CARTESIAN_POINT('',(0.164633721372389,-0.148900909763072,0.050279699514601));
#12364=CARTESIAN_POINT('',(0.166863904405389,-0.148915695182796,0.0506495643374923));
#12365=CARTESIAN_POINT('',(0.169942536077854,-0.148974406692741,0.0521134124058412));
#12366=CARTESIAN_POINT('',(0.172490845293277,-0.14906565456817,0.054374470544225));
#12367=CARTESIAN_POINT('',(0.173708410935943,-0.14914391522178,0.0562970214154933));
#12368=CARTESIAN_POINT('',(0.1741735181751,-0.149186282086868,0.0573319153027656));
#12369=CARTESIAN_POINT('',(0.174544029023935,-0.144906113602101,0.050751457549322));
#12370=CARTESIAN_POINT('',(0.175184186550241,-0.144466916466486,0.0507514582997108));
#12371=CARTESIAN_POINT('',(0.175860419642506,-0.143976627102417,0.0507514590925615));
#12372=CARTESIAN_POINT('',(0.175197643854682,-0.149353831068432,0.0613965559525314));
#12373=CARTESIAN_POINT('',(0.176209465721122,-0.148205262177741,0.0601233613386848));
#12374=CARTESIAN_POINT('',(0.177455391992035,-0.146566773319117,0.0585555887197257));
#12375=CARTESIAN_POINT('',(0.175197643844295,-0.149353831090475,0.0613965559529929));
#12376=CARTESIAN_POINT('',(0.163202403438886,-0.149410002117346,0.0622503771715454));
#12377=CARTESIAN_POINT('',(0.175228106379812,-0.1493893518435,0.0622510575686069));
#12378=CARTESIAN_POINT('',(0.175228106379812,-0.149389351925185,0.0622510575686071));
#12379=CARTESIAN_POINT('',(0.175228106379812,-0.149399764074649,0.0625011659814638));
#12380=CARTESIAN_POINT('',(0.175228106379812,-0.149399764074649,0.0627510575686075));
#12381=CARTESIAN_POINT('',(0.175228106379812,-0.149399764074649,0.0637444027637491));
#12382=CARTESIAN_POINT('',(0.175228106379812,-0.149234173615697,0.0647514553327874));
#12383=CARTESIAN_POINT('',(0.176992291908993,-0.124375083468083,0.0591383163137712));
#12384=CARTESIAN_POINT('',(0.175197643840062,-0.139151228003025,0.0613965559666824));
#12385=CARTESIAN_POINT('',(0.175197643839818,-0.130229399748177,0.0613965559632747));
#12386=CARTESIAN_POINT('',(0.176156088721415,-0.129668669540261,0.0601905266203922));
#12387=CARTESIAN_POINT('',(0.169977289394784,-0.129379085921498,0.0595927505199425));
#12388=CARTESIAN_POINT('',(0.163228106379812,-0.130606915903276,0.0622510575686071));
#12389=CARTESIAN_POINT('',(0.174234291492984,-0.128396375300962,0.0574694376281903));
#12390=CARTESIAN_POINT('',(0.171709007008096,-0.128391952303911,0.0574694376281904));
#12391=CARTESIAN_POINT('',(0.177760441591857,-0.128402551298788,0.0574694376281904));
#12392=CARTESIAN_POINT('',(0.163228106379812,-0.128377098136513,0.0622510575686072));
#12393=CARTESIAN_POINT('',(0.173725258133907,-0.12839548373684,0.0564364376281905));
#12394=CARTESIAN_POINT('',(0.171709007008096,-0.128391952303912,0.0564364376281904));
#12395=CARTESIAN_POINT('',(0.160253236031005,-0.145374637895016,0.0520563013463329));
#12396=CARTESIAN_POINT('',(0.164159443094545,-0.149280844958555,0.0483518918570863));
#12397=CARTESIAN_POINT('',(0.162031929561214,-0.147153332476583,0.0544758204669764));
#12398=CARTESIAN_POINT('',(0.138486097082467,-0.123607498946477,0.0621034485240383));
#12399=CARTESIAN_POINT('',(0.163608158596924,-0.154399764074649,0.049938733423204));
#12400=CARTESIAN_POINT('',(0.163581279726197,-0.147272008736584,0.0500161027479444));
#12401=CARTESIAN_POINT('',(0.163197731761749,-0.147009353170506,0.0511201240930263));
#12402=CARTESIAN_POINT('',(0.162378763917052,-0.146448519890742,0.0534774771890928));
#12403=CARTESIAN_POINT('',(0.163197731761749,-0.120399768116926,0.0511201240930265));
#12404=CARTESIAN_POINT('',(0.163197731761749,-0.142597194640449,0.0511201240930264));
#12405=CARTESIAN_POINT('',(0.162823769102579,-0.142335343167489,0.0521965546734409));
#12406=CARTESIAN_POINT('',(0.162378763917052,-0.142023747182041,0.0534774771890928));
#12407=CARTESIAN_POINT('',(0.162378763917052,-0.138429574547034,0.0534774771890928));
#12408=CARTESIAN_POINT('',(0.162240209257088,-0.141194265411423,0.0538762990216666));
#12409=CARTESIAN_POINT('',(0.162378763917052,-0.141291282428784,0.0534774771890928));
#12410=CARTESIAN_POINT('',(0.163197731761749,-0.141864729887192,0.0511201240930264));
#12411=CARTESIAN_POINT('',(0.163197731761749,-0.120399768116926,0.0511201240930265));
#12412=CARTESIAN_POINT('',(0.163197731761749,-0.133372868981246,0.0511201240930264));
#12413=CARTESIAN_POINT('',(0.16306668451355,-0.133281108710196,0.0514973362610887));
#12414=CARTESIAN_POINT('',(0.162378763917052,-0.132799421522838,0.0534774771890929));
#12415=CARTESIAN_POINT('',(0.162378763917052,-0.138429574547034,0.0534774771890928));
#12416=CARTESIAN_POINT('',(0.163197731761749,-0.120399768116926,0.0511201240930265));
#12417=CARTESIAN_POINT('',(0.163197731761749,-0.121417374051933,0.0511201240930266));
#12418=CARTESIAN_POINT('',(0.163197731761749,-0.132640404227989,0.0511201240930264));
#12419=CARTESIAN_POINT('',(0.16314389401204,-0.121403816025736,0.051275093041789));
#12420=CARTESIAN_POINT('',(0.162378763917052,-0.12121113238038,0.053477477189093));
#12421=CARTESIAN_POINT('',(0.162378763917052,-0.138429574547034,0.0534774771890928));
#12422=CARTESIAN_POINT('',(0.162378763917052,-0.132066956769581,0.0534774771890929));
#12423=CARTESIAN_POINT('',(0.16248312466806,-0.13214003095413,0.0531770806093144));
#12424=CARTESIAN_POINT('',(0.162332710099496,-0.114799764074649,0.0536100405248878));
#12425=CARTESIAN_POINT('',(0.16349859487724,-0.114799764074649,0.050254106457064));
#12426=CARTESIAN_POINT('',(0.162031929561215,-0.114799764074649,0.0544758204669767));
#12427=CARTESIAN_POINT('',(0.16349859487724,-0.154399764074649,0.0502541064570636));
#12428=CARTESIAN_POINT('',(0.162031929561215,-0.114399764074649,0.0544758204669767));
#12429=CARTESIAN_POINT('',(0.16672810635001,-0.154399764074649,0.0567514553327879));
#12430=CARTESIAN_POINT('',(0.167603106372362,-0.154399764074649,0.0611264553253373));
#12431=CARTESIAN_POINT('',(0.169228106379812,-0.154399764074649,0.0627514553327879));
#12432=CARTESIAN_POINT('',(0.170478106364911,-0.154399764074649,0.0627514553327879));
#12433=CARTESIAN_POINT('',(0.164217113294451,-0.154399764074649,0.0627507275397341));
#12434=CARTESIAN_POINT('',(0.131217113360571,-0.15439976407465,0.0627499997466803));
#12435=CARTESIAN_POINT('',(0.167581350628526,-0.117399764074649,0.0568078146469796));
#12436=CARTESIAN_POINT('',(0.16283459487724,-0.117399764074649,0.060279106457064));
#12437=CARTESIAN_POINT('',(0.16098459487724,-0.117399764074649,0.060279106457064));
#12438=CARTESIAN_POINT('',(0.16283459487724,-0.117399764074649,0.060279106457064));
#12439=CARTESIAN_POINT('',(0.163228106379812,-0.117399764074649,0.062747941951248));
#12440=CARTESIAN_POINT('',(0.162855910140374,-0.117399764074649,0.0577791973268039));
#12441=CARTESIAN_POINT('',(0.163228106379812,-0.117399764074649,0.0578265446319647));
#12442=CARTESIAN_POINT('',(0.163228106379812,-0.117399764074649,0.0627514553327886));
#12443=CARTESIAN_POINT('',(0.171329062175162,-0.117399764074649,0.0627514553327882));
#12444=CARTESIAN_POINT('',(0.16533459487724,-0.117399764074649,0.0627514553327882));
#12445=CARTESIAN_POINT('',(0.16533459487724,-0.117399764074649,0.060279106457064));
#12446=CARTESIAN_POINT('',(0.16533459487724,-0.117399764074649,0.060179106457064));
#12447=CARTESIAN_POINT('',(0.16283459487724,-0.117399764074649,0.060179106457064));
#12448=CARTESIAN_POINT('',(0.16283793795636,-0.117399764074649,0.0576791086923006));
#12449=CARTESIAN_POINT('',(0.138486097082467,-0.117399764074649,0.0621034485240383));
#12450=CARTESIAN_POINT('',(0.16283459487724,-0.114399764074649,0.060179106457064));
#12451=CARTESIAN_POINT('',(0.16283459487724,-0.114799764074649,0.060179106457064));
#12452=CARTESIAN_POINT('',(0.16283793795636,-0.114799764074649,0.0576791086923006));
#12453=CARTESIAN_POINT('',(0.16533459487724,-0.114799764074649,0.060179106457064));
#12454=CARTESIAN_POINT('',(0.16283793795636,-0.114399764074649,0.0576791086923006));
#12455=CARTESIAN_POINT('',(0.16533459487724,-0.114399764074649,0.060179106457064));
#12456=CARTESIAN_POINT('',(0.138486097082467,-0.114599764074649,0.0621034485240383));
#12457=CARTESIAN_POINT('',(0.138486097082467,-0.114399764074649,0.0621034485240383));
#12458=CARTESIAN_POINT('',(0.163173427998517,-0.114399764074649,0.0572989689402212));
#12459=CARTESIAN_POINT('',(0.162453639195051,-0.114399764074649,0.0544808336897854));
#12460=CARTESIAN_POINT('',(0.113917958224988,-0.0672055260899146,0.337998450286516));
#12461=CARTESIAN_POINT('',(0.138486097082467,-0.114799764074649,0.0621034485240383));
#12462=CARTESIAN_POINT('',(0.16283793795636,-0.114799764074649,0.0576791086923006));
#12463=CARTESIAN_POINT('',(0.162947131748452,-0.114668975714153,0.0575484662323921));
#12464=CARTESIAN_POINT('',(0.163059858160412,-0.114534631406584,0.0574214054689704));
#12465=CARTESIAN_POINT('',(0.163173427998517,-0.114399764074649,0.0572989689402211));
#12466=CARTESIAN_POINT('',(0.162521633841884,-0.114599764074649,0.0536756745066506));
#12467=CARTESIAN_POINT('',(0.162710557584272,-0.114399764074649,0.0537413084884135));
#12468=CARTESIAN_POINT('',(0.163779584636615,-0.114399764074649,0.050664173961171));
#12469=CARTESIAN_POINT('',(0.127986877137656,-0.134037940291662,0.0938499891636864));
#12470=CARTESIAN_POINT('',(0.160228106379812,-0.138429574547034,0.0579913083952318));
#12471=CARTESIAN_POINT('',(0.165228106379812,-0.120399764074662,0.0579913083952319));
#12472=CARTESIAN_POINT('',(0.165228106379812,-0.120816223320368,0.0579913083887009));
#12473=CARTESIAN_POINT('',(0.165228106379812,-0.134062087840947,0.0579913083952318));
#12474=CARTESIAN_POINT('',(0.160228106379812,-0.130561050149898,0.0579913083952319));
#12475=CARTESIAN_POINT('',(0.160228106379812,-0.120816223321511,0.0579913083952319));
#12476=CARTESIAN_POINT('',(0.164654529943461,-0.142884790955678,0.062751455332788));
#12477=CARTESIAN_POINT('',(0.16311971888577,-0.141810104683354,0.0626622417045143));
#12478=CARTESIAN_POINT('',(0.172530727810576,-0.148399764074662,0.0559794671322678));
#12479=CARTESIAN_POINT('',(0.160228106379812,-0.139785375809101,0.0579913083952318));
#12480=CARTESIAN_POINT('',(0.165228106379812,-0.14328641350015,0.0579913083952318));
#12481=CARTESIAN_POINT('',(0.165228106379812,-0.14328641350015,0.0622514553327879));
#12482=CARTESIAN_POINT('',(0.165228106379812,-0.14328641350015,0.0582514553327879));
#12483=CARTESIAN_POINT('',(0.172998675954284,-0.148727424892378,0.0582514553327879));
#12484=CARTESIAN_POINT('',(0.172530727810576,-0.148399764074662,0.0582514553327879));
#12485=CARTESIAN_POINT('',(0.172530727810576,-0.148399764074662,0.0607514553327879));
#12486=CARTESIAN_POINT('',(0.16311971888577,-0.120399768116926,0.0626622417045145));
#12487=CARTESIAN_POINT('',(0.16311971888577,-0.133318243777408,0.0626622417045144));
#12488=CARTESIAN_POINT('',(0.16311971888577,-0.148399764074662,0.0626622417045143));
#12489=CARTESIAN_POINT('',(0.17150737721977,-0.139191345370803,0.062751455332788));
#12490=CARTESIAN_POINT('',(0.17116323135796,-0.138950371844119,0.058251455332788));
#12491=CARTESIAN_POINT('',(0.165228106379812,-0.134794552594204,0.058251455332788));
#12492=CARTESIAN_POINT('',(0.165228106379812,-0.134794552594204,0.062251455332788));
#12493=CARTESIAN_POINT('',(0.165228106379812,-0.134794552594204,0.0579913083952318));
#12494=CARTESIAN_POINT('',(0.160228106379812,-0.131293514903155,0.0579913083952318));
#12495=CARTESIAN_POINT('',(0.160228106379812,-0.138429574547034,0.0579913083952318));
#12496=CARTESIAN_POINT('',(0.165228106379812,-0.120399764074662,0.0579913083952319));
#12497=CARTESIAN_POINT('',(0.163231114549296,-0.147032213870531,0.0516198604525265));
#12498=CARTESIAN_POINT('',(0.160228106379812,-0.144975738843146,0.0579913083952317));
#12499=CARTESIAN_POINT('',(0.165228106453462,-0.148399763973791,0.0579913083952317));
#12500=CARTESIAN_POINT('',(0.165228106674412,-0.148399764074662,0.0571856578926572));
#12501=CARTESIAN_POINT('',(0.165228106674412,-0.148399764074662,0.0513140583301171));
#12502=CARTESIAN_POINT('',(0.16311971888577,-0.146955929562506,0.0626622417045143));
#12503=CARTESIAN_POINT('',(0.16311971888577,-0.120399768116926,0.0626622417045145));
#12504=CARTESIAN_POINT('',(0.16311971888577,-0.148399764074662,0.0626622417045143));
#12505=CARTESIAN_POINT('',(0.171484659733203,-0.148399764074662,0.0547089826501904));
#12506=CARTESIAN_POINT('',(0.16311971888577,-0.142542569436611,0.0626622417045143));
#12507=CARTESIAN_POINT('',(0.172654530092473,-0.149218916118951,0.0627514553327879));
#12508=CARTESIAN_POINT('',(0.172654530092473,-0.149218916118951,0.0582514553327879));
#12509=CARTESIAN_POINT('',(0.171484659733203,-0.148399764074662,0.0582514553327879));
#12510=CARTESIAN_POINT('',(0.165228106379812,-0.144018878253407,0.0582514553327879));
#12511=CARTESIAN_POINT('',(0.165228106379812,-0.144018878253407,0.0622514553327879));
#12512=CARTESIAN_POINT('',(0.165228106379812,-0.144018878253407,0.0579913083952317));
#12513=CARTESIAN_POINT('',(0.160228106379812,-0.140517840562358,0.0579913083952318));
#12514=CARTESIAN_POINT('',(0.171484659733203,-0.148399764074662,0.0627514553327879));
#12515=CARTESIAN_POINT('',(0.160228106379812,-0.138429574547034,0.0579913083952318));
#12516=CARTESIAN_POINT('',(0.165228106379812,-0.120399764074662,0.0579913083952319));
#12517=CARTESIAN_POINT('',(0.170228106379812,-0.154609824410162,0.0637514553327878));
#12518=CARTESIAN_POINT('',(0.169228106379812,-0.154609824410162,0.0627514553327879));
#12519=CARTESIAN_POINT('',(0.165534594877239,-0.114599764074649,0.0597152808949261));
#12520=CARTESIAN_POINT('',(0.165734594877239,-0.114399764074649,0.0597152808949261));
#12521=CARTESIAN_POINT('',(0.165734594877239,-0.114399764074649,0.0627514553327882));
#12522=CARTESIAN_POINT('',(0.165734594877239,-0.114399764074649,0.060179106457064));
#12523=CARTESIAN_POINT('',(0.16533459487724,-0.114799764074649,0.060179106457064));
#12524=CARTESIAN_POINT('',(0.16533459487724,-0.114799764074649,0.0597152808949261));
#12525=CARTESIAN_POINT('',(0.16533459487724,-0.114799764074649,0.0627514553327882));
#12526=CARTESIAN_POINT('',(0.157757972752883,-0.122376386199005,0.0627514553327881));
#12527=CARTESIAN_POINT('',(0.16533459487724,-0.114399764074649,0.060179106457064));
#12528=CARTESIAN_POINT('',(0.16533459487724,-0.134399764074649,0.062751455332788));
#12529=CARTESIAN_POINT('',(0.165228106379812,-0.148399764074662,0.0622514553327879));
#12530=CARTESIAN_POINT('',(0.165228106379812,-0.120770361763383,0.0585155083837275));
#12531=CARTESIAN_POINT('',(0.165228106379812,-0.120399764426043,0.0627514553327881));
#12532=CARTESIAN_POINT('',(0.165228106379813,-0.151399764074655,0.0627514553327879));
#12533=CARTESIAN_POINT('',(0.165228106379812,-0.148399764074662,0.0627514553327879));
#12534=CARTESIAN_POINT('',(0.165228106379812,-0.148399764074662,0.0622514553327879));
#12535=CARTESIAN_POINT('',(0.165228106379812,-0.141399764074656,0.058251455332788));
#12536=CARTESIAN_POINT('',(0.165228106379812,-0.141399764074656,0.058251455332788));
#12537=CARTESIAN_POINT('',(0.165228106379812,-0.134062087840947,0.058251455332788));
#12538=CARTESIAN_POINT('',(0.165228106379812,-0.134062087840947,0.062251455332788));
#12539=CARTESIAN_POINT('',(0.165228106379812,-0.148399764074662,0.0627514553327879));
#12540=CARTESIAN_POINT('',(0.173728106379812,-0.148399764074662,0.0627514553327879));
#12541=CARTESIAN_POINT('',(0.167228106379812,-0.148399764074662,0.0582514553327879));
#12542=CARTESIAN_POINT('',(0.16283459487724,-0.117599764074649,0.060279106457064));
#12543=CARTESIAN_POINT('',(0.16283459487724,-0.117799764074649,0.060279106457064));
#12544=CARTESIAN_POINT('',(0.161384594877239,-0.117799764074649,0.060279106457064));
#12545=CARTESIAN_POINT('',(0.16283459487724,-0.114599764074649,0.060179106457064));
#12546=CARTESIAN_POINT('',(0.16283459487724,-0.114399764074649,0.060179106457064));
#12547=CARTESIAN_POINT('',(0.169228106379812,-0.134399764074649,0.058251455332788));
#12548=CARTESIAN_POINT('',(0.17150737721977,-0.138458880617546,0.058251455332788));
#12549=CARTESIAN_POINT('',(0.169228106379812,-0.134399764074649,0.058251455332788));
#12550=CARTESIAN_POINT('',(0.16283459487724,-0.114399764074649,0.060279106457064));
#12551=CARTESIAN_POINT('',(0.16283459487724,-0.120899764074649,0.0602791064570639));
#12552=CARTESIAN_POINT('',(0.161384594877239,-0.120899764074649,0.0602791064570639));
#12553=CARTESIAN_POINT('',(0.16283459487724,-0.120899764074649,0.0576791064570639));
#12554=CARTESIAN_POINT('',(0.138486097082467,-0.114399764074649,0.0621034485240383));
#12555=CARTESIAN_POINT('',(0.138486097082467,-0.123399764074649,0.0621034485240382));
#12556=CARTESIAN_POINT('',(0.162855910140374,-0.123399764074649,0.0577791973268039));
#12557=CARTESIAN_POINT('',(0.162855910140374,-0.114399764074649,0.0577791973268039));
#12558=CARTESIAN_POINT('',(0.163228106379812,-0.114399764074649,0.0587514554519974));
#12559=CARTESIAN_POINT('',(0.163228106379812,-0.114399764074649,0.0627479419512481));
#12560=CARTESIAN_POINT('',(0.163228106379812,-0.114399764074649,0.0627514553327889));
#12561=CARTESIAN_POINT('',(0.138486097082467,-0.122399764074649,0.0621034485240383));
#12562=CARTESIAN_POINT('',(0.162855910140374,-0.123399764074649,0.0577791973268039));
#12563=CARTESIAN_POINT('',(0.162549135606898,-0.123098164953292,0.0577765816397676));
#12564=CARTESIAN_POINT('',(0.16195670406523,-0.122496687311552,0.0578802027323296));
#12565=CARTESIAN_POINT('',(0.161141469679722,-0.121610935019832,0.0583569896734746));
#12566=CARTESIAN_POINT('',(0.160486547700763,-0.120834927566745,0.0591847412259299));
#12567=CARTESIAN_POINT('',(0.16022203183783,-0.120432598737372,0.0604657333835324));
#12568=CARTESIAN_POINT('',(0.160671916513755,-0.120830844387388,0.0617082346847766));
#12569=CARTESIAN_POINT('',(0.161442506840707,-0.121606639402612,0.0624284040529604));
#12570=CARTESIAN_POINT('',(0.162317412422141,-0.122490078939462,0.0627814343364576));
#12571=CARTESIAN_POINT('',(0.162924972461138,-0.123097899369469,0.0627962589210504));
#12572=CARTESIAN_POINT('',(0.163228106271077,-0.123399672229749,0.0627479419685795));
#12573=CARTESIAN_POINT('',(0.16283459487724,-0.114399764074649,0.060279106457064));
#12574=CARTESIAN_POINT('',(0.173228106528824,-0.143443957950349,0.0556178082125394));
#12575=CARTESIAN_POINT('',(0.163228106379812,-0.143444778772245,0.062251057568607));
#12576=CARTESIAN_POINT('',(0.172634934952493,-0.143443805563357,0.054800447195961));
#12577=CARTESIAN_POINT('',(0.173228106202797,-0.14344385680743,0.0548004491643564));
#12578=CARTESIAN_POINT('',(0.173030382656696,-0.14344385680743,0.0548004491643564));
#12579=CARTESIAN_POINT('',(0.172832659110596,-0.14344385680743,0.0548004491643564));
#12580=CARTESIAN_POINT('',(0.172634935564496,-0.14344385680743,0.0548004491643564));
#12581=CARTESIAN_POINT('',(0.173963314364333,-0.133163156420271,0.0517017216820027));
#12582=CARTESIAN_POINT('',(0.173963314598337,-0.143592156510047,0.0517004311328039));
#12583=CARTESIAN_POINT('',(0.168945119488679,-0.143592156574427,0.0517004297879414));
#12584=CARTESIAN_POINT('',(0.158322128312093,-0.138414589368562,0.0517010645248609));
#12585=CARTESIAN_POINT('',(0.168946301162731,-0.138414589611941,0.0517010694916188));
#12586=CARTESIAN_POINT('',(0.168948161992999,-0.130262865034099,0.051702080238351));
#12587=CARTESIAN_POINT('',(0.158322128571315,-0.138387483642252,0.0511479033647525));
#12588=CARTESIAN_POINT('',(0.173228106195125,-0.138566494680755,0.0548010780702308));
#12589=CARTESIAN_POINT('',(0.173030542058937,-0.138566494680755,0.0548010780702308));
#12590=CARTESIAN_POINT('',(0.172832977922748,-0.138566494680755,0.0548010780702308));
#12591=CARTESIAN_POINT('',(0.17263541378656,-0.138566494680755,0.0548010780702308));
#12592=CARTESIAN_POINT('',(0.172635413786559,-0.138566754007369,0.0548010653304352));
#12593=CARTESIAN_POINT('',(0.163228106379812,-0.138931554847417,0.062251057568607));
#12594=CARTESIAN_POINT('',(0.173963314364333,-0.133163156420271,0.0517017216820027));
#12595=CARTESIAN_POINT('',(0.173228108359246,-0.127231780539775,0.0517024553235595));
#12596=CARTESIAN_POINT('',(0.168948856114504,-0.127231780539703,0.0517024553235587));
#12597=CARTESIAN_POINT('',(0.156438122703893,-0.122285197006708,0.0517030595952089));
#12598=CARTESIAN_POINT('',(0.168949982134211,-0.122285197294838,0.0517030654444525));
#12599=CARTESIAN_POINT('',(0.168948161992999,-0.130262865034099,0.051702080238351));
#12600=CARTESIAN_POINT('',(0.173228106528824,-0.138567013338302,0.0548010526552352));
#12601=CARTESIAN_POINT('',(0.163228106379812,-0.138567935228444,0.062251057568607));
#12602=CARTESIAN_POINT('',(0.173228106528824,-0.127232265039483,0.0556178082125394));
#12603=CARTESIAN_POINT('',(0.163228106379812,-0.127233085861379,0.062251057568607));
#12604=CARTESIAN_POINT('',(0.173228106528824,-0.12243815108681,0.054803048540753));
#12605=CARTESIAN_POINT('',(0.163228106379812,-0.122439072729975,0.062251057568607));
#12606=CARTESIAN_POINT('',(0.172636994076845,-0.122438026281259,0.0548030546701319));
#12607=CARTESIAN_POINT('',(0.172636994076845,-0.12243815108681,0.054803048540753));
#12608=CARTESIAN_POINT('',(0.172834031423822,-0.12243815108681,0.054803048540753));
#12609=CARTESIAN_POINT('',(0.173031068770798,-0.12243815108681,0.054803048540753));
#12610=CARTESIAN_POINT('',(0.173228106117775,-0.12243815108681,0.054803048540753));
#12611=CARTESIAN_POINT('',(0.163507377070759,-0.132857220207529,0.062751455332788));
#12612=CARTESIAN_POINT('',(0.16311971888577,-0.132585779024151,0.0626622417045144));
#12613=CARTESIAN_POINT('',(0.16311971888577,-0.120399768116926,0.0626622417045145));
#12614=CARTESIAN_POINT('',(0.16311971888577,-0.120407569607872,0.0626622417045145));
#12615=CARTESIAN_POINT('',(0.167728468974126,-0.120884855600296,0.0572068378296744));
#12616=CARTESIAN_POINT('',(0.170978287671057,-0.120399764424072,0.0627514553327881));
#12617=CARTESIAN_POINT('',(0.163228106379812,-0.154399764074649,0.062251057568607));
#12618=CARTESIAN_POINT('',(0.163228106379812,-0.143087082650689,0.062251057568607));
#12619=CARTESIAN_POINT('',(0.163228106379812,-0.154399764074649,0.062251057568607));
#12620=CARTESIAN_POINT('',(0.173228106530173,-0.148170418895631,0.0556178082144818));
#12621=CARTESIAN_POINT('',(0.172480370495744,-0.147498834795377,0.0544905536733769));
#12622=CARTESIAN_POINT('',(0.171090782955771,-0.146529368872019,0.0530005891752444));
#12623=CARTESIAN_POINT('',(0.168699431387997,-0.145463868129523,0.0515003424262687));
#12624=CARTESIAN_POINT('',(0.167368009530259,-0.145070223226662,0.0509633974233262));
#12625=CARTESIAN_POINT('',(0.166657270134423,-0.144913559550789,0.0507514560127189));
#12626=CARTESIAN_POINT('',(0.166657270134414,-0.144913559550789,0.0507514560127214));
#12627=CARTESIAN_POINT('',(0.163228106379812,-0.114799759772263,0.0622510575686073));
#12628=CARTESIAN_POINT('',(0.166657270801639,-0.114799764074681,0.0507514562116521));
#12629=CARTESIAN_POINT('',(0.166657270467516,-0.154399764074649,0.0507514561120521));
#12630=CARTESIAN_POINT('',(0.163228106379812,-0.154399764074649,0.062251057568607));
#12631=CARTESIAN_POINT('',(0.163228106379812,-0.122804785984259,0.062251057568607));
#12632=CARTESIAN_POINT('',(0.156438122383516,-0.122318873069387,0.0523867058160433));
#12633=CARTESIAN_POINT('',(0.163228106379812,-0.114599761923456,0.0622510575686073));
#12634=CARTESIAN_POINT('',(0.163228106379812,-0.114399764074649,0.0622510575686073));
#12635=CARTESIAN_POINT('',(0.166598395651674,-0.114399764074606,0.0511514562143705));
#12636=CARTESIAN_POINT('',(-0.150625634388061,-0.137947695764708,0.0276035243631074));
#12637=CARTESIAN_POINT('',(0.173228106528824,-0.114399764073988,0.0511514562136663));
#12638=CARTESIAN_POINT('',(0.173228106528824,-0.114399764074649,0.0511514562130056));
#12639=CARTESIAN_POINT('',(0.173228106528824,-0.114799764175602,0.0507514561120521));
#12640=CARTESIAN_POINT('',(0.173228106528824,-0.114799764074649,0.0507514561120521));
#12641=CARTESIAN_POINT('',(0.173228106528824,-0.144913559550789,0.0507514560127211));
#12642=CARTESIAN_POINT('',(0.173228106530173,-0.144913559550789,0.0507514560127209));
#12643=CARTESIAN_POINT('',(0.166617845116039,-0.144913559550789,0.0507514560127212));
#12644=CARTESIAN_POINT('',(0.173228106530173,-0.145182490485604,0.0511152774369482));
#12645=CARTESIAN_POINT('',(0.166617845116039,-0.145182490485604,0.0511152774369485));
#12646=CARTESIAN_POINT('',(0.173228106530173,-0.145585030334957,0.0516693964941894));
#12647=CARTESIAN_POINT('',(0.166617845116039,-0.145585030334957,0.0516693964941898));
#12648=CARTESIAN_POINT('',(0.173228106530173,-0.146113586071216,0.0524205676460526));
#12649=CARTESIAN_POINT('',(0.166617845116039,-0.146113586071216,0.052420567646053));
#12650=CARTESIAN_POINT('',(0.173228106530173,-0.146504115431697,0.0529886824296209));
#12651=CARTESIAN_POINT('',(0.166617845116039,-0.146504115431697,0.0529886824296213));
#12652=CARTESIAN_POINT('',(0.173228106530173,-0.146887808255698,0.0535615612993599));
#12653=CARTESIAN_POINT('',(0.166617845116039,-0.146887808255698,0.0535615612993603));
#12654=CARTESIAN_POINT('',(0.173228106530173,-0.147198352583891,0.0540383171112477));
#12655=CARTESIAN_POINT('',(0.166617845116039,-0.147198352583891,0.0540383171112481));
#12656=CARTESIAN_POINT('',(0.173228106530173,-0.147445246524606,0.0544269630595204));
#12657=CARTESIAN_POINT('',(0.166617845116039,-0.147445246524606,0.0544269630595208));
#12658=CARTESIAN_POINT('',(0.173228106530173,-0.147674541887778,0.05479237889101));
#12659=CARTESIAN_POINT('',(0.166617845116039,-0.147674541887778,0.0547923788910104));
#12660=CARTESIAN_POINT('',(0.173228106530173,-0.147907520796548,0.0551760679350849));
#12661=CARTESIAN_POINT('',(0.166617845116039,-0.147907520796548,0.0551760679350853));
#12662=CARTESIAN_POINT('',(0.173228106530173,-0.148213194140852,0.0556896423979296));
#12663=CARTESIAN_POINT('',(0.166617845116039,-0.148213194140852,0.05568964239793));
#12664=CARTESIAN_POINT('',(0.162149255425777,-0.143509478085319,0.0534275234331471));
#12665=CARTESIAN_POINT('',(0.163228106379812,-0.154399764074649,0.062251057568607));
#12666=CARTESIAN_POINT('',(0.163228106379812,-0.114799759772263,0.0622510575686073));
#12667=CARTESIAN_POINT('',(0.175228106379812,-0.114799760847859,0.0622510575686073));
#12668=CARTESIAN_POINT('',(0.173725257667982,-0.11479976235105,0.0564364359045916));
#12669=CARTESIAN_POINT('',(0.175228106379812,-0.154399764074649,0.062251057568607));
#12670=CARTESIAN_POINT('',(0.173725258133907,-0.154399764074649,0.0564364376281904));
#12671=CARTESIAN_POINT('',(0.174228106379812,-0.154399764074649,0.0627514553327879));
#12672=CARTESIAN_POINT('',(0.147717113322618,-0.119429764074649,0.0627514553327879));
#12673=CARTESIAN_POINT('',(0.164217113294451,-0.119429764074649,0.0627514553327879));
#12674=CARTESIAN_POINT('',(0.164217113294451,-0.154399764074649,0.0627514553327879));
#12675=CARTESIAN_POINT('',(0.175228106379812,-0.154399764074649,0.0627514553327879));
#12676=CARTESIAN_POINT('',(0.175228106375417,-0.114799764070254,0.0627514553327882));
#12677=CARTESIAN_POINT('',(0.175028106379812,-0.114599764074649,0.0627514553327879));
#12678=CARTESIAN_POINT('',(0.174828106379812,-0.114399764074649,0.0627514553327882));
#12679=CARTESIAN_POINT('',(0.174828106372993,-0.114399764074649,0.0627514553327882));
#12680=CARTESIAN_POINT('',(0.175228106379812,-0.1544160613539,0.0432514553327885));
#12681=CARTESIAN_POINT('',(0.175228106379812,-0.114799761923467,0.0500014553327886));
#12682=CARTESIAN_POINT('',(0.166211058986834,-0.114399764074649,0.0564364376281904));
#12683=CARTESIAN_POINT('',(0.166469582668422,-0.114799764074649,0.0564364376281904));
#12684=CARTESIAN_POINT('',(0.177560441594332,-0.114599764074649,0.0569242674097726));
#12685=CARTESIAN_POINT('',(0.175826603404045,-0.112865925884052,0.0545025994375933));
#12686=CARTESIAN_POINT('',(0.177360441594368,-0.114399764074649,0.0560364376281904));
#12687=CARTESIAN_POINT('',(0.177360441594368,-0.114399764074649,0.0569242674097726));
#12688=CARTESIAN_POINT('',(0.175028106379812,-0.114599764074649,0.0500014553327886));
#12689=CARTESIAN_POINT('',(0.174828106379836,-0.114399764074649,0.0622510575686073));
#12690=CARTESIAN_POINT('',(0.174828106379828,-0.114399764074649,0.0622510575686073));
#12691=CARTESIAN_POINT('',(0.174828104228608,-0.114399764074649,0.0500014553327886));
#12692=CARTESIAN_POINT('',(0.163228106379812,-0.114599761923456,0.0622510575686073));
#12693=CARTESIAN_POINT('',(0.163228106379812,-0.114399764074649,0.0622510575686073));
#12694=CARTESIAN_POINT('',(0.1730229263882,-0.114399764074649,0.0560364376281904));
#12695=CARTESIAN_POINT('',(0.1730229263882,-0.114399764074649,0.0560364376281904));
#12696=CARTESIAN_POINT('',(0.173260230632664,-0.114530237589681,0.0561669111432221));
#12697=CARTESIAN_POINT('',(0.173494381339438,-0.114663719502248,0.0563003930557891));
#12698=CARTESIAN_POINT('',(0.1737252586534,-0.11479976148264,0.0564364350361812));
#12699=CARTESIAN_POINT('',(0.166469582668422,-0.114599764074649,0.0562364376281904));
#12700=CARTESIAN_POINT('',(0.166469582668422,-0.114399764074649,0.0560364376281904));
#12701=CARTESIAN_POINT('',(0.169907040394709,-0.119399759772262,0.0567078146469796));
#12702=CARTESIAN_POINT('',(0.168640872787431,-0.119399759772263,0.057751455332788));
#12703=CARTESIAN_POINT('',(0.166290872787431,-0.119399759772263,0.057751455332788));
#12704=CARTESIAN_POINT('',(0.16672810635001,-0.114399764074649,0.0567514553327882));
#12705=CARTESIAN_POINT('',(0.168640872787431,-0.114399764074649,0.0577514553327881));
#12706=CARTESIAN_POINT('',(0.165890872787431,-0.114399764074649,0.0577514553327881));
#12707=CARTESIAN_POINT('',(0.168640872787431,-0.114399759772263,0.0577514553327881));
#12708=CARTESIAN_POINT('',(0.168640872787431,-0.114799764074649,0.0577514553327881));
#12709=CARTESIAN_POINT('',(0.166290872787431,-0.114799764074649,0.0577514553327881));
#12710=CARTESIAN_POINT('',(0.168640872787431,-0.114599764074649,0.0577514553327881));
#12711=CARTESIAN_POINT('',(0.131217113352981,-0.153429764074649,0.108750000000033));
#12712=CARTESIAN_POINT('',(0.131217113352981,-0.119429764074649,0.0939571629590709));
#12713=CARTESIAN_POINT('',(0.13121711334539,-0.119429764074649,0.0627514553327891));
#12714=CARTESIAN_POINT('',(0.131217113357441,-0.119429764074649,0.0769999998443698));
#12715=CARTESIAN_POINT('',(0.131217113352981,-0.153429764074648,0.0627514553327884));
#12716=CARTESIAN_POINT('',(0.131217113352981,-0.154429764074649,0.0627514553327884));
#12717=CARTESIAN_POINT('',(0.131217113352981,-0.154429764074649,0.0939571629590709));
#12718=CARTESIAN_POINT('',(0.13121711334539,-0.154429764074649,0.108750000000033));
#12719=CARTESIAN_POINT('',(0.131217113352981,-0.153429764074649,0.108750000000033));
#12720=CARTESIAN_POINT('',(0.13121711334539,-0.140429764021512,0.108750000000033));
#12721=CARTESIAN_POINT('',(0.131217113352981,-0.153429764074649,0.108750000000033));
#12722=CARTESIAN_POINT('',(0.13121711334539,-0.119429764074649,0.108750000000033));
#12723=CARTESIAN_POINT('',(0.131217113352981,-0.119429764074649,0.0939571629590709));
#12724=CARTESIAN_POINT('',(0.131217113353455,-0.119429764074649,0.0875000503510884));
#12725=CARTESIAN_POINT('',(0.131217113353455,-0.136429764074649,0.0875000503510883));
#12726=CARTESIAN_POINT('',(0.131217113353455,-0.142429764074649,0.0875000503823042));
#12727=CARTESIAN_POINT('',(0.131217113352981,-0.142429764074649,0.0822500251915664));
#12728=CARTESIAN_POINT('',(0.131217113388656,-0.142429764074649,0.0769999999068015));
#12729=CARTESIAN_POINT('',(0.13121711335521,-0.145429764074649,0.0769999998447493));
#12730=CARTESIAN_POINT('',(0.147717113322618,-0.154429764074649,0.0939571629590709));
#12731=CARTESIAN_POINT('',(0.148488396971914,-0.154429764074649,0.10399981169479));
#12732=CARTESIAN_POINT('',(0.150388566358745,-0.154429764074649,0.107291001615769));
#12733=CARTESIAN_POINT('',(0.15337622250896,-0.154429764074649,0.112465773863486));
#12734=CARTESIAN_POINT('',(0.148937369786844,-0.154429764074649,0.107291001615769));
#12735=CARTESIAN_POINT('',(0.147483339804183,-0.154429764074649,0.107291001615769));
#12736=CARTESIAN_POINT('',(0.144798905823078,-0.154429764074649,0.102641425570931));
#12737=CARTESIAN_POINT('',(0.150470995954397,-0.154429764074649,0.112465773863486));
#12738=CARTESIAN_POINT('',(0.149209524692346,-0.154429764074649,0.112465773863486));
#12739=CARTESIAN_POINT('',(0.14281615350584,-0.154429764074649,0.107903197818649));
#12740=CARTESIAN_POINT('',(0.144988477798173,-0.154429764074649,0.111665773863486));
#12741=CARTESIAN_POINT('',(0.147976133948388,-0.154429764074649,0.116840546111204));
#12742=CARTESIAN_POINT('',(0.146237325506557,-0.154429764074649,0.111665773863486));
#12743=CARTESIAN_POINT('',(0.142083251243611,-0.154429764074649,0.111665773863486));
#12744=CARTESIAN_POINT('',(0.139126662357004,-0.154429764074649,0.10654481169479));
#12745=CARTESIAN_POINT('',(0.145070907393825,-0.154429764074649,0.116840546111204));
#12746=CARTESIAN_POINT('',(0.146509480412059,-0.154429764074649,0.116840546111204));
#12747=CARTESIAN_POINT('',(0.160217113192775,-0.154429764074649,0.109799783751284));
#12748=CARTESIAN_POINT('',(0.163717113192775,-0.154429764074649,0.109799783751284));
#12749=CARTESIAN_POINT('',(0.14766694674086,-0.154429764074649,0.0893499997466803));
#12750=CARTESIAN_POINT('',(0.16206694674086,-0.154429764074649,0.0893499997466803));
#12751=CARTESIAN_POINT('',(0.135217113192775,-0.154429764074649,0.109799783751284));
#12752=CARTESIAN_POINT('',(0.131717113192775,-0.154429764074649,0.109799783751284));
#12753=CARTESIAN_POINT('',(0.146283719222592,-0.154429764074649,0.107045197818649));
#12754=CARTESIAN_POINT('',(0.146425634111027,-0.154429764074649,0.107291001615769));
#12755=CARTESIAN_POINT('',(0.151939066196105,-0.154429764074649,0.116840546111204));
#12756=CARTESIAN_POINT('',(0.146955903662985,-0.154429764074649,0.107291001615769));
#12757=CARTESIAN_POINT('',(0.143520407556465,-0.154429764074649,0.107291001615769));
#12758=CARTESIAN_POINT('',(0.141331340106325,-0.154429764074649,0.103499425570931));
#12759=CARTESIAN_POINT('',(0.149033839641543,-0.154429764074649,0.116840546111204));
#12760=CARTESIAN_POINT('',(0.148490946535918,-0.154429764074649,0.116840546111204));
#12761=CARTESIAN_POINT('',(0.147717113322618,-0.154429764074649,0.0627514553327883));
#12762=CARTESIAN_POINT('',(0.132218106379812,-0.154429764074649,0.0627514553327891));
#12763=CARTESIAN_POINT('',(0.132218106379812,-0.154429764074649,0.0939571629590709));
#12764=CARTESIAN_POINT('',(0.132218106379812,-0.154429764074649,0.05825));
#12765=CARTESIAN_POINT('',(0.13221711334539,-0.154429764074649,0.05825));
#12766=CARTESIAN_POINT('',(0.16321711334539,-0.154429764074649,0.05825));
#12767=CARTESIAN_POINT('',(0.16321711334539,-0.154429764074649,0.05825));
#12768=CARTESIAN_POINT('',(0.16321711334539,-0.154429764074649,0.0627499997466802));
#12769=CARTESIAN_POINT('',(0.16321711334539,-0.154429764074649,0.0627499997466802));
#12770=CARTESIAN_POINT('',(0.164217113243512,-0.154429764074649,0.0627499997466802));
#12771=CARTESIAN_POINT('',(0.164217113294451,-0.154429764074649,0.0939571629590709));
#12772=CARTESIAN_POINT('',(0.16421711334539,-0.154429764074649,0.108750000000033));
#12773=CARTESIAN_POINT('',(0.147717113322618,-0.154429764074649,0.108750000000033));
#12774=CARTESIAN_POINT('',(0.169217113299846,-0.154429764074649,0.108750000000033));
#12775=CARTESIAN_POINT('',(0.170474472612727,-0.154429764074649,0.107492640687151));
#12776=CARTESIAN_POINT('',(0.170217113299845,-0.154429764074649,0.107750000000033));
#12777=CARTESIAN_POINT('',(0.170217113299849,-0.154429764074649,0.100353581479554));
#12778=CARTESIAN_POINT('',(0.170217113299842,-0.154429764074649,0.114815856982941));
#12779=CARTESIAN_POINT('',(0.160560591055853,-0.154429764074649,0.119644118425542));
#12780=CARTESIAN_POINT('',(0.162520175003152,-0.154429764128084,0.11866432609586));
#12781=CARTESIAN_POINT('',(0.154467113181389,-0.154429764074649,0.118664325918142));
#12782=CARTESIAN_POINT('',(0.132914051619443,-0.154429764139404,0.1186643261185));
#12783=CARTESIAN_POINT('',(0.134873635548631,-0.154429764074649,0.119644118507045));
#12784=CARTESIAN_POINT('',(0.12521711334539,-0.154429764074649,0.114815857211161));
#12785=CARTESIAN_POINT('',(0.12521711334539,-0.154429764074649,0.10185358149673));
#12786=CARTESIAN_POINT('',(0.12521711334539,-0.154429764074649,0.107750000000035));
#12787=CARTESIAN_POINT('',(0.12421711334539,-0.154429764074649,0.106750000000029));
#12788=CARTESIAN_POINT('',(0.126217113345387,-0.154429764074649,0.108750000000034));
#12789=CARTESIAN_POINT('',(0.147717113322618,-0.154429764074649,0.108750000000033));
#12790=CARTESIAN_POINT('',(0.14771711334539,-0.152429764074649,0.0844742711265089));
#12791=CARTESIAN_POINT('',(0.16321711334539,-0.152429764074649,0.05825));
#12792=CARTESIAN_POINT('',(0.16321711334539,-0.152429764074649,0.05825));
#12793=CARTESIAN_POINT('',(0.132218106379812,-0.152429764074649,0.05825));
#12794=CARTESIAN_POINT('',(0.132218106379812,-0.152429764074649,0.0844742711265089));
#12795=CARTESIAN_POINT('',(0.132218106379812,-0.152429764074649,0.0627514553327891));
#12796=CARTESIAN_POINT('',(0.14771711334539,-0.152429764074649,0.0627514553327884));
#12797=CARTESIAN_POINT('',(0.13221711334539,-0.152429764074649,0.0627514553327884));
#12798=CARTESIAN_POINT('',(0.13221711334539,-0.152429764074649,0.06425));
#12799=CARTESIAN_POINT('',(0.13221711334539,-0.152429764074649,0.06505));
#12800=CARTESIAN_POINT('',(0.13996711334539,-0.152429764074649,0.06505));
#12801=CARTESIAN_POINT('',(0.16321711334539,-0.152429764074649,0.06505));
#12802=CARTESIAN_POINT('',(0.16321711334539,-0.152429764074649,0.06625));
#12803=CARTESIAN_POINT('',(0.16321711334539,-0.152429764074649,0.0627499997466802));
#12804=CARTESIAN_POINT('',(0.16321711334539,-0.152429764074649,0.05825));
#12805=CARTESIAN_POINT('',(0.13221711334539,-0.153429764074649,0.108457197097312));
#12806=CARTESIAN_POINT('',(0.13221711334539,-0.153429764074648,0.0627514553327884));
#12807=CARTESIAN_POINT('',(0.13221711334539,-0.119429764074649,0.0627514553327891));
#12808=CARTESIAN_POINT('',(0.13221711334539,-0.119429764074649,0.108750000000033));
#12809=CARTESIAN_POINT('',(0.13221711334539,-0.119429764074649,0.0719999999115169));
#12810=CARTESIAN_POINT('',(0.13221711334539,-0.136429764074649,0.0719999999115169));
#12811=CARTESIAN_POINT('',(0.13221711334539,-0.139015550712486,0.0719999999115169));
#12812=CARTESIAN_POINT('',(0.13221711334539,-0.139015550512276,0.0739999999115169));
#12813=CARTESIAN_POINT('',(0.13221711334539,-0.141843977637022,0.0739999999115169));
#12814=CARTESIAN_POINT('',(0.13221711334539,-0.141843977637022,0.0954160984948743));
#12815=CARTESIAN_POINT('',(0.13221711334539,-0.141843977637022,0.0749999999115169));
#12816=CARTESIAN_POINT('',(0.13221711334539,-0.139015550512276,0.0749999999115169));
#12817=CARTESIAN_POINT('',(0.13221711334539,-0.139015550644527,0.0769999999115169));
#12818=CARTESIAN_POINT('',(0.13221711334539,-0.136429764074649,0.0769999999115169));
#12819=CARTESIAN_POINT('',(0.13221711334539,-0.135429764074649,0.0769999999115169));
#12820=CARTESIAN_POINT('',(0.13221711334539,-0.135429764074649,0.0922285985044144));
#12821=CARTESIAN_POINT('',(0.13221711334539,-0.135429764074649,0.0779999998447493));
#12822=CARTESIAN_POINT('',(0.13221711334539,-0.145429764074649,0.0779999998447493));
#12823=CARTESIAN_POINT('',(0.13221711334539,-0.142429764074649,0.0779999998759652));
#12824=CARTESIAN_POINT('',(0.13221711334539,-0.142429764074649,0.0822500251917562));
#12825=CARTESIAN_POINT('',(0.13221711334539,-0.142429764074649,0.0865000503748797));
#12826=CARTESIAN_POINT('',(0.13221711334539,-0.148684764047443,0.0865000503514675));
#12827=CARTESIAN_POINT('',(0.13221711334539,-0.143949764020237,0.0865000503514675));
#12828=CARTESIAN_POINT('',(0.13221711334539,-0.143949763997169,0.108457197097312));
#12829=CARTESIAN_POINT('',(0.13221711334539,-0.14394976397413,0.104589851796977));
#12830=CARTESIAN_POINT('',(0.13221711334539,-0.153429764074649,0.104589851796977));
#12831=CARTESIAN_POINT('',(0.13221711334539,-0.152429764074649,0.104589851796977));
#12832=CARTESIAN_POINT('',(0.13221711334539,-0.152429764074649,0.101207180028191));
#12833=CARTESIAN_POINT('',(0.13221711334539,-0.152429764074649,0.073140916342793));
#12834=CARTESIAN_POINT('',(0.13221711334539,-0.14897976404808,0.073140916342793));
#12835=CARTESIAN_POINT('',(0.13221711334539,-0.144529764021512,0.073140916342793));
#12836=CARTESIAN_POINT('',(0.13221711334539,-0.144529764021512,0.0902080916254842));
#12837=CARTESIAN_POINT('',(0.13221711334539,-0.144529764021512,0.0719589861536566));
#12838=CARTESIAN_POINT('',(0.13221711334539,-0.15342976404808,0.0719589861536566));
#12839=CARTESIAN_POINT('',(0.13221711334539,-0.153429764056937,0.0719589861536566));
#12840=CARTESIAN_POINT('',(0.13221711334539,-0.153429764074649,0.101207180028191));
#12841=CARTESIAN_POINT('',(0.13221711334539,-0.153429764074649,0.06605));
#12842=CARTESIAN_POINT('',(0.13221711334539,-0.153854764011319,0.06647499993667));
#12843=CARTESIAN_POINT('',(0.147717113322618,-0.119429764074649,0.0939571629590709));
#12844=CARTESIAN_POINT('',(0.147717113322618,-0.119429764074649,0.0627514553327891));
#12845=CARTESIAN_POINT('',(0.13221711335744,-0.119429764074649,0.0769999998447493));
#12846=CARTESIAN_POINT('',(0.13221711334539,-0.119429764074649,0.0779999998447493));
#12847=CARTESIAN_POINT('',(0.13221711334539,-0.119429764074649,0.0779999999115169));
#12848=CARTESIAN_POINT('',(0.13221711334539,-0.119429764074649,0.0865000503514679));
#12849=CARTESIAN_POINT('',(0.132217113353455,-0.119429764074649,0.0875000503514679));
#12850=CARTESIAN_POINT('',(0.16421711334539,-0.119429764074649,0.108750000000033));
#12851=CARTESIAN_POINT('',(0.13221711334539,-0.119429764074649,0.108750000000033));
#12852=CARTESIAN_POINT('',(0.13221711334539,-0.119429764074649,0.108750000000033));
#12853=CARTESIAN_POINT('',(0.13221711334539,-0.119429764074649,0.105264325918142));
#12854=CARTESIAN_POINT('',(0.13996711334539,-0.119429764074649,0.105264325918142));
#12855=CARTESIAN_POINT('',(0.13521711334539,-0.119429764074649,0.105264325918142));
#12856=CARTESIAN_POINT('',(0.13521711334539,-0.119429764074649,0.104514325918142));
#12857=CARTESIAN_POINT('',(0.13521711334539,-0.119429764074649,0.102264325918142));
#12858=CARTESIAN_POINT('',(0.14146711334539,-0.119429764074649,0.102264325918142));
#12859=CARTESIAN_POINT('',(0.13221711334539,-0.119429764074649,0.102264325918142));
#12860=CARTESIAN_POINT('',(0.13221711334539,-0.119429764074649,0.108750000000033));
#12861=CARTESIAN_POINT('',(0.13221711334539,-0.119429764074649,0.0875000503514679));
#12862=CARTESIAN_POINT('',(0.13221711334539,-0.119429764074649,0.0865000503514679));
#12863=CARTESIAN_POINT('',(0.13321711334539,-0.119429764074649,0.0865000503514679));
#12864=CARTESIAN_POINT('',(0.13321711334539,-0.119429764074649,0.0859785814352939));
#12865=CARTESIAN_POINT('',(0.13321711334539,-0.119429764074649,0.0759999999115169));
#12866=CARTESIAN_POINT('',(0.140967113334004,-0.119429764074649,0.0759999999115169));
#12867=CARTESIAN_POINT('',(0.13421711334539,-0.119429764074649,0.0759999999115169));
#12868=CARTESIAN_POINT('',(0.13421711334539,-0.119429764074649,0.0749999999115169));
#12869=CARTESIAN_POINT('',(0.13521711334539,-0.119429764074649,0.0749999999115169));
#12870=CARTESIAN_POINT('',(0.13521711334539,-0.119429764074649,0.0759999999115169));
#12871=CARTESIAN_POINT('',(0.13521711334539,-0.119429764074649,0.0739999999115169));
#12872=CARTESIAN_POINT('',(0.13421711334539,-0.119429764074649,0.0739999999115169));
#12873=CARTESIAN_POINT('',(0.13421711334539,-0.119429764074649,0.0729999999115169));
#12874=CARTESIAN_POINT('',(0.13321711334539,-0.119429764074649,0.0729999999115169));
#12875=CARTESIAN_POINT('',(0.13321711334539,-0.119429764074649,0.0729999999115169));
#12876=CARTESIAN_POINT('',(0.13321711334539,-0.119429764074649,0.0719999999115169));
#12877=CARTESIAN_POINT('',(0.13221711334539,-0.153429764074649,0.05825));
#12878=CARTESIAN_POINT('',(0.132218106379812,-0.153429764074649,0.05825));
#12879=CARTESIAN_POINT('',(0.16321711334539,-0.153429764074649,0.05825));
#12880=CARTESIAN_POINT('',(0.13221711334539,-0.140429764021512,0.102264325918142));
#12881=CARTESIAN_POINT('',(0.16321711334539,-0.136437840307074,0.102264325918142));
#12882=CARTESIAN_POINT('',(0.16321711334539,-0.140429764021512,0.102264325918142));
#12883=CARTESIAN_POINT('',(0.16321711334539,-0.119429764074649,0.102264325918142));
#12884=CARTESIAN_POINT('',(0.155467113334004,-0.140429764021512,0.102264325918142));
#12885=CARTESIAN_POINT('',(0.16021711334539,-0.140429764021512,0.102264325918142));
#12886=CARTESIAN_POINT('',(0.16021711334539,-0.1194459165395,0.102264325918142));
#12887=CARTESIAN_POINT('',(0.16021711334539,-0.119429764074649,0.102264325918142));
#12888=CARTESIAN_POINT('',(0.15546711334539,-0.119429764074649,0.102264325918142));
#12889=CARTESIAN_POINT('',(0.147717113322618,-0.140429764021512,0.115207162959085));
#12890=CARTESIAN_POINT('',(0.16321711334539,-0.140429764021512,0.085513991901421));
#12891=CARTESIAN_POINT('',(0.16321711334539,-0.140429764021512,0.099864325918141));
#12892=CARTESIAN_POINT('',(0.161759859704277,-0.140429764021512,0.099864325918141));
#12893=CARTESIAN_POINT('',(0.16021711334539,-0.140429764021512,0.0998643259182137));
#12894=CARTESIAN_POINT('',(0.16021711334539,-0.140429764021512,0.103484785952667));
#12895=CARTESIAN_POINT('',(0.16321711334539,-0.153429764074649,0.0687499997466802));
#12896=CARTESIAN_POINT('',(0.16321711334539,-0.136437840307074,0.105264325918142));
#12897=CARTESIAN_POINT('',(0.16321711334539,-0.119429764074649,0.105264325918142));
#12898=CARTESIAN_POINT('',(0.16321711334539,-0.140429764021512,0.105264325918142));
#12899=CARTESIAN_POINT('',(0.16321711334539,-0.140429764021512,0.0877099628225925));
#12900=CARTESIAN_POINT('',(0.16321711334539,-0.140429764021512,0.108750000000033));
#12901=CARTESIAN_POINT('',(0.16321711334539,-0.153429764074649,0.108750000000033));
#12902=CARTESIAN_POINT('',(0.16321711334539,-0.119429764074649,0.108750000000033));
#12903=CARTESIAN_POINT('',(0.16321711334539,-0.119429764074649,0.104702165268219));
#12904=CARTESIAN_POINT('',(0.13671711334539,-0.136429764074649,0.0887499998733566));
#12905=CARTESIAN_POINT('',(0.13671711334539,-0.139449763997169,0.0966699258390155));
#12906=CARTESIAN_POINT('',(0.13671711334539,-0.139449764020237,0.0865000503514675));
#12907=CARTESIAN_POINT('',(0.13671711334539,-0.139449763986174,0.0998643259181412));
#12908=CARTESIAN_POINT('',(0.13671711334539,-0.136429764074649,0.0865000503514676));
#12909=CARTESIAN_POINT('',(0.13671711334539,-0.138851336896766,0.0865000503678429));
#12910=CARTESIAN_POINT('',(0.13671711334539,-0.138851336934394,0.0887499998733566));
#12911=CARTESIAN_POINT('',(0.13671711334539,-0.138851336972021,0.0998643259181411));
#12912=CARTESIAN_POINT('',(0.13671711334539,-0.141025256691643,0.099864325918141));
#12913=CARTESIAN_POINT('',(0.13221711334539,-0.138851336934394,0.0865000503571326));
#12914=CARTESIAN_POINT('',(0.13221711334539,-0.138851336934394,0.108457197097312));
#12915=CARTESIAN_POINT('',(0.13221711334539,-0.138851336972021,0.0998643259181411));
#12916=CARTESIAN_POINT('',(0.13221711334539,-0.138851336896766,0.0865000503543003));
#12917=CARTESIAN_POINT('',(0.13221711334539,-0.138851336934394,0.0998643259181412));
#12918=CARTESIAN_POINT('',(0.16321711334539,-0.138851336934394,0.0865000503514676));
#12919=CARTESIAN_POINT('',(0.16321711334539,-0.135429764074649,0.0865000503514676));
#12920=CARTESIAN_POINT('',(0.134472113346817,-0.141694763995743,0.0865000503514676));
#12921=CARTESIAN_POINT('',(0.13221711334539,-0.136429764074649,0.0865000503514679));
#12922=CARTESIAN_POINT('',(0.16321711334539,-0.135429764074649,0.0865000503514676));
#12923=CARTESIAN_POINT('',(0.16321711334539,-0.146140550485707,0.0865000503514675));
#12924=CARTESIAN_POINT('',(0.16321711334539,-0.143939764020238,0.0865000503514675));
#12925=CARTESIAN_POINT('',(0.16321711334539,-0.142429764074649,0.0865000503588138));
#12926=CARTESIAN_POINT('',(0.160962113355729,-0.14168476400738,0.0865000503514676));
#12927=CARTESIAN_POINT('',(0.15871711334539,-0.139439764020238,0.0865000503514675));
#12928=CARTESIAN_POINT('',(0.15871711334539,-0.139351336872931,0.0865000503514675));
#12929=CARTESIAN_POINT('',(0.15871711334539,-0.138851336896766,0.0865000503533559));
#12930=CARTESIAN_POINT('',(0.13221711334539,-0.138851336934394,0.0865000503514676));
#12931=CARTESIAN_POINT('',(0.16321711334539,-0.138851336896766,0.0865000503617083));
#12932=CARTESIAN_POINT('',(0.163217113291267,-0.136429764074649,0.0865000503573506));
#12933=CARTESIAN_POINT('',(0.15871711334539,-0.136429764074649,0.0887499998733566));
#12934=CARTESIAN_POINT('',(0.15871711334539,-0.139439763997041,0.0874882727172665));
#12935=CARTESIAN_POINT('',(0.15871711334539,-0.139439763986174,0.0998643259181411));
#12936=CARTESIAN_POINT('',(0.15871711334539,-0.139351336872931,0.0998643259181411));
#12937=CARTESIAN_POINT('',(0.15871711334539,-0.138851336972021,0.0998643259181411));
#12938=CARTESIAN_POINT('',(0.15871711334539,-0.138851336934394,0.0887499998733566));
#12939=CARTESIAN_POINT('',(0.163217113277896,-0.142429764074649,0.0822500251115272));
#12940=CARTESIAN_POINT('',(0.16321711334539,-0.142429764074649,0.0822500251128007));
#12941=CARTESIAN_POINT('',(0.16321711334539,-0.142429764074649,0.0779999998574904));
#12942=CARTESIAN_POINT('',(0.163217113291267,-0.142429764074649,0.0875000503632335));
#12943=CARTESIAN_POINT('',(0.164217113292242,-0.142429764074649,0.0875000503626376));
#12944=CARTESIAN_POINT('',(0.164217113294451,-0.142429764074649,0.0822500251115272));
#12945=CARTESIAN_POINT('',(0.164217113264524,-0.142429764074649,0.0769999998549435));
#12946=CARTESIAN_POINT('',(0.163217113264524,-0.142429764074649,0.0769999998565149));
#12947=CARTESIAN_POINT('',(0.13221711334539,-0.138851336934394,0.0865000503571326));
#12948=CARTESIAN_POINT('',(0.16321711334539,-0.138851336934394,0.0687499997466802));
#12949=CARTESIAN_POINT('',(0.16321711334539,-0.138851336972021,0.0998643259181411));
#12950=CARTESIAN_POINT('',(0.13221711334539,-0.138851336934394,0.0998643259181412));
#12951=CARTESIAN_POINT('',(0.13221711334539,-0.141851831618656,0.0749999999115169));
#12952=CARTESIAN_POINT('',(0.13221711334539,-0.141851831618656,0.0753008612948838));
#12953=CARTESIAN_POINT('',(0.132217068596919,-0.141657858357892,0.0759016008687342));
#12954=CARTESIAN_POINT('',(0.132217105588333,-0.140709482629591,0.0767481412912288));
#12955=CARTESIAN_POINT('',(0.132217047959393,-0.139652751325622,0.0770140867398143));
#12956=CARTESIAN_POINT('',(0.13221711334539,-0.139015550512276,0.0770157078747848));
#12957=CARTESIAN_POINT('',(0.13221711334539,-0.141849213624778,0.0749999999115169));
#12958=CARTESIAN_POINT('',(0.13221711334539,-0.141849213624778,0.0753003072672088));
#12959=CARTESIAN_POINT('',(0.132217083513076,-0.141655365953386,0.0758999433768894));
#12960=CARTESIAN_POINT('',(0.132217108174019,-0.14070767824531,0.0767446176470931));
#12961=CARTESIAN_POINT('',(0.132217069754725,-0.139651916908704,0.0770093911303818));
#12962=CARTESIAN_POINT('',(0.13221711334539,-0.139015550512276,0.0770104718870289));
#12963=CARTESIAN_POINT('',(0.13221711334539,-0.1418465956309,0.0749999999115169));
#12964=CARTESIAN_POINT('',(0.13221711334539,-0.1418465956309,0.0752997532395338));
#12965=CARTESIAN_POINT('',(0.132217098429233,-0.141652873548879,0.0758982858850445));
#12966=CARTESIAN_POINT('',(0.132217110759704,-0.140705873861028,0.0767410940029575));
#12967=CARTESIAN_POINT('',(0.132217091550058,-0.139651082491787,0.0770046955209494));
#12968=CARTESIAN_POINT('',(0.13221711334539,-0.139015550512276,0.0770052358992729));
#12969=CARTESIAN_POINT('',(0.13221711334539,-0.141843977637022,0.0749999999115169));
#12970=CARTESIAN_POINT('',(0.13221711334539,-0.141843977637022,0.0752991992118588));
#12971=CARTESIAN_POINT('',(0.13221711334539,-0.141650381144373,0.0758966283931997));
#12972=CARTESIAN_POINT('',(0.13221711334539,-0.140704069476747,0.0767375703588218));
#12973=CARTESIAN_POINT('',(0.13221711334539,-0.13965024807487,0.0769999999115169));
#12974=CARTESIAN_POINT('',(0.13221711334539,-0.139015550512276,0.0769999999115169));
#12975=CARTESIAN_POINT('',(0.13221711334539,-0.141694377986851,0.0749999999115169));
#12976=CARTESIAN_POINT('',(0.13221711334539,-0.141694377986851,0.0752675404875729));
#12977=CARTESIAN_POINT('',(0.13221796569722,-0.141507958029718,0.075801914573496));
#12978=CARTESIAN_POINT('',(0.132217261098853,-0.140600961803524,0.0765362192653549));
#12979=CARTESIAN_POINT('',(0.132218358792958,-0.139602567108172,0.0767316793725193));
#12980=CARTESIAN_POINT('',(0.13221711334539,-0.139015550512276,0.076700800611175));
#12981=CARTESIAN_POINT('',(0.132276931498987,-0.141432762451993,0.0749999999115169));
#12982=CARTESIAN_POINT('',(0.132276931498987,-0.141432762451993,0.0752122022228276));
#12983=CARTESIAN_POINT('',(0.132287187455977,-0.141259056770613,0.0756351894455111));
#12984=CARTESIAN_POINT('',(0.132342107480354,-0.140421303301382,0.076184165585261));
#12985=CARTESIAN_POINT('',(0.13241429805674,-0.139520665243672,0.0762630668166106));
#12986=CARTESIAN_POINT('',(0.132468437814776,-0.139015550512276,0.0761830343016653));
#12987=CARTESIAN_POINT('',(0.132430669368879,-0.14121620805116,0.0749999999115169));
#12988=CARTESIAN_POINT('',(0.132430669368879,-0.14121620805116,0.0751663772824951));
#12989=CARTESIAN_POINT('',(0.132466433613655,-0.141061325119592,0.0754985227001843));
#12990=CARTESIAN_POINT('',(0.132645674151759,-0.140310258794629,0.0759416642458604));
#12991=CARTESIAN_POINT('',(0.13285638188539,-0.139491444722478,0.0760359426775799));
#12992=CARTESIAN_POINT('',(0.132992713870134,-0.139015550512276,0.0759999999115169));
#12993=CARTESIAN_POINT('',(0.132510006564203,-0.141136870855835,0.0749999999115169));
#12994=CARTESIAN_POINT('',(0.132510006564203,-0.141136870855835,0.0751495995616879));
#12995=CARTESIAN_POINT('',(0.132558405687366,-0.140991673486348,0.0754483141523583));
#12996=CARTESIAN_POINT('',(0.132794983604272,-0.140281939735629,0.0758687851351694));
#12997=CARTESIAN_POINT('',(0.133058438954741,-0.139491573684221,0.0759999999115169));
#12998=CARTESIAN_POINT('',(0.13321711334539,-0.139015550512276,0.0759999999115169));
#12999=CARTESIAN_POINT('',(0.132510006564203,-0.141136870855835,0.0749999999115169));
#13000=CARTESIAN_POINT('',(0.13232488644178,-0.141321990978259,0.0749999999115169));
#13001=CARTESIAN_POINT('',(0.13221711334539,-0.141582178249223,0.0749999999115169));
#13002=CARTESIAN_POINT('',(0.13221711334539,-0.141843977637022,0.0749999999115169));
#13003=CARTESIAN_POINT('',(0.132510006564157,-0.141136870855881,0.0749999999116002));
#13004=CARTESIAN_POINT('',(0.133217113301293,-0.139015550644566,0.0759999999115169));
#13005=CARTESIAN_POINT('',(0.133156233166235,-0.13919819104974,0.0759999999061476));
#13006=CARTESIAN_POINT('',(0.133078649082544,-0.139433309560188,0.0759844184915029));
#13007=CARTESIAN_POINT('',(0.132992714596579,-0.139690087442939,0.0759487801305019));
#13008=CARTESIAN_POINT('',(0.132953007695023,-0.13980843858829,0.0759289486280464));
#13009=CARTESIAN_POINT('',(0.132876527152106,-0.140038495934232,0.0758785700587766));
#13010=CARTESIAN_POINT('',(0.132797891004021,-0.140274380078613,0.0758084072312289));
#13011=CARTESIAN_POINT('',(0.132716851377926,-0.140516311145724,0.0757159249088466));
#13012=CARTESIAN_POINT('',(0.13262230300299,-0.140800937253967,0.0755520368251288));
#13013=CARTESIAN_POINT('',(0.132539861660841,-0.141047534395908,0.0753316633041715));
#13014=CARTESIAN_POINT('',(0.132510006564203,-0.141136870855835,0.0751288061168067));
#13015=CARTESIAN_POINT('',(0.132510006564203,-0.141136870855835,0.0749999999115169));
#13016=CARTESIAN_POINT('',(0.133217113301175,-0.139015550644527,0.0759999999115169));
#13017=CARTESIAN_POINT('',(0.13221711334539,-0.139015551041279,0.0769999999115168));
#13018=CARTESIAN_POINT('',(0.13221711334539,-0.139015551019237,0.0767382005310868));
#13019=CARTESIAN_POINT('',(0.132433799464075,-0.139015550975153,0.0762166860648356));
#13020=CARTESIAN_POINT('',(0.132955313920745,-0.13901555093107,0.0759999999230923));
#13021=CARTESIAN_POINT('',(0.133217113301175,-0.139015550909028,0.0759999999115169));
#13022=CARTESIAN_POINT('',(0.13421711334539,-0.138015550512276,0.0749999999115169));
#13023=CARTESIAN_POINT('',(0.13421711334539,-0.138015550512276,0.0749999999115169));
#13024=CARTESIAN_POINT('',(0.13521711334539,-0.138015550512276,0.0749999999115169));
#13025=CARTESIAN_POINT('',(0.13421711334539,-0.138015550512276,0.0759999999115169));
#13026=CARTESIAN_POINT('',(0.13421711334539,-0.138015550512276,0.0749999999115169));
#13027=CARTESIAN_POINT('',(0.134924220126577,-0.138722657293462,0.0749999999115169));
#13028=CARTESIAN_POINT('',(0.13421711334539,-0.138015550512276,0.0749999999115169));
#13029=CARTESIAN_POINT('',(0.137760006564203,-0.134472657293462,0.0749999999115169));
#13030=CARTESIAN_POINT('',(0.13846711334539,-0.135179764074649,0.0749999999115169));
#13031=CARTESIAN_POINT('',(0.137760006564203,-0.134472657293462,0.0759999999115169));
#13032=CARTESIAN_POINT('',(0.13221711334539,-0.139015550512276,0.071984291948249));
#13033=CARTESIAN_POINT('',(0.132217047959393,-0.139652751325622,0.0719859130832195));
#13034=CARTESIAN_POINT('',(0.132217105607352,-0.140709482892726,0.0722518581671338));
#13035=CARTESIAN_POINT('',(0.132217068613392,-0.141657858589995,0.0730983987242318));
#13036=CARTESIAN_POINT('',(0.13221711334539,-0.141851831618656,0.07369913852815));
#13037=CARTESIAN_POINT('',(0.13221711334539,-0.141851831618656,0.0739999999115169));
#13038=CARTESIAN_POINT('',(0.13221711334539,-0.139015550512276,0.0719895279360049));
#13039=CARTESIAN_POINT('',(0.132217069754725,-0.139651916908704,0.071990608692652));
#13040=CARTESIAN_POINT('',(0.132217108186698,-0.140707678509614,0.0722553818136527));
#13041=CARTESIAN_POINT('',(0.132217083524058,-0.141655366186138,0.0731000562180816));
#13042=CARTESIAN_POINT('',(0.13221711334539,-0.141849213624778,0.073699692555825));
#13043=CARTESIAN_POINT('',(0.13221711334539,-0.141849213624778,0.0739999999115169));
#13044=CARTESIAN_POINT('',(0.13221711334539,-0.139015550512276,0.0719947639237609));
#13045=CARTESIAN_POINT('',(0.132217091550058,-0.139651082491787,0.0719953043020844));
#13046=CARTESIAN_POINT('',(0.132217110766044,-0.140705874126503,0.0722589054601716));
#13047=CARTESIAN_POINT('',(0.132217098434724,-0.14165287378228,0.0731017137119315));
#13048=CARTESIAN_POINT('',(0.13221711334539,-0.1418465956309,0.0737002465835));
#13049=CARTESIAN_POINT('',(0.13221711334539,-0.1418465956309,0.0739999999115169));
#13050=CARTESIAN_POINT('',(0.13221711334539,-0.139015550512276,0.0719999999115169));
#13051=CARTESIAN_POINT('',(0.13221711334539,-0.13965024807487,0.0719999999115169));
#13052=CARTESIAN_POINT('',(0.13221711334539,-0.140704069743391,0.0722624291066905));
#13053=CARTESIAN_POINT('',(0.13221711334539,-0.141650381378423,0.0731033712057813));
#13054=CARTESIAN_POINT('',(0.13221711334539,-0.141843977637022,0.073700800611175));
#13055=CARTESIAN_POINT('',(0.13221711334539,-0.141843977637022,0.0739999999115169));
#13056=CARTESIAN_POINT('',(0.13221711334539,-0.139015550512276,0.0722991992118588));
#13057=CARTESIAN_POINT('',(0.132218358792958,-0.139602567108172,0.0722683204505146));
#13058=CARTESIAN_POINT('',(0.132217260736586,-0.14060096213701,0.0724637803363425));
#13059=CARTESIAN_POINT('',(0.132217965383447,-0.141507958300855,0.0731980851400579));
#13060=CARTESIAN_POINT('',(0.13221711334539,-0.141694377986851,0.0737324593354609));
#13061=CARTESIAN_POINT('',(0.13221711334539,-0.141694377986851,0.0739999999115169));
#13062=CARTESIAN_POINT('',(0.132468437678128,-0.139015550512276,0.072816965685327));
#13063=CARTESIAN_POINT('',(0.132414297920091,-0.139520665243673,0.0727369331703817));
#13064=CARTESIAN_POINT('',(0.13234210749323,-0.140421303584705,0.0728158337288501));
#13065=CARTESIAN_POINT('',(0.132287187459825,-0.141259057018831,0.0733648100746348));
#13066=CARTESIAN_POINT('',(0.132276931485951,-0.141432762445919,0.0737877976002062));
#13067=CARTESIAN_POINT('',(0.132276931485951,-0.141432762445919,0.0739999999115169));
#13068=CARTESIAN_POINT('',(0.132992713870134,-0.139015550512276,0.0729999999115169));
#13069=CARTESIAN_POINT('',(0.13285638188539,-0.139491444722478,0.0729640571454539));
#13070=CARTESIAN_POINT('',(0.132645674174425,-0.140310259045889,0.0730583353634675));
#13071=CARTESIAN_POINT('',(0.132466433627446,-0.141061325332721,0.0735014770100016));
#13072=CARTESIAN_POINT('',(0.132430669368879,-0.14121620805116,0.0738336225405387));
#13073=CARTESIAN_POINT('',(0.132430669368879,-0.14121620805116,0.0739999999115169));
#13074=CARTESIAN_POINT('',(0.13321711334539,-0.139015550512276,0.0729999999115169));
#13075=CARTESIAN_POINT('',(0.133058438954741,-0.139491573684221,0.0729999999115169));
#13076=CARTESIAN_POINT('',(0.132794983537611,-0.140281939935612,0.0731312145091037));
#13077=CARTESIAN_POINT('',(0.132558405628853,-0.140991673661886,0.0735516855586491));
#13078=CARTESIAN_POINT('',(0.132510006564203,-0.141136870855835,0.073850400261346));
#13079=CARTESIAN_POINT('',(0.132510006564203,-0.141136870855835,0.0739999999115169));
#13080=CARTESIAN_POINT('',(0.132510006564203,-0.141136870855835,0.0739999999115169));
#13081=CARTESIAN_POINT('',(0.132510006564203,-0.141136870855835,0.0738712259106544));
#13082=CARTESIAN_POINT('',(0.132539878747785,-0.141047494605174,0.0736683056024054));
#13083=CARTESIAN_POINT('',(0.132622274244666,-0.140801003780697,0.0734480036688652));
#13084=CARTESIAN_POINT('',(0.132716861934276,-0.140516282706938,0.0732840594870876));
#13085=CARTESIAN_POINT('',(0.132797880874342,-0.140274415362336,0.0731916075518201));
#13086=CARTESIAN_POINT('',(0.132876519487097,-0.140038527777773,0.0731214377563398));
#13087=CARTESIAN_POINT('',(0.132953015284116,-0.13980841457719,0.073071046524644));
#13088=CARTESIAN_POINT('',(0.132992691512442,-0.139690152292835,0.0730512304568924));
#13089=CARTESIAN_POINT('',(0.13307862310144,-0.139433385802036,0.0730155882084669));
#13090=CARTESIAN_POINT('',(0.133156217663479,-0.139198237558009,0.0729999999196465));
#13091=CARTESIAN_POINT('',(0.13321711327864,-0.139015550712526,0.0729999999115169));
#13092=CARTESIAN_POINT('',(0.133217113278522,-0.139015550712486,0.0729999999115169));
#13093=CARTESIAN_POINT('',(0.132510006564157,-0.141136870855881,0.0739999999114336));
#13094=CARTESIAN_POINT('',(0.13221711334539,-0.141843977637022,0.0739999999115169));
#13095=CARTESIAN_POINT('',(0.13221711334539,-0.141582178249223,0.0739999999115169));
#13096=CARTESIAN_POINT('',(0.13232488644178,-0.141321990978259,0.0739999999115169));
#13097=CARTESIAN_POINT('',(0.132510006564203,-0.141136870855835,0.0739999999115169));
#13098=CARTESIAN_POINT('',(0.133217113278522,-0.139015551112907,0.0729999999115169));
#13099=CARTESIAN_POINT('',(0.132955313901868,-0.139015551146276,0.0729999998940109));
#13100=CARTESIAN_POINT('',(0.132433799457495,-0.139015551213013,0.0727833137470331));
#13101=CARTESIAN_POINT('',(0.13221711334539,-0.139015551279749,0.0722617992881715));
#13102=CARTESIAN_POINT('',(0.13221711334539,-0.139015551313118,0.071999999911517));
#13103=CARTESIAN_POINT('',(0.13321711334539,-0.141843977637022,0.0954160984948743));
#13104=CARTESIAN_POINT('',(0.132510006564203,-0.141136870855835,0.0954160984948743));
#13105=CARTESIAN_POINT('',(0.13321711334539,-0.136429764074649,0.0719999999115169));
#13106=CARTESIAN_POINT('',(0.13321711334539,-0.136429764074649,0.0729999999115169));
#13107=CARTESIAN_POINT('',(0.13421711334539,-0.138015550512276,0.0739999999115169));
#13108=CARTESIAN_POINT('',(0.13421711334539,-0.138015550512276,0.0739999999115169));
#13109=CARTESIAN_POINT('',(0.134924220126577,-0.138722657293462,0.0739999999115169));
#13110=CARTESIAN_POINT('',(0.13421711334539,-0.138015550512276,0.0729999999115169));
#13111=CARTESIAN_POINT('',(0.13421711334539,-0.138015550512276,0.0739999999115169));
#13112=CARTESIAN_POINT('',(0.13521711334539,-0.138015550512276,0.0739999999115169));
#13113=CARTESIAN_POINT('',(0.13421711334539,-0.138015550512276,0.0739999999115169));
#13114=CARTESIAN_POINT('',(0.13421711334539,-0.127929764074649,0.0739999999115169));
#13115=CARTESIAN_POINT('',(0.13521711334539,-0.127929764074649,0.0739999999115169));
#13116=CARTESIAN_POINT('',(0.13421711334539,-0.127929764074649,0.0729999999115169));
#13117=CARTESIAN_POINT('',(0.13421711334539,-0.138015550512276,0.0855624998828967));
#13118=CARTESIAN_POINT('',(0.134924220126577,-0.138722657293462,0.0855624998828967));
#13119=CARTESIAN_POINT('',(0.13521711334539,-0.138015550512276,0.0855624998828967));
#13120=CARTESIAN_POINT('',(0.138010006564203,-0.134222657293462,0.0739999999115169));
#13121=CARTESIAN_POINT('',(0.13871711334539,-0.134929764074649,0.0739999999115169));
#13122=CARTESIAN_POINT('',(0.138010006564203,-0.134222657293462,0.0729999999115169));
#13123=CARTESIAN_POINT('',(0.13421711334539,-0.127929764074649,0.0749999999115169));
#13124=CARTESIAN_POINT('',(0.13421711334539,-0.119429764074649,0.0759999999115169));
#13125=CARTESIAN_POINT('',(0.13521711334539,-0.127929764074649,0.0749999999115169));
#13126=CARTESIAN_POINT('',(0.13421711334539,-0.119429764074649,0.0759999999115169));
#13127=CARTESIAN_POINT('',(0.13321711334539,-0.136429764074649,0.0759999999115169));
#13128=CARTESIAN_POINT('',(0.13321711334539,-0.134429764074649,0.0759999999115169));
#13129=CARTESIAN_POINT('',(0.13321711334539,-0.136429764074649,0.0759999999115169));
#13130=CARTESIAN_POINT('',(0.13371711334539,-0.139929764074649,0.0823749998924368));
#13131=CARTESIAN_POINT('',(0.16121711334539,-0.138015550512276,0.0749999999115167));
#13132=CARTESIAN_POINT('',(0.16121711334539,-0.138015550512276,0.0749999999115167));
#13133=CARTESIAN_POINT('',(0.160510006564203,-0.138722657293462,0.0749999999115167));
#13134=CARTESIAN_POINT('',(0.16121711334539,-0.138015550512276,0.0759999999115167));
#13135=CARTESIAN_POINT('',(0.16121711334539,-0.138015550512276,0.0749999999115167));
#13136=CARTESIAN_POINT('',(0.16021711334539,-0.138015550512276,0.0749999999115167));
#13137=CARTESIAN_POINT('',(0.16121711334539,-0.138015550512276,0.0749999999115167));
#13138=CARTESIAN_POINT('',(0.16121711334539,-0.138929764074649,0.0749999999115167));
#13139=CARTESIAN_POINT('',(0.16121711334539,-0.119429764074649,0.0749999999115167));
#13140=CARTESIAN_POINT('',(0.16121711334539,-0.119429764074649,0.0759999999115167));
#13141=CARTESIAN_POINT('',(0.16021711334539,-0.119429764074649,0.0749999999115167));
#13142=CARTESIAN_POINT('',(0.16021711334539,-0.138929764074649,0.0749999999115167));
#13143=CARTESIAN_POINT('',(0.16121711334539,-0.138929764074649,0.0759999999115167));
#13144=CARTESIAN_POINT('',(0.16121711334539,-0.134429764074649,0.0759999999115167));
#13145=CARTESIAN_POINT('',(0.16121711334539,-0.138929764074649,0.0759999999115167));
#13146=CARTESIAN_POINT('',(0.16121711334539,-0.138015550512276,0.0739999999115167));
#13147=CARTESIAN_POINT('',(0.16121711334539,-0.138015550512276,0.0739999999115167));
#13148=CARTESIAN_POINT('',(0.16121711334539,-0.138015550512276,0.0729999999115167));
#13149=CARTESIAN_POINT('',(0.160510006564203,-0.138722657293462,0.0739999999115167));
#13150=CARTESIAN_POINT('',(0.16121711334539,-0.138015550512276,0.0739999999115167));
#13151=CARTESIAN_POINT('',(0.16021711334539,-0.138015550512276,0.0739999999115167));
#13152=CARTESIAN_POINT('',(0.16121711334539,-0.138015550512276,0.0739999999115167));
#13153=CARTESIAN_POINT('',(0.16121711334539,-0.138015550512276,0.0848124998828966));
#13154=CARTESIAN_POINT('',(0.160510006564203,-0.138722657293462,0.0848124998828966));
#13155=CARTESIAN_POINT('',(0.16021711334539,-0.138015550512276,0.0848124998828966));
#13156=CARTESIAN_POINT('',(0.16121711334539,-0.127929764074649,0.0739999999115167));
#13157=CARTESIAN_POINT('',(0.16121711334539,-0.119429764074649,0.0739999999115167));
#13158=CARTESIAN_POINT('',(0.16021711334539,-0.119429764074649,0.0739999999115167));
#13159=CARTESIAN_POINT('',(0.16121711334539,-0.119429764074649,0.0729999999115167));
#13160=CARTESIAN_POINT('',(0.16121711334539,-0.127929764074649,0.0729999999115167));
#13161=CARTESIAN_POINT('',(0.16021711334539,-0.127929764074649,0.0739999999115167));
#13162=CARTESIAN_POINT('',(0.16321711334539,-0.139015550512276,0.0770157078747846));
#13163=CARTESIAN_POINT('',(0.163217178731387,-0.139652751325622,0.0770140867398141));
#13164=CARTESIAN_POINT('',(0.163217121435469,-0.140709478021795,0.0767481349120423));
#13165=CARTESIAN_POINT('',(0.163217158382441,-0.141657854292102,0.0759015968330391));
#13166=CARTESIAN_POINT('',(0.16321711334539,-0.141851831618656,0.0753008612948836));
#13167=CARTESIAN_POINT('',(0.16321711334539,-0.141851831618656,0.0749999999115167));
#13168=CARTESIAN_POINT('',(0.16321711334539,-0.139015550512276,0.0770104718870287));
#13169=CARTESIAN_POINT('',(0.163217156936055,-0.139651916908704,0.0770093911303816));
#13170=CARTESIAN_POINT('',(0.163217118738777,-0.140707673617058,0.0767446113096327));
#13171=CARTESIAN_POINT('',(0.163217143370091,-0.141655361876203,0.0758999393763225));
#13172=CARTESIAN_POINT('',(0.16321711334539,-0.141849213624778,0.0753003072672086));
#13173=CARTESIAN_POINT('',(0.16321711334539,-0.141849213624778,0.0749999999115167));
#13174=CARTESIAN_POINT('',(0.16321711334539,-0.139015550512276,0.0770052358992727));
#13175=CARTESIAN_POINT('',(0.163217135140723,-0.139651082491787,0.0770046955209492));
#13176=CARTESIAN_POINT('',(0.163217116042083,-0.140705869212321,0.0767410877072232));
#13177=CARTESIAN_POINT('',(0.16321712835774,-0.141652869460305,0.075898281919606));
#13178=CARTESIAN_POINT('',(0.16321711334539,-0.1418465956309,0.0752997532395336));
#13179=CARTESIAN_POINT('',(0.16321711334539,-0.1418465956309,0.0749999999115167));
#13180=CARTESIAN_POINT('',(0.16321711334539,-0.139015550512276,0.0769999999115167));
#13181=CARTESIAN_POINT('',(0.16321711334539,-0.13965024807487,0.0769999999115167));
#13182=CARTESIAN_POINT('',(0.16321711334539,-0.140704064807584,0.0767375641048137));
#13183=CARTESIAN_POINT('',(0.16321711334539,-0.141650377044406,0.0758966244628895));
#13184=CARTESIAN_POINT('',(0.16321711334539,-0.141843977637022,0.0752991992118586));
#13185=CARTESIAN_POINT('',(0.16321711334539,-0.141843977637022,0.0749999999115167));
#13186=CARTESIAN_POINT('',(0.16321711334539,-0.139015550512276,0.0767008006111748));
#13187=CARTESIAN_POINT('',(0.163215867897821,-0.139602567108172,0.076731679372519));
#13188=CARTESIAN_POINT('',(0.163216959248637,-0.140600955965466,0.0765362153956982));
#13189=CARTESIAN_POINT('',(0.163216255496788,-0.141507953278763,0.0758019126505174));
#13190=CARTESIAN_POINT('',(0.16321711334539,-0.141694377986851,0.0752675404875727));
#13191=CARTESIAN_POINT('',(0.16321711334539,-0.141694377986851,0.0749999999115167));
#13192=CARTESIAN_POINT('',(0.162965786497771,-0.139015550512276,0.0761830371552091));
#13193=CARTESIAN_POINT('',(0.163019926255807,-0.139520665243673,0.0762630696701544));
#13194=CARTESIAN_POINT('',(0.163092119437282,-0.14042129833751,0.0761841566859773));
#13195=CARTESIAN_POINT('',(0.163147039304055,-0.14125905242078,0.07563518413209));
#13196=CARTESIAN_POINT('',(0.163157294964922,-0.141432762557703,0.0752122022228274));
#13197=CARTESIAN_POINT('',(0.163157294964922,-0.141432762557703,0.0749999999115167));
#13198=CARTESIAN_POINT('',(0.162441512820646,-0.139015550512276,0.0759999999115167));
#13199=CARTESIAN_POINT('',(0.16257784480539,-0.139491444722478,0.0760359426775796));
#13200=CARTESIAN_POINT('',(0.16278855293548,-0.140310254395404,0.0759416605090925));
#13201=CARTESIAN_POINT('',(0.162967793319097,-0.141061321385666,0.0754985207188197));
#13202=CARTESIAN_POINT('',(0.1630035573219,-0.14121620805116,0.0751663772824949));
#13203=CARTESIAN_POINT('',(0.1630035573219,-0.14121620805116,0.0749999999115167));
#13204=CARTESIAN_POINT('',(0.16221711334539,-0.139015550512276,0.0759999999115167));
#13205=CARTESIAN_POINT('',(0.162375787736038,-0.139491573684221,0.0759999999115167));
#13206=CARTESIAN_POINT('',(0.162639241919217,-0.140281936233757,0.0758687820081652));
#13207=CARTESIAN_POINT('',(0.162875819978422,-0.140991670411373,0.0754483121872031));
#13208=CARTESIAN_POINT('',(0.162924220126576,-0.141136870855835,0.0751495995616876));
#13209=CARTESIAN_POINT('',(0.162924220126576,-0.141136870855835,0.0749999999115167));
#13210=CARTESIAN_POINT('',(0.16321711334539,-0.139015550512276,0.0749999999115167));
#13211=CARTESIAN_POINT('',(0.16321711334539,-0.141843977637022,0.0749999999115167));
#13212=CARTESIAN_POINT('',(0.16321711334539,-0.139015550913766,0.0769999999115167));
#13213=CARTESIAN_POINT('',(0.162217113412436,-0.139015551114511,0.0759999999115167));
#13214=CARTESIAN_POINT('',(0.162478912789061,-0.139015551147968,0.0759999999290693));
#13215=CARTESIAN_POINT('',(0.163000427233336,-0.139015551214883,0.0762166860760883));
#13216=CARTESIAN_POINT('',(0.16321711334539,-0.139015551281798,0.0767382005348918));
#13217=CARTESIAN_POINT('',(0.16321711334539,-0.139015551315255,0.0769999999115167));
#13218=CARTESIAN_POINT('',(0.162217113412436,-0.139015550713021,0.0759999999115167));
#13219=CARTESIAN_POINT('',(0.162924220126576,-0.141136870855835,0.0749999999115167));
#13220=CARTESIAN_POINT('',(0.162924220126576,-0.141136870855835,0.0751287728663149));
#13221=CARTESIAN_POINT('',(0.162894346698623,-0.141047494872799,0.0753316921754427));
#13222=CARTESIAN_POINT('',(0.162811949453294,-0.140800999829577,0.07555199724469));
#13223=CARTESIAN_POINT('',(0.162717362786479,-0.140516281116668,0.0757159399700882));
#13224=CARTESIAN_POINT('',(0.162636343691709,-0.140274412833638,0.0758083925209953));
#13225=CARTESIAN_POINT('',(0.16255770560981,-0.140038525733506,0.0758785622225868));
#13226=CARTESIAN_POINT('',(0.162481210652874,-0.139808413835028,0.0759289532979256));
#13227=CARTESIAN_POINT('',(0.162441534261384,-0.139690150523177,0.075948769580212));
#13228=CARTESIAN_POINT('',(0.162355603006394,-0.139433384266869,0.0759844117439798));
#13229=CARTESIAN_POINT('',(0.162278008746703,-0.139198236716216,0.0759999999033655));
#13230=CARTESIAN_POINT('',(0.162217113412318,-0.13901555071306,0.0759999999115167));
#13231=CARTESIAN_POINT('',(0.162924220126622,-0.141136870855881,0.0749999999116));
#13232=CARTESIAN_POINT('',(0.16321711334539,-0.141843977637022,0.0749999999115167));
#13233=CARTESIAN_POINT('',(0.16321711334539,-0.141582178249223,0.0749999999115167));
#13234=CARTESIAN_POINT('',(0.163109340249,-0.141321990978258,0.0749999999115167));
#13235=CARTESIAN_POINT('',(0.162924220126576,-0.141136870855835,0.0749999999115167));
#13236=CARTESIAN_POINT('',(0.16221711334539,-0.147429764074649,0.0769999999115167));
#13237=CARTESIAN_POINT('',(0.16221711334539,-0.147429764074649,0.0759999999115167));
#13238=CARTESIAN_POINT('',(0.16221711334539,-0.135429764074649,0.0759999999115167));
#13239=CARTESIAN_POINT('',(0.16321711334539,-0.147429764074649,0.0769999999115167));
#13240=CARTESIAN_POINT('',(0.16321711334539,-0.136429764074649,0.0769999999115167));
#13241=CARTESIAN_POINT('',(0.16221711334539,-0.135429764074649,0.0769999999115167));
#13242=CARTESIAN_POINT('',(0.163174220126576,-0.139972657293462,0.0749999999115167));
#13243=CARTESIAN_POINT('',(0.16246711334539,-0.140679764074649,0.0749999999115167));
#13244=CARTESIAN_POINT('',(0.163174220126576,-0.139972657293462,0.0759999999115167));
#13245=CARTESIAN_POINT('',(0.16321711334539,-0.141851831618656,0.0739999999115167));
#13246=CARTESIAN_POINT('',(0.16321711334539,-0.141851831618656,0.0736991385281498));
#13247=CARTESIAN_POINT('',(0.16321715836834,-0.141657854490759,0.0730984027925654));
#13248=CARTESIAN_POINT('',(0.163217121419204,-0.140709478246865,0.0722518645996856));
#13249=CARTESIAN_POINT('',(0.163217178731387,-0.139652751325622,0.0719859130832192));
#13250=CARTESIAN_POINT('',(0.16321711334539,-0.139015550512276,0.0719842919482487));
#13251=CARTESIAN_POINT('',(0.16321711334539,-0.141849213624778,0.0739999999115167));
#13252=CARTESIAN_POINT('',(0.16321711334539,-0.141849213624778,0.0736996925558248));
#13253=CARTESIAN_POINT('',(0.163217143360691,-0.141655362075418,0.0731000602509986));
#13254=CARTESIAN_POINT('',(0.163217118727932,-0.140707673843126,0.0722553882041329));
#13255=CARTESIAN_POINT('',(0.163217156936055,-0.139651916908704,0.0719906086926517));
#13256=CARTESIAN_POINT('',(0.16321711334539,-0.139015550512276,0.0719895279360046));
#13257=CARTESIAN_POINT('',(0.16321711334539,-0.1418465956309,0.0739999999115167));
#13258=CARTESIAN_POINT('',(0.16321711334539,-0.1418465956309,0.0737002465834998));
#13259=CARTESIAN_POINT('',(0.16321712835304,-0.141652869660077,0.0731017177094317));
#13260=CARTESIAN_POINT('',(0.163217116036662,-0.140705869439387,0.0722589118085803));
#13261=CARTESIAN_POINT('',(0.163217135140723,-0.139651082491787,0.0719953043020841));
#13262=CARTESIAN_POINT('',(0.16321711334539,-0.139015550512276,0.0719947639237606));
#13263=CARTESIAN_POINT('',(0.16321711334539,-0.141843977637022,0.0739999999115167));
#13264=CARTESIAN_POINT('',(0.16321711334539,-0.141843977637022,0.0737008006111748));
#13265=CARTESIAN_POINT('',(0.16321711334539,-0.141650377244736,0.0731033751678649));
#13266=CARTESIAN_POINT('',(0.16321711334539,-0.140704065035648,0.0722624354130276));
#13267=CARTESIAN_POINT('',(0.16321711334539,-0.13965024807487,0.0719999999115166));
#13268=CARTESIAN_POINT('',(0.16321711334539,-0.139015550512276,0.0719999999115166));
#13269=CARTESIAN_POINT('',(0.16321711334539,-0.141694377986851,0.0739999999115167));
#13270=CARTESIAN_POINT('',(0.16321711334539,-0.141694377986851,0.0737324593354606));
#13271=CARTESIAN_POINT('',(0.163216255765379,-0.141507953510959,0.0731980870783312));
#13272=CARTESIAN_POINT('',(0.16321695955846,-0.140600956250555,0.0724637842385903));
#13273=CARTESIAN_POINT('',(0.163215867897821,-0.139602567108172,0.0722683204505143));
#13274=CARTESIAN_POINT('',(0.16321711334539,-0.139015550512276,0.0722991992118585));
#13275=CARTESIAN_POINT('',(0.163157294975942,-0.141432762552568,0.0739999999115167));
#13276=CARTESIAN_POINT('',(0.163157294975942,-0.141432762552568,0.073787797600206));
#13277=CARTESIAN_POINT('',(0.16314703930059,-0.141259052633392,0.0733648154309915));
#13278=CARTESIAN_POINT('',(0.16309211942614,-0.140421298580085,0.0728158427029133));
#13279=CARTESIAN_POINT('',(0.163019926371334,-0.139520665243673,0.0727369302914944));
#13280=CARTESIAN_POINT('',(0.162965786613297,-0.139015550512276,0.0728169628064397));
#13281=CARTESIAN_POINT('',(0.1630035573219,-0.14121620805116,0.0739999999115167));
#13282=CARTESIAN_POINT('',(0.1630035573219,-0.14121620805116,0.0738336225405384));
#13283=CARTESIAN_POINT('',(0.162967793307258,-0.141061321568131,0.0735014790072028));
#13284=CARTESIAN_POINT('',(0.162788552916134,-0.140310254610259,0.0730583391316553));
#13285=CARTESIAN_POINT('',(0.16257784480539,-0.139491444722478,0.0729640571454537));
#13286=CARTESIAN_POINT('',(0.162441512820646,-0.139015550512276,0.0729999999115167));
#13287=CARTESIAN_POINT('',(0.162924220126576,-0.141136870855835,0.0739999999115167));
#13288=CARTESIAN_POINT('',(0.162924220126576,-0.141136870855835,0.0738504002613457));
#13289=CARTESIAN_POINT('',(0.162875820028505,-0.140991670561621,0.0735516875396908));
#13290=CARTESIAN_POINT('',(0.162639241976233,-0.140281936404805,0.0731312176622721));
#13291=CARTESIAN_POINT('',(0.162375787736038,-0.139491573684221,0.0729999999115166));
#13292=CARTESIAN_POINT('',(0.16221711334539,-0.139015550512276,0.0729999999115167));
#13293=CARTESIAN_POINT('',(0.16321711334539,-0.139015550512276,0.0739999999115166));
#13294=CARTESIAN_POINT('',(0.16321711334539,-0.139015550644983,0.0719999999115166));
#13295=CARTESIAN_POINT('',(0.16321711334539,-0.141843977637022,0.0739999999115167));
#13296=CARTESIAN_POINT('',(0.162924220126576,-0.141136870855835,0.0739999999115167));
#13297=CARTESIAN_POINT('',(0.163109340249,-0.141321990978258,0.0739999999115167));
#13298=CARTESIAN_POINT('',(0.16321711334539,-0.141582178249223,0.0739999999115167));
#13299=CARTESIAN_POINT('',(0.16321711334539,-0.141843977637022,0.0739999999115167));
#13300=CARTESIAN_POINT('',(0.162924220126622,-0.141136870855881,0.0739999999114334));
#13301=CARTESIAN_POINT('',(0.162217113389639,-0.139015550645022,0.0729999999115167));
#13302=CARTESIAN_POINT('',(0.162277993246772,-0.139198190216423,0.0729999999169044));
#13303=CARTESIAN_POINT('',(0.162355577041323,-0.139433308054473,0.0730155812039024));
#13304=CARTESIAN_POINT('',(0.162441511231493,-0.139690085744736,0.0730512194823325));
#13305=CARTESIAN_POINT('',(0.162481218330084,-0.13980843796023,0.0730710512031368));
#13306=CARTESIAN_POINT('',(0.162557698091922,-0.140038494041791,0.0731214296106164));
#13307=CARTESIAN_POINT('',(0.162636333758185,-0.140274377744297,0.0731915923419733));
#13308=CARTESIAN_POINT('',(0.162717373558039,-0.140516309762416,0.0732840752689973));
#13309=CARTESIAN_POINT('',(0.16281192094757,-0.140800933588924,0.0734479619494232));
#13310=CARTESIAN_POINT('',(0.162894363938696,-0.141047534702669,0.0736683384099144));
#13311=CARTESIAN_POINT('',(0.162924220126575,-0.141136870855836,0.0738711945950285));
#13312=CARTESIAN_POINT('',(0.162924220126575,-0.141136870855836,0.0739999999115167));
#13313=CARTESIAN_POINT('',(0.162217113419282,-0.139015550703982,0.0729999999115167));
#13314=CARTESIAN_POINT('',(0.16321711334539,-0.139015551043104,0.0719999999115166));
#13315=CARTESIAN_POINT('',(0.16321711334539,-0.139015551020987,0.0722617992870005));
#13316=CARTESIAN_POINT('',(0.163000427235325,-0.139015550976751,0.0727833137435708));
#13317=CARTESIAN_POINT('',(0.162478912794766,-0.139015550932515,0.0729999998921719));
#13318=CARTESIAN_POINT('',(0.162217113419282,-0.139015550910397,0.0729999999115167));
#13319=CARTESIAN_POINT('',(0.16221711334539,-0.141843977637022,0.0748124998195584));
#13320=CARTESIAN_POINT('',(0.16321711334539,-0.141843977637022,0.0748124998195584));
#13321=CARTESIAN_POINT('',(0.162924220126576,-0.141136870855835,0.0748124998195584));
#13322=CARTESIAN_POINT('',(0.157674220126576,-0.134472657293463,0.0739999999115167));
#13323=CARTESIAN_POINT('',(0.15696711334539,-0.135179764074649,0.0739999999115167));
#13324=CARTESIAN_POINT('',(0.157674220126576,-0.134472657293463,0.0729999999115167));
#13325=CARTESIAN_POINT('',(0.16221711334539,-0.136429764074649,0.0719999999115167));
#13326=CARTESIAN_POINT('',(0.16221711334539,-0.119429764074649,0.0719999999115167));
#13327=CARTESIAN_POINT('',(0.16221711334539,-0.119429764074649,0.0729999999115167));
#13328=CARTESIAN_POINT('',(0.16321711334539,-0.119429764074649,0.0719999999115167));
#13329=CARTESIAN_POINT('',(0.16321711334539,-0.136429764074649,0.0719999999115167));
#13330=CARTESIAN_POINT('',(0.16221711334539,-0.136429764074649,0.0729999999115167));
#13331=CARTESIAN_POINT('',(0.16171711334539,-0.139929764074649,0.0808749998924366));
#13332=CARTESIAN_POINT('',(0.13521711334539,-0.12992976404808,0.0976250251757504));
#13333=CARTESIAN_POINT('',(0.13321711334539,-0.119429764074649,0.0729999999115169));
#13334=CARTESIAN_POINT('',(0.16021711334539,-0.131679764024246,0.0976250251785828));
#13335=CARTESIAN_POINT('',(0.16021711334539,-0.119429764074649,0.0729999999115167));
#13336=CARTESIAN_POINT('',(0.13321711334539,-0.119429764074649,0.0729999999115169));
#13337=CARTESIAN_POINT('',(0.16321711334539,-0.119429764074649,0.0729999999115167));
#13338=CARTESIAN_POINT('',(0.132217113355448,-0.142429764074649,0.0822500251915664));
#13339=CARTESIAN_POINT('',(0.132217113353455,-0.142429764074649,0.0875000503514679));
#13340=CARTESIAN_POINT('',(0.13221711335744,-0.142429764074649,0.0769999998447493));
#13341=CARTESIAN_POINT('',(0.13221711335744,-0.145429764074649,0.0769999998447493));
#13342=CARTESIAN_POINT('',(0.13221711334539,-0.145429764074649,0.0779999998447493));
#13343=CARTESIAN_POINT('',(0.163217113264524,-0.145429764074649,0.0769999998565149));
#13344=CARTESIAN_POINT('',(0.163217113264524,-0.119429764074649,0.0769999998565149));
#13345=CARTESIAN_POINT('',(0.164217113264524,-0.119429764074649,0.076999999853968));
#13346=CARTESIAN_POINT('',(0.16321711329148,-0.119429764074649,0.0779999998565149));
#13347=CARTESIAN_POINT('',(0.16321711334539,-0.145429764074649,0.0779999998565149));
#13348=CARTESIAN_POINT('',(0.16321711334539,-0.136429764074649,0.0779999998565149));
#13349=CARTESIAN_POINT('',(0.16321711334539,-0.145429764074649,0.0779999998565149));
#13350=CARTESIAN_POINT('',(0.164217113279487,-0.145429764074649,0.0769999998565149));
#13351=CARTESIAN_POINT('',(0.163217113291267,-0.136429764074649,0.0875000503632335));
#13352=CARTESIAN_POINT('',(0.163217113291267,-0.119429764074649,0.0875000503632335));
#13353=CARTESIAN_POINT('',(0.163217113309308,-0.119429764074649,0.0865000503553896));
#13354=CARTESIAN_POINT('',(0.164217113291267,-0.119429764074649,0.0875000503606865));
#13355=CARTESIAN_POINT('',(0.164217113292859,-0.136429764074649,0.0875000503632335));
#13356=CARTESIAN_POINT('',(0.16321711334539,-0.136429764074649,0.0865000503632335));
#13357=CARTESIAN_POINT('',(0.16321711334539,-0.136429764074649,0.0865000503573506));
#13358=CARTESIAN_POINT('',(0.163217113291267,-0.136429764074649,0.0865000503573506));
#13359=CARTESIAN_POINT('',(0.164217113294451,-0.153429764074649,0.0687499997466802));
#13360=CARTESIAN_POINT('',(0.164217113294451,-0.119429764074649,0.0939571629590709));
#13361=CARTESIAN_POINT('',(0.16421711334539,-0.119429764074649,0.108750000000033));
#13362=CARTESIAN_POINT('',(0.164217113294451,-0.153429764074649,0.108750000000033));
#13363=CARTESIAN_POINT('',(0.16421711334539,-0.140429764021512,0.108750000000033));
#13364=CARTESIAN_POINT('',(0.164217113294451,-0.153429764074649,0.108750000000033));
#13365=CARTESIAN_POINT('',(0.164217113294451,-0.153429764074649,0.0627499997466803));
#13366=CARTESIAN_POINT('',(0.164217113294451,-0.119429764074649,0.0939571629590709));
#13367=CARTESIAN_POINT('',(0.135217113192775,-0.154229764074649,0.109799783751284));
#13368=CARTESIAN_POINT('',(0.135217113192775,-0.154029764074649,0.109799783751284));
#13369=CARTESIAN_POINT('',(0.132117113192775,-0.154029764074649,0.109799783751284));
#13370=CARTESIAN_POINT('',(0.135217113192775,-0.154429764074649,0.109799783751284));
#13371=CARTESIAN_POINT('',(0.132624816913412,-0.148429764074649,0.108099783751284));
#13372=CARTESIAN_POINT('',(0.132624816913412,-0.148429764074649,0.108099783751284));
#13373=CARTESIAN_POINT('',(0.132624816913412,-0.148229764074649,0.108099783751284));
#13374=CARTESIAN_POINT('',(0.135217113192775,-0.148229764074649,0.109799783751284));
#13375=CARTESIAN_POINT('',(0.132624816913412,-0.148229764074649,0.111499783751284));
#13376=CARTESIAN_POINT('',(0.132624816913412,-0.148429764074649,0.111499783751284));
#13377=CARTESIAN_POINT('',(0.132624816913412,-0.148429764074649,0.111499783751284));
#13378=CARTESIAN_POINT('',(0.135217113192775,-0.148429764074649,0.109799783751284));
#13379=CARTESIAN_POINT('',(0.137809409472138,-0.148429764074649,0.111499783751284));
#13380=CARTESIAN_POINT('',(0.137809409472138,-0.148429764074649,0.111499783751284));
#13381=CARTESIAN_POINT('',(0.137809409472138,-0.148229764074649,0.111499783751284));
#13382=CARTESIAN_POINT('',(0.135217113192775,-0.148229764074649,0.109799783751284));
#13383=CARTESIAN_POINT('',(0.137809409472138,-0.148229764074649,0.108099783751284));
#13384=CARTESIAN_POINT('',(0.137809409472138,-0.148429764074649,0.108099783751284));
#13385=CARTESIAN_POINT('',(0.137809409472138,-0.148429764074649,0.108099783751284));
#13386=CARTESIAN_POINT('',(0.135217113192775,-0.148429764074649,0.109799783751284));
#13387=CARTESIAN_POINT('',(0.160217113192775,-0.154229764074649,0.109799783751284));
#13388=CARTESIAN_POINT('',(0.160217113192775,-0.154029764074649,0.109799783751284));
#13389=CARTESIAN_POINT('',(0.163317113192775,-0.154029764074649,0.109799783751284));
#13390=CARTESIAN_POINT('',(0.160217113192775,-0.154429764074649,0.109799783751284));
#13391=CARTESIAN_POINT('',(0.157624816913412,-0.148429764074649,0.108099783751284));
#13392=CARTESIAN_POINT('',(0.157624816913412,-0.148429764074649,0.108099783751284));
#13393=CARTESIAN_POINT('',(0.157624816913412,-0.148229764074649,0.108099783751284));
#13394=CARTESIAN_POINT('',(0.160217113192775,-0.148229764074649,0.109799783751284));
#13395=CARTESIAN_POINT('',(0.157624816913412,-0.148229764074649,0.111499783751284));
#13396=CARTESIAN_POINT('',(0.157624816913412,-0.148429764074649,0.111499783751284));
#13397=CARTESIAN_POINT('',(0.157624816913412,-0.148429764074649,0.111499783751284));
#13398=CARTESIAN_POINT('',(0.160217113192775,-0.148429764074649,0.109799783751284));
#13399=CARTESIAN_POINT('',(0.162809409472138,-0.148429764074649,0.111499783751284));
#13400=CARTESIAN_POINT('',(0.162809409472138,-0.148429764074649,0.111499783751284));
#13401=CARTESIAN_POINT('',(0.162809409472138,-0.148229764074649,0.111499783751284));
#13402=CARTESIAN_POINT('',(0.160217113192775,-0.148229764074649,0.109799783751284));
#13403=CARTESIAN_POINT('',(0.162809409472138,-0.148229764074649,0.108099783751284));
#13404=CARTESIAN_POINT('',(0.162809409472138,-0.148429764074649,0.108099783751284));
#13405=CARTESIAN_POINT('',(0.162809409472138,-0.148429764074649,0.108099783751284));
#13406=CARTESIAN_POINT('',(0.160217113192775,-0.148429764074649,0.109799783751284));
#13407=CARTESIAN_POINT('',(0.14766694674086,-0.154229764074649,0.0893499997466803));
#13408=CARTESIAN_POINT('',(0.134403437350577,-0.154029988361733,0.0838327240824199));
#13409=CARTESIAN_POINT('',(0.133298801269819,-0.154029985073758,0.0893514224686125));
#13410=CARTESIAN_POINT('',(0.134401705444253,-0.154029988356579,0.0948615845232116));
#13411=CARTESIAN_POINT('',(0.137515078374046,-0.154029997621748,0.0995112238803134));
#13412=CARTESIAN_POINT('',(0.142171856128112,-0.154030011480248,0.102621625202503));
#13413=CARTESIAN_POINT('',(0.147664802119652,-0.154030027827092,0.103714332905856));
#13414=CARTESIAN_POINT('',(0.153162629346459,-0.154030044188456,0.102622623803673));
#13415=CARTESIAN_POINT('',(0.15782804093278,-0.154030058072558,0.0995044117459443));
#13416=CARTESIAN_POINT('',(0.160939002854688,-0.154030067330664,0.094844036303297));
#13417=CARTESIAN_POINT('',(0.162031045961374,-0.154030070580542,0.0893513889075699));
#13418=CARTESIAN_POINT('',(0.160940325786042,-0.154030067334601,0.0838595578193866));
#13419=CARTESIAN_POINT('',(0.157832025447053,-0.154030058084415,0.079200846375123));
#13420=CARTESIAN_POINT('',(0.153175259172063,-0.154030044226042,0.0760826662941909));
#13421=CARTESIAN_POINT('',(0.147671985040601,-0.154030027848468,0.0749848214862971));
#13422=CARTESIAN_POINT('',(0.142175505870435,-0.15403001149111,0.0760764717371396));
#13423=CARTESIAN_POINT('',(0.137516982950758,-0.154029997627416,0.0791874279786757));
#13424=CARTESIAN_POINT('',(0.134403437350577,-0.154029988361733,0.0838327240824199));
#13425=CARTESIAN_POINT('',(0.133298801269819,-0.154029985073758,0.0893514224686125));
#13426=CARTESIAN_POINT('',(0.134401705444253,-0.154029988356579,0.0948615845232116));
#13427=CARTESIAN_POINT('',(0.133666724646345,-0.154029986169164,0.0893499997468494));
#13428=CARTESIAN_POINT('',(0.147666988405231,-0.153729764074649,0.0893499997466803));
#13429=CARTESIAN_POINT('',(0.147666988405231,-0.153429764074649,0.0893499997466803));
#13430=CARTESIAN_POINT('',(0.147666988405231,-0.153429764074649,0.0753497359877943));
#13431=CARTESIAN_POINT('',(0.12271711334539,-0.151929764074649,0.10185358149673));
#13432=CARTESIAN_POINT('',(0.13421711334539,-0.163429764074649,0.109664062159256));
#13433=CARTESIAN_POINT('',(0.121199187439793,-0.150411838169053,0.114815857034324));
#13434=CARTESIAN_POINT('',(0.12021711334539,-0.149429764074649,0.109750000034378));
#13435=CARTESIAN_POINT('',(0.120216849586504,-0.149429500315763,0.10185358149673));
#13436=CARTESIAN_POINT('',(0.120216849586504,-0.149429500315763,0.106750000000029));
#13437=CARTESIAN_POINT('',(0.12346711334539,-0.152679764074649,0.106750000000029));
#13438=CARTESIAN_POINT('',(0.12421711334539,-0.153429764074649,0.106750000000029));
#13439=CARTESIAN_POINT('',(0.123567710261507,-0.152780360990766,0.106100596916143));
#13440=CARTESIAN_POINT('',(0.123517338550673,-0.152729989279932,0.114815857405424));
#13441=CARTESIAN_POINT('',(0.13421711334539,-0.153429764074649,0.109664062159256));
#13442=CARTESIAN_POINT('',(0.13421711334539,-0.173733353082584,0.109664062159256));
#13443=CARTESIAN_POINT('',(0.13421711334539,-0.145732825647279,0.123664325918142));
#13444=CARTESIAN_POINT('',(0.13421711334539,-0.153429764074649,0.123664325918142));
#13445=CARTESIAN_POINT('',(0.13421711334539,-0.140429764021512,0.123664325918142));
#13446=CARTESIAN_POINT('',(0.13421711334539,-0.140429764021512,0.109664062159256));
#13447=CARTESIAN_POINT('',(0.120216981465568,-0.140429764271511,0.10974999998438));
#13448=CARTESIAN_POINT('',(0.120216849586504,-0.149429764074649,0.109750000034388));
#13449=CARTESIAN_POINT('',(0.120216849586504,-0.14642976414027,0.109750000034388));
#13450=CARTESIAN_POINT('',(0.120216849586504,-0.143429764205891,0.109750000034388));
#13451=CARTESIAN_POINT('',(0.120216849586504,-0.140429764271511,0.109750000034388));
#13452=CARTESIAN_POINT('',(0.128677458321079,-0.149170319920092,0.119175751970547));
#13453=CARTESIAN_POINT('',(0.133425476423231,-0.153918338022244,0.119175751970547));
#13454=CARTESIAN_POINT('',(0.137914051637156,-0.149429764121691,0.123664326083075));
#13455=CARTESIAN_POINT('',(0.151565581705493,-0.163081295409316,0.123664325918142));
#13456=CARTESIAN_POINT('',(0.172717113299849,-0.151929764074649,0.100353581479555));
#13457=CARTESIAN_POINT('',(0.171916888056696,-0.152729989317794,0.114815857303548));
#13458=CARTESIAN_POINT('',(0.174235039143512,-0.150411838230979,0.114815856983387));
#13459=CARTESIAN_POINT('',(0.172783183053259,-0.151863694321236,0.105183930246618));
#13460=CARTESIAN_POINT('',(0.171217113299845,-0.153429764074649,0.106750000000032));
#13461=CARTESIAN_POINT('',(0.172967113299847,-0.151679764074647,0.106750000000031));
#13462=CARTESIAN_POINT('',(0.175217377060329,-0.149429500314169,0.106750000000029));
#13463=CARTESIAN_POINT('',(0.175217377060329,-0.149429500314169,0.100353581479555));
#13464=CARTESIAN_POINT('',(0.175217113299844,-0.149429764074649,0.109750000034377));
#13465=CARTESIAN_POINT('',(0.16121711304016,-0.163429764334333,0.109664061897971));
#13466=CARTESIAN_POINT('',(0.166756768214467,-0.149170319961863,0.119175751902628));
#13467=CARTESIAN_POINT('',(0.16121711304016,-0.173733353864841,0.109664061897971));
#13468=CARTESIAN_POINT('',(0.161217113040161,-0.145732825895649,0.123664325918141));
#13469=CARTESIAN_POINT('',(0.157368644555407,-0.149581295589895,0.123664325918142));
#13470=CARTESIAN_POINT('',(0.15752017498544,-0.149429764110371,0.123664326060436));
#13471=CARTESIAN_POINT('',(0.162008750086167,-0.153918338090163,0.119175751902628));
#13472=CARTESIAN_POINT('',(0.16121711304016,-0.153429764074649,0.109664061897971));
#13473=CARTESIAN_POINT('',(0.175217377060329,-0.140429764021512,0.109750000034381));
#13474=CARTESIAN_POINT('',(0.175217377060329,-0.143429764039224,0.109750000034381));
#13475=CARTESIAN_POINT('',(0.175217377060329,-0.146429764056937,0.109750000034381));
#13476=CARTESIAN_POINT('',(0.175217377060329,-0.149429764074649,0.109750000034381));
#13477=CARTESIAN_POINT('',(0.175217113299844,-0.140429764021512,0.109750000034372));
#13478=CARTESIAN_POINT('',(0.16121711304016,-0.140429764021512,0.109664061897971));
#13479=CARTESIAN_POINT('',(0.16121711304016,-0.140429764021512,0.123664325918141));
#13480=CARTESIAN_POINT('',(0.16121711304016,-0.153429764074649,0.12366432591814));
#13481=CARTESIAN_POINT('',(0.154467113181389,-0.151929764074649,0.121164325918142));
#13482=CARTESIAN_POINT('',(0.154467113181389,-0.149429764074649,0.123664325918142));
#13483=CARTESIAN_POINT('',(0.16121711304016,-0.153429764074649,0.123664325918142));
#13484=CARTESIAN_POINT('',(0.145496658935604,-0.153429764074649,0.123664325918142));
#13485=CARTESIAN_POINT('',(0.145496658195665,-0.142257446369569,0.123664325918142));
#13486=CARTESIAN_POINT('',(0.145496659679008,-0.147658808395723,0.123664325918142));
#13487=CARTESIAN_POINT('',(0.16121711304016,-0.14765880765232,0.123664325918142));
#13488=CARTESIAN_POINT('',(0.143987171839548,-0.147658808395723,0.123664325918142));
#13489=CARTESIAN_POINT('',(0.143987171839548,-0.147658808395723,0.123664325918142));
#13490=CARTESIAN_POINT('',(0.143287888266928,-0.147658808395723,0.123664325918142));
#13491=CARTESIAN_POINT('',(0.142892431201664,-0.147528596823522,0.123664325918142));
#13492=CARTESIAN_POINT('',(0.142892431201664,-0.147528596823522,0.123664325918142));
#13493=CARTESIAN_POINT('',(0.142892431201664,-0.147528596823522,0.123664325918142));
#13494=CARTESIAN_POINT('',(0.142492151787739,-0.14739838525132,0.123664325918142));
#13495=CARTESIAN_POINT('',(0.142255841869978,-0.147162076075231,0.123664325918142));
#13496=CARTESIAN_POINT('',(0.142255841869978,-0.147162076075231,0.123664325918142));
#13497=CARTESIAN_POINT('',(0.142255841869978,-0.147162076075231,0.123664325918142));
#13498=CARTESIAN_POINT('',(0.141923079787321,-0.146829313250902,0.123664325918142));
#13499=CARTESIAN_POINT('',(0.141739818671504,-0.146269886689474,0.123664325918142));
#13500=CARTESIAN_POINT('',(0.141739818671504,-0.146269886689474,0.123664325918142));
#13501=CARTESIAN_POINT('',(0.141739818671504,-0.146269886689474,0.123664325918142));
#13502=CARTESIAN_POINT('',(0.141551735207027,-0.145705637037715,0.123664325918142));
#13503=CARTESIAN_POINT('',(0.141551735207027,-0.144905078209867,0.123664325918142));
#13504=CARTESIAN_POINT('',(0.141551735207027,-0.144905078209867,0.123664325918142));
#13505=CARTESIAN_POINT('',(0.141551735207027,-0.144905078209867,0.123664325918142));
#13506=CARTESIAN_POINT('',(0.141551735207027,-0.143795869784331,0.123664325918142));
#13507=CARTESIAN_POINT('',(0.141918255955318,-0.14320268455727,0.123664325918142));
#13508=CARTESIAN_POINT('',(0.141918255955318,-0.14320268455727,0.123664325918142));
#13509=CARTESIAN_POINT('',(0.141918255955318,-0.14320268455727,0.123664325918142));
#13510=CARTESIAN_POINT('',(0.142279954354949,-0.142604676239878,0.123664325918142));
#13511=CARTESIAN_POINT('',(0.142800799902083,-0.142402125729422,0.123664325918142));
#13512=CARTESIAN_POINT('',(0.142800799902083,-0.142402125729422,0.123664325918142));
#13513=CARTESIAN_POINT('',(0.142800799902083,-0.142402125729422,0.123664325918142));
#13514=CARTESIAN_POINT('',(0.143176966089366,-0.142257446369569,0.123664325918142));
#13515=CARTESIAN_POINT('',(0.144011283582847,-0.142257446369569,0.123664325918142));
#13516=CARTESIAN_POINT('',(0.144011283582847,-0.142257446369569,0.123664325918142));
#13517=CARTESIAN_POINT('',(0.16121711304016,-0.142257446367838,0.123664325918142));
#13518=CARTESIAN_POINT('',(0.16121711304016,-0.142257446367838,0.123664325918142));
#13519=CARTESIAN_POINT('',(0.146567396465117,-0.142257445627898,0.123664325918142));
#13520=CARTESIAN_POINT('',(0.147980431398009,-0.142257445627898,0.123664325918142));
#13521=CARTESIAN_POINT('',(0.147980431398009,-0.142257445627898,0.123664325918142));
#13522=CARTESIAN_POINT('',(0.148742409953235,-0.142257445627898,0.123664325918142));
#13523=CARTESIAN_POINT('',(0.149055881899582,-0.142358721624798,0.123664325918142));
#13524=CARTESIAN_POINT('',(0.149055881899582,-0.142358721624798,0.123664325918142));
#13525=CARTESIAN_POINT('',(0.148824057847437,-0.143165714203435,0.12366432591909));
#13526=CARTESIAN_POINT('',(0.149538148704807,-0.142725240971413,0.123664325918142));
#13527=CARTESIAN_POINT('',(0.149538146432424,-0.142725242373089,0.123664325918142));
#13528=CARTESIAN_POINT('',(0.149706939018919,-0.142990487866151,0.123664325918142));
#13529=CARTESIAN_POINT('',(0.149706939018919,-0.143342540826791,0.123664325918142));
#13530=CARTESIAN_POINT('',(0.149706939018919,-0.143342540826791,0.123664325918142));
#13531=CARTESIAN_POINT('',(0.149706939018919,-0.143342540826791,0.123664325918142));
#13532=CARTESIAN_POINT('',(0.149706939018919,-0.143713884665414,0.123664325918142));
#13533=CARTESIAN_POINT('',(0.149523677903102,-0.143959839280494,0.123664325918142));
#13534=CARTESIAN_POINT('',(0.149523677903102,-0.143959839280494,0.123664325918142));
#13535=CARTESIAN_POINT('',(0.149523677903102,-0.143959839280494,0.123664325918142));
#13536=CARTESIAN_POINT('',(0.149345240619287,-0.144205793895575,0.123664325918142));
#13537=CARTESIAN_POINT('',(0.148988364568316,-0.144311892241134,0.123664325918142));
#13538=CARTESIAN_POINT('',(0.148988364568316,-0.144311892241134,0.123664325918142));
#13539=CARTESIAN_POINT('',(0.148988364568316,-0.144311892241134,0.123664325918142));
#13540=CARTESIAN_POINT('',(0.148718296726593,-0.144393877360052,0.123664325918142));
#13541=CARTESIAN_POINT('',(0.148096175182559,-0.144393877360052,0.123664325918142));
#13542=CARTESIAN_POINT('',(0.148096175182559,-0.144393877360052,0.123664325918142));
#13543=CARTESIAN_POINT('',(0.16121711304016,-0.14439387735832,0.123664325918142));
#13544=CARTESIAN_POINT('',(0.146567397206789,-0.144393877360052,0.123664325918142));
#13545=CARTESIAN_POINT('',(0.146567397205057,-0.153429764074649,0.123664325918142));
#13546=CARTESIAN_POINT('',(0.16121711304016,-0.145228193368458,0.123664325918142));
#13547=CARTESIAN_POINT('',(0.146567397206789,-0.14522819337019,0.123664325918142));
#13548=CARTESIAN_POINT('',(0.14820227426979,-0.14522819337019,0.123664325918142));
#13549=CARTESIAN_POINT('',(0.14820227426979,-0.14522819337019,0.123664325918142));
#13550=CARTESIAN_POINT('',(0.148877444615768,-0.14522819337019,0.123664325918142));
#13551=CARTESIAN_POINT('',(0.14923432066674,-0.1453487595034,0.123664325918142));
#13552=CARTESIAN_POINT('',(0.14923432066674,-0.1453487595034,0.123664325918142));
#13553=CARTESIAN_POINT('',(0.14923432066674,-0.1453487595034,0.123664325918142));
#13554=CARTESIAN_POINT('',(0.149596019066371,-0.145464503287951,0.123664325918142));
#13555=CARTESIAN_POINT('',(0.149798569576827,-0.145758684356316,0.123664325918142));
#13556=CARTESIAN_POINT('',(0.149798569576827,-0.145758684356316,0.123664325918142));
#13557=CARTESIAN_POINT('',(0.149798569576827,-0.145758684356316,0.123664325918142));
#13558=CARTESIAN_POINT('',(0.150001120087283,-0.146048043076021,0.123664325918142));
#13559=CARTESIAN_POINT('',(0.150001120087283,-0.146443500141285,0.123664325918142));
#13560=CARTESIAN_POINT('',(0.150001120087283,-0.146443500141285,0.123664325918142));
#13561=CARTESIAN_POINT('',(0.150001120087283,-0.146443500141285,0.123664325918142));
#13562=CARTESIAN_POINT('',(0.150001120087283,-0.146781085314274,0.123664325918142));
#13563=CARTESIAN_POINT('',(0.149861263076091,-0.147041508458677,0.123664325918142));
#13564=CARTESIAN_POINT('',(0.149861263076091,-0.147041508458677,0.123664325918142));
#13565=CARTESIAN_POINT('',(0.149861263076091,-0.147041508458677,0.123664325918142));
#13566=CARTESIAN_POINT('',(0.149721406064898,-0.147297109254421,0.123664325918142));
#13567=CARTESIAN_POINT('',(0.149504387025119,-0.147432143175282,0.123664325918142));
#13568=CARTESIAN_POINT('',(0.149504387025119,-0.147432143175282,0.123664325918142));
#13569=CARTESIAN_POINT('',(0.149504387025119,-0.147432143175282,0.123664325918142));
#13570=CARTESIAN_POINT('',(0.149287367985341,-0.147567177096143,0.123664325918142));
#13571=CARTESIAN_POINT('',(0.148964251341674,-0.147625048988419,0.123664325918142));
#13572=CARTESIAN_POINT('',(0.148964251341674,-0.147625048988419,0.123664325918142));
#13573=CARTESIAN_POINT('',(0.148964251341674,-0.147625048988419,0.123664325918142));
#13574=CARTESIAN_POINT('',(0.1487809917092,-0.147658807654052,0.123664325918142));
#13575=CARTESIAN_POINT('',(0.14832766275166,-0.147658807654052,0.123664325918142));
#13576=CARTESIAN_POINT('',(0.14832766275166,-0.147658807654052,0.123664325918142));
#13577=CARTESIAN_POINT('',(0.16121711304016,-0.14765880765232,0.123664325918142));
#13578=CARTESIAN_POINT('',(0.146567397206789,-0.147658807654052,0.123664325918142));
#13579=CARTESIAN_POINT('',(0.146567397205057,-0.153429764074649,0.123664325918142));
#13580=CARTESIAN_POINT('',(0.15140905009464,-0.145477470673981,0.123664325918142));
#13581=CARTESIAN_POINT('',(0.151814152598896,-0.145072368169726,0.123664325918142));
#13582=CARTESIAN_POINT('',(0.152426627962267,-0.145072368169726,0.123664325918142));
#13583=CARTESIAN_POINT('',(0.15140905009464,-0.145477470673981,0.123664325918142));
#13584=CARTESIAN_POINT('',(0.152426627962267,-0.145072368169726,0.123664325918142));
#13585=CARTESIAN_POINT('',(0.152426627962267,-0.145072368169726,0.123664325918142));
#13586=CARTESIAN_POINT('',(0.153053571854961,-0.145072368169726,0.123664325918142));
#13587=CARTESIAN_POINT('',(0.153468319056536,-0.145482293022641,0.123664325918142));
#13588=CARTESIAN_POINT('',(0.153468319056536,-0.145482293022641,0.123664325918142));
#13589=CARTESIAN_POINT('',(0.153468319056536,-0.145482293022641,0.123664325918142));
#13590=CARTESIAN_POINT('',(0.153887888606771,-0.145892217875556,0.123664325918142));
#13591=CARTESIAN_POINT('',(0.153887888606771,-0.14651916176825,0.123664325918142));
#13592=CARTESIAN_POINT('',(0.153887888606771,-0.14651916176825,0.123664325918142));
#13593=CARTESIAN_POINT('',(0.153887888606771,-0.14651916176825,0.123664325918142));
#13594=CARTESIAN_POINT('',(0.153887888606771,-0.147136460221953,0.123664325918142));
#13595=CARTESIAN_POINT('',(0.153482786102516,-0.147536739635877,0.123664325918142));
#13596=CARTESIAN_POINT('',(0.153482786102516,-0.147536739635877,0.123664325918142));
#13597=CARTESIAN_POINT('',(0.153482786102516,-0.147536739635877,0.123664325918142));
#13598=CARTESIAN_POINT('',(0.15307768359826,-0.147937019049802,0.123664325918142));
#13599=CARTESIAN_POINT('',(0.152455562054226,-0.147937019049802,0.123664325918142));
#13600=CARTESIAN_POINT('',(0.152455562054226,-0.147937019049802,0.123664325918142));
#13601=CARTESIAN_POINT('',(0.152441933549884,-0.146406683497613,0.123664325920248));
#13602=CARTESIAN_POINT('',(0.151708144389563,-0.147748766099423,0.123664325916296));
#13603=CARTESIAN_POINT('',(0.152313566623537,-0.146632934872428,0.123664325916217));
#13604=CARTESIAN_POINT('',(0.151182577663094,-0.147208700485261,0.123664325917833));
#13605=CARTESIAN_POINT('',(0.152595683962199,-0.146485559337443,0.123664325912661));
#13606=CARTESIAN_POINT('',(0.151008768455701,-0.146490225451277,0.123664325918142));
#13607=CARTESIAN_POINT('',(0.151008768455701,-0.146490225451277,0.123664325918142));
#13608=CARTESIAN_POINT('',(0.151008769939045,-0.145882573178237,0.123664325918142));
#13609=CARTESIAN_POINT('',(0.15140905009464,-0.145477470673981,0.123664325918142));
#13610=CARTESIAN_POINT('',(0.151616421470413,-0.142463317343721,0.123664325918142));
#13611=CARTESIAN_POINT('',(0.151944360462739,-0.142145023048715,0.123664325918142));
#13612=CARTESIAN_POINT('',(0.152441093524903,-0.142145023048715,0.123664325918142));
#13613=CARTESIAN_POINT('',(0.151616421470413,-0.142463317343721,0.123664325918142));
#13614=CARTESIAN_POINT('',(0.152441093524903,-0.142145023048715,0.123664325918142));
#13615=CARTESIAN_POINT('',(0.152441093524903,-0.142145023048715,0.123664325918142));
#13616=CARTESIAN_POINT('',(0.152933002755065,-0.142145023048715,0.123664325918142));
#13617=CARTESIAN_POINT('',(0.153260943230734,-0.142472962782713,0.123664325918142));
#13618=CARTESIAN_POINT('',(0.153260943230734,-0.142472962782713,0.123664325918142));
#13619=CARTESIAN_POINT('',(0.153260943230734,-0.142472962782713,0.123664325918142));
#13620=CARTESIAN_POINT('',(0.153593706055063,-0.142796079426379,0.123664325918142));
#13621=CARTESIAN_POINT('',(0.153593706055063,-0.143273521610561,0.123664325918142));
#13622=CARTESIAN_POINT('',(0.153593706055063,-0.143273521610561,0.123664325918142));
#13623=CARTESIAN_POINT('',(0.152547540435001,-0.143294073750928,0.123664325923264));
#13624=CARTESIAN_POINT('',(0.153270589411397,-0.144049967211767,0.123664325918142));
#13625=CARTESIAN_POINT('',(0.153270589411397,-0.144049967211767,0.123664325918142));
#13626=CARTESIAN_POINT('',(0.15295229511639,-0.144363439158114,0.123664325918142));
#13627=CARTESIAN_POINT('',(0.152450739705566,-0.144363439158114,0.123664325918142));
#13628=CARTESIAN_POINT('',(0.152450739705566,-0.144363439158114,0.123664325918142));
#13629=CARTESIAN_POINT('',(0.152450739705566,-0.144363439158114,0.123664325918142));
#13630=CARTESIAN_POINT('',(0.15193471576542,-0.144363439158114,0.123664325918142));
#13631=CARTESIAN_POINT('',(0.151611599121753,-0.144045144863107,0.123664325918142));
#13632=CARTESIAN_POINT('',(0.151611599121753,-0.144045144863107,0.123664325918142));
#13633=CARTESIAN_POINT('',(0.151611599121753,-0.144045144863107,0.123664325918142));
#13634=CARTESIAN_POINT('',(0.151288482478087,-0.143726850568101,0.123664325918142));
#13635=CARTESIAN_POINT('',(0.151288482478087,-0.143225295157277,0.123664325918142));
#13636=CARTESIAN_POINT('',(0.151288482478087,-0.143225295157277,0.123664325918142));
#13637=CARTESIAN_POINT('',(0.151288482478087,-0.143225295157277,0.123664325918142));
#13638=CARTESIAN_POINT('',(0.151288480994744,-0.1427816123804,0.123664325918142));
#13639=CARTESIAN_POINT('',(0.151616421470413,-0.142463317343721,0.123664325918142));
#13640=CARTESIAN_POINT('',(0.140967113334004,-0.140429764021512,0.123664325918142));
#13641=CARTESIAN_POINT('',(0.175217377060329,-0.153429764074649,0.106750000000029));
#13642=CARTESIAN_POINT('',(0.175217377060329,-0.153429764074649,0.106750000000029));
#13643=CARTESIAN_POINT('',(0.175217377060329,-0.140429764021512,0.106750000000029));
#13644=CARTESIAN_POINT('',(0.175217377060329,-0.140429764021512,0.106750000000029));
#13645=CARTESIAN_POINT('',(0.171217113299845,-0.153429764074649,0.106750000000032));
#13646=CARTESIAN_POINT('',(0.169217113299846,-0.153429764074649,0.108750000000033));
#13647=CARTESIAN_POINT('',(0.169217113299848,-0.149829764021516,0.108750000000031));
#13648=CARTESIAN_POINT('',(0.171217113299845,-0.149829764455529,0.106750000000032));
#13649=CARTESIAN_POINT('',(0.171217113299845,-0.149829764889543,0.106750000000032));
#13650=CARTESIAN_POINT('',(0.171217113299845,-0.153429764074649,0.106750000000032));
#13651=CARTESIAN_POINT('',(0.126217113345387,-0.153429764074649,0.108750000000036));
#13652=CARTESIAN_POINT('',(0.12421711334539,-0.153429764074649,0.106750000000029));
#13653=CARTESIAN_POINT('',(0.12421711334539,-0.149829764889543,0.106750000000029));
#13654=CARTESIAN_POINT('',(0.126217113345387,-0.149829764455529,0.108750000000036));
#13655=CARTESIAN_POINT('',(0.126217113345382,-0.149829764021516,0.108750000000032));
#13656=CARTESIAN_POINT('',(0.126217113345383,-0.153429764074649,0.108750000000033));
#13657=CARTESIAN_POINT('',(0.12421711334539,-0.153429764074649,0.106750000000029));
#13658=CARTESIAN_POINT('',(0.12421711334539,-0.149829764455529,0.106750000000029));
#13659=CARTESIAN_POINT('',(0.174217113299845,-0.149829764889543,0.10675000000003));
#13660=CARTESIAN_POINT('',(0.174217113299845,-0.14692976404808,0.10675000000003));
#13661=CARTESIAN_POINT('',(0.174217113299845,-0.140429764021512,0.106750000000029));
#13662=CARTESIAN_POINT('',(0.161467113311228,-0.140429764021512,0.10675000000004));
#13663=CARTESIAN_POINT('',(0.12421711334539,-0.153429764074649,0.106750000000029));
#13664=CARTESIAN_POINT('',(0.120216849586504,-0.153429764074649,0.106750000000029));
#13665=CARTESIAN_POINT('',(0.120216849586504,-0.140429764021512,0.106750000000029));
#13666=CARTESIAN_POINT('',(0.135967113334004,-0.140429764021512,0.106750000000029));
#13667=CARTESIAN_POINT('',(0.121217112916205,-0.140429764021512,0.106750000000029));
#13668=CARTESIAN_POINT('',(0.121217113130798,-0.153429764074649,0.106750000000029));
#13669=CARTESIAN_POINT('',(0.121217112916205,-0.149829764889543,0.106750000000029));
#13670=CARTESIAN_POINT('',(0.12421711334539,-0.149829764455529,0.106750000000029));
#13671=CARTESIAN_POINT('',(0.174217113299845,-0.140429764021512,0.106750000000029));
#13672=CARTESIAN_POINT('',(0.174217113299845,-0.149829764455529,0.106750000000029));
#13673=CARTESIAN_POINT('',(0.174217113299845,-0.149829764021516,0.108750000000022));
#13674=CARTESIAN_POINT('',(0.174217113299845,-0.140429764021512,0.108750000000022));
#13675=CARTESIAN_POINT('',(0.174217113299845,-0.140429764021512,0.108750000000026));
#13676=CARTESIAN_POINT('',(0.174217113299845,-0.140429764021512,0.110978581479557));
#13677=CARTESIAN_POINT('',(0.147717113108025,-0.149829764455529,0.10775000000003));
#13678=CARTESIAN_POINT('',(0.13121711334539,-0.149829764455529,0.108750000000033));
#13679=CARTESIAN_POINT('',(0.121217113130798,-0.140429764021512,0.108750000000029));
#13680=CARTESIAN_POINT('',(0.121217113130798,-0.149829764455529,0.108750000000029));
#13681=CARTESIAN_POINT('',(0.12121711334539,-0.149829764021515,0.108750000000029));
#13682=CARTESIAN_POINT('',(0.121217113130798,-0.140429764021512,0.115207162959085));
#13683=CARTESIAN_POINT('',(0.12121711334539,-0.140429764021512,0.108750000000029));
#13684=CARTESIAN_POINT('',(0.121217113130798,-0.140429764021512,0.108750000000033));
#13685=CARTESIAN_POINT('',(0.147717113108025,-0.149829764455529,0.10775000000003));
#13686=CARTESIAN_POINT('',(0.13121711334539,-0.149829764455529,0.108750000000033));
#13687=CARTESIAN_POINT('',(0.154683402185932,-0.140429764021512,0.118440546111204));
#13688=CARTESIAN_POINT('',(0.151200257754275,-0.140429764021512,0.118440546111204));
#13689=CARTESIAN_POINT('',(0.154683402185932,-0.140429764021512,0.118440546111204));
#13690=CARTESIAN_POINT('',(0.13907697373093,-0.140429764021512,0.118440546111204));
#13691=CARTESIAN_POINT('',(0.154683402185932,-0.140429764021512,0.118440546111204));
#13692=CARTESIAN_POINT('',(0.154683402185932,-0.153429764021512,0.118440546111204));
#13693=CARTESIAN_POINT('',(0.154683402185932,-0.153429764074649,0.118440546111204));
#13694=CARTESIAN_POINT('',(0.139076973730931,-0.153429764021512,0.118440546111204));
#13695=CARTESIAN_POINT('',(0.13907697373093,-0.140429764021512,0.118440546111204));
#13696=CARTESIAN_POINT('',(0.154683402185932,-0.140429764021512,0.105691001615769));
#13697=CARTESIAN_POINT('',(0.154683402185932,-0.143429764021512,0.109911666909731));
#13698=CARTESIAN_POINT('',(0.154683402185932,-0.143429764021512,0.110590995052714));
#13699=CARTESIAN_POINT('',(0.154683402185932,-0.143429764021512,0.105691001615769));
#13700=CARTESIAN_POINT('',(0.154683402185932,-0.140429764021512,0.105691001615769));
#13701=CARTESIAN_POINT('',(0.154683402185932,-0.153429764021512,0.105691001615769));
#13702=CARTESIAN_POINT('',(0.154683402185932,-0.153429764074649,0.105691001615769));
#13703=CARTESIAN_POINT('',(0.154683402185932,-0.140429764021512,0.110449082287427));
#13704=CARTESIAN_POINT('',(0.154683402185932,-0.140429764021512,0.110590995052714));
#13705=CARTESIAN_POINT('',(0.154683402185932,-0.140429764021512,0.110590995052714));
#13706=CARTESIAN_POINT('',(0.147717113322618,-0.153429764074649,0.0939571629590709));
#13707=CARTESIAN_POINT('',(0.142776071566638,-0.153429764074649,0.112065773863486));
#13708=CARTESIAN_POINT('',(0.142776071566638,-0.153429764021512,0.112065773863486));
#13709=CARTESIAN_POINT('',(0.145301847501501,-0.153429764021512,0.116440546111204));
#13710=CARTESIAN_POINT('',(0.144757537690497,-0.153429764074649,0.112065773863486));
#13711=CARTESIAN_POINT('',(0.144757537690497,-0.153429764021512,0.112065773863486));
#13712=CARTESIAN_POINT('',(0.14728331362536,-0.153429764074649,0.116440546111204));
#13713=CARTESIAN_POINT('',(0.14728331362536,-0.153429764021512,0.116440546111204));
#13714=CARTESIAN_POINT('',(0.145301847501501,-0.153429764074649,0.116440546111204));
#13715=CARTESIAN_POINT('',(0.144757537690497,-0.153429764074649,0.112065773863486));
#13716=CARTESIAN_POINT('',(0.150701936062074,-0.153429764021512,0.112065773863486));
#13717=CARTESIAN_POINT('',(0.152683402185932,-0.153429764021512,0.112065773863486));
#13718=CARTESIAN_POINT('',(0.14817616012721,-0.153429764074649,0.107691001615769));
#13719=CARTESIAN_POINT('',(0.14817616012721,-0.153429764021512,0.107691001615769));
#13720=CARTESIAN_POINT('',(0.146194694003352,-0.153429764074649,0.107691001615769));
#13721=CARTESIAN_POINT('',(0.150157626251069,-0.153429764021512,0.107691001615769));
#13722=CARTESIAN_POINT('',(0.152683402185932,-0.153429764074649,0.112065773863486));
#13723=CARTESIAN_POINT('',(0.146194694003352,-0.153429764074649,0.107691001615769));
#13724=CARTESIAN_POINT('',(0.146194694003352,-0.153429764021512,0.107691001615769));
#13725=CARTESIAN_POINT('',(0.144213227879493,-0.153429764021512,0.107691001615769));
#13726=CARTESIAN_POINT('',(0.151246245873078,-0.153429764074649,0.116440546111204));
#13727=CARTESIAN_POINT('',(0.151246245873078,-0.153429764021512,0.116440546111204));
#13728=CARTESIAN_POINT('',(0.145301847501501,-0.153429764074649,0.116440546111204));
#13729=CARTESIAN_POINT('',(0.149264779749219,-0.153429764021512,0.116440546111204));
#13730=CARTESIAN_POINT('',(0.144213227879493,-0.153429764074649,0.107691001615769));
#13731=CARTESIAN_POINT('',(0.139076973730931,-0.153429764074649,0.118440546111204));
#13732=CARTESIAN_POINT('',(0.139123165524448,-0.153429764021512,0.105691001615769));
#13733=CARTESIAN_POINT('',(0.139123165524448,-0.153429764074649,0.105691001615769));
#13734=CARTESIAN_POINT('',(0.145301847501501,-0.153429764074649,0.116440546111204));
#13735=CARTESIAN_POINT('',(0.146509480412059,-0.154029764074649,0.116440546111204));
#13736=CARTESIAN_POINT('',(0.145301847501501,-0.154029764074649,0.116440546111204));
#13737=CARTESIAN_POINT('',(0.14728331362536,-0.154029764074649,0.116440546111204));
#13738=CARTESIAN_POINT('',(0.145301847501501,-0.153429764074649,0.116440546111204));
#13739=CARTESIAN_POINT('',(0.14728331362536,-0.153429764074649,0.116440546111204));
#13740=CARTESIAN_POINT('',(0.135217113192775,-0.148029764074649,0.109799783751284));
#13741=CARTESIAN_POINT('',(0.135217113192775,-0.148029764074649,0.109799783751284));
#13742=CARTESIAN_POINT('',(0.136917113192775,-0.148029764074649,0.109799783751284));
#13743=CARTESIAN_POINT('',(0.135217113192775,-0.148029764074649,0.111499783751284));
#13744=CARTESIAN_POINT('',(0.136917113192775,-0.148029764074649,0.108099783751284));
#13745=CARTESIAN_POINT('',(0.136917113192775,-0.148029764074649,0.111499783751284));
#13746=CARTESIAN_POINT('',(0.132624816913412,-0.148029764074649,0.111499783751284));
#13747=CARTESIAN_POINT('',(0.135217113192775,-0.148029764074649,0.109799783751284));
#13748=CARTESIAN_POINT('',(0.135217113192775,-0.148029764074649,0.109799783751284));
#13749=CARTESIAN_POINT('',(0.133517113192775,-0.148029764074649,0.109799783751284));
#13750=CARTESIAN_POINT('',(0.132624816913412,-0.148029764074649,0.111499783751284));
#13751=CARTESIAN_POINT('',(0.133517113192775,-0.148029764074649,0.111499783751284));
#13752=CARTESIAN_POINT('',(0.133517113192775,-0.148029764074649,0.108099783751284));
#13753=CARTESIAN_POINT('',(0.135217113192775,-0.148029764074649,0.109799783751284));
#13754=CARTESIAN_POINT('',(0.135217113192775,-0.148029764074649,0.109799783751284));
#13755=CARTESIAN_POINT('',(0.135217113192775,-0.148029764074649,0.108099783751284));
#13756=CARTESIAN_POINT('',(0.133517113192775,-0.148029764074649,0.108099783751284));
#13757=CARTESIAN_POINT('',(0.133517113192775,-0.148029764074649,0.108099783751284));
#13758=CARTESIAN_POINT('',(0.132624816913412,-0.148029764074649,0.108099783751284));
#13759=CARTESIAN_POINT('',(0.135217113192775,-0.148029764074649,0.109799783751284));
#13760=CARTESIAN_POINT('',(0.135217113192775,-0.148029764074649,0.109799783751284));
#13761=CARTESIAN_POINT('',(0.132624816913412,-0.148029764074649,0.108099783751284));
#13762=CARTESIAN_POINT('',(0.136917113192775,-0.148029764074649,0.108099783751284));
#13763=CARTESIAN_POINT('',(0.136917113192775,-0.148029764074649,0.108099783751284));
#13764=CARTESIAN_POINT('',(0.136917113192775,-0.148429764074649,0.111499783751284));
#13765=CARTESIAN_POINT('',(0.136917113192775,-0.148429764074649,0.108099783751284));
#13766=CARTESIAN_POINT('',(0.136917113192775,-0.148229764074649,0.108099783751284));
#13767=CARTESIAN_POINT('',(0.136917113192775,-0.148229764074649,0.108099783751284));
#13768=CARTESIAN_POINT('',(0.136917113192775,-0.148229764074649,0.111499783751284));
#13769=CARTESIAN_POINT('',(0.136917113192775,-0.148429764074649,0.111499783751284));
#13770=CARTESIAN_POINT('',(0.133517113192775,-0.148429764074649,0.108099783751284));
#13771=CARTESIAN_POINT('',(0.133517113192775,-0.148229764074649,0.108099783751284));
#13772=CARTESIAN_POINT('',(0.133517113192775,-0.148229764074649,0.111499783751284));
#13773=CARTESIAN_POINT('',(0.133517113192775,-0.148229764074649,0.108099783751284));
#13774=CARTESIAN_POINT('',(0.133517113192775,-0.148429764074649,0.108099783751284));
#13775=CARTESIAN_POINT('',(0.133517113192775,-0.148429764074649,0.111499783751284));
#13776=CARTESIAN_POINT('',(0.147717113192775,-0.148429764074649,0.109799783751284));
#13777=CARTESIAN_POINT('',(0.142317113192775,-0.148429764074649,0.111499783751284));
#13778=CARTESIAN_POINT('',(0.132624816913412,-0.148429764074649,0.111499783751284));
#13779=CARTESIAN_POINT('',(0.132624816913412,-0.148229764074649,0.111499783751284));
#13780=CARTESIAN_POINT('',(0.132624816913412,-0.148229764074649,0.111499783751284));
#13781=CARTESIAN_POINT('',(0.133517113192775,-0.148429764074649,0.108099783751284));
#13782=CARTESIAN_POINT('',(0.142317113192775,-0.148429764074649,0.108099783751284));
#13783=CARTESIAN_POINT('',(0.132624816913412,-0.148229764074649,0.108099783751284));
#13784=CARTESIAN_POINT('',(0.132624816913412,-0.148229764074649,0.108099783751284));
#13785=CARTESIAN_POINT('',(0.135217113192775,-0.148229764074649,0.109799783751284));
#13786=CARTESIAN_POINT('',(0.135217113192775,-0.148229764074649,0.109799783751284));
#13787=CARTESIAN_POINT('',(0.147717113192775,-0.148429764074649,0.109799783751284));
#13788=CARTESIAN_POINT('',(0.135217113192775,-0.148029764074649,0.109799783751284));
#13789=CARTESIAN_POINT('',(0.160217113192775,-0.148029764074649,0.109799783751284));
#13790=CARTESIAN_POINT('',(0.161917113192775,-0.148029764074649,0.109799783751284));
#13791=CARTESIAN_POINT('',(0.160217113192775,-0.148029764074649,0.111499783751284));
#13792=CARTESIAN_POINT('',(0.161917113192775,-0.148029764074649,0.108099783751284));
#13793=CARTESIAN_POINT('',(0.161917113192775,-0.148029764074649,0.111499783751284));
#13794=CARTESIAN_POINT('',(0.157624816913412,-0.148029764074649,0.111499783751284));
#13795=CARTESIAN_POINT('',(0.135217113192775,-0.148029764074649,0.109799783751284));
#13796=CARTESIAN_POINT('',(0.160217113192775,-0.148029764074649,0.109799783751284));
#13797=CARTESIAN_POINT('',(0.158517113192775,-0.148029764074649,0.109799783751284));
#13798=CARTESIAN_POINT('',(0.157624816913412,-0.148029764074649,0.111499783751284));
#13799=CARTESIAN_POINT('',(0.158517113192775,-0.148029764074649,0.111499783751284));
#13800=CARTESIAN_POINT('',(0.158517113192775,-0.148029764074649,0.108099783751284));
#13801=CARTESIAN_POINT('',(0.135217113192775,-0.148029764074649,0.109799783751284));
#13802=CARTESIAN_POINT('',(0.160217113192775,-0.148029764074649,0.109799783751284));
#13803=CARTESIAN_POINT('',(0.160217113192775,-0.148029764074649,0.108099783751284));
#13804=CARTESIAN_POINT('',(0.158517113192775,-0.148029764074649,0.108099783751284));
#13805=CARTESIAN_POINT('',(0.158517113192775,-0.148029764074649,0.108099783751284));
#13806=CARTESIAN_POINT('',(0.157624816913412,-0.148029764074649,0.108099783751284));
#13807=CARTESIAN_POINT('',(0.135217113192775,-0.148029764074649,0.109799783751284));
#13808=CARTESIAN_POINT('',(0.160217113192775,-0.148029764074649,0.109799783751284));
#13809=CARTESIAN_POINT('',(0.157624816913412,-0.148029764074649,0.108099783751284));
#13810=CARTESIAN_POINT('',(0.161917113192775,-0.148029764074649,0.108099783751284));
#13811=CARTESIAN_POINT('',(0.161917113192775,-0.148029764074649,0.108099783751284));
#13812=CARTESIAN_POINT('',(0.161917113192775,-0.148429764074649,0.111499783751284));
#13813=CARTESIAN_POINT('',(0.161917113192775,-0.148429764074649,0.108099783751284));
#13814=CARTESIAN_POINT('',(0.161917113192775,-0.148229764074649,0.108099783751284));
#13815=CARTESIAN_POINT('',(0.161917113192775,-0.148229764074649,0.108099783751284));
#13816=CARTESIAN_POINT('',(0.161917113192775,-0.148229764074649,0.111499783751284));
#13817=CARTESIAN_POINT('',(0.161917113192775,-0.148429764074649,0.111499783751284));
#13818=CARTESIAN_POINT('',(0.158517113192775,-0.148429764074649,0.108099783751284));
#13819=CARTESIAN_POINT('',(0.158517113192775,-0.148229764074649,0.108099783751284));
#13820=CARTESIAN_POINT('',(0.158517113192775,-0.148229764074649,0.111499783751284));
#13821=CARTESIAN_POINT('',(0.158517113192775,-0.148229764074649,0.108099783751284));
#13822=CARTESIAN_POINT('',(0.158517113192775,-0.148429764074649,0.108099783751284));
#13823=CARTESIAN_POINT('',(0.158517113192775,-0.148429764074649,0.111499783751284));
#13824=CARTESIAN_POINT('',(0.147717113192775,-0.148429764074649,0.109799783751284));
#13825=CARTESIAN_POINT('',(0.154817113192775,-0.148429764074649,0.111499783751284));
#13826=CARTESIAN_POINT('',(0.135217113192775,-0.148229764074649,0.109799783751284));
#13827=CARTESIAN_POINT('',(0.157624816913412,-0.148229764074649,0.111499783751284));
#13828=CARTESIAN_POINT('',(0.157624816913412,-0.148229764074649,0.108099783751284));
#13829=CARTESIAN_POINT('',(0.132624816913412,-0.148429764074649,0.111499783751284));
#13830=CARTESIAN_POINT('',(0.157624816913412,-0.148229764074649,0.111499783751284));
#13831=CARTESIAN_POINT('',(0.133517113192775,-0.148429764074649,0.108099783751284));
#13832=CARTESIAN_POINT('',(0.154817113192775,-0.148429764074649,0.108099783751284));
#13833=CARTESIAN_POINT('',(0.157624816913412,-0.148229764074649,0.108099783751284));
#13834=CARTESIAN_POINT('',(0.135217113192775,-0.148229764074649,0.109799783751284));
#13835=CARTESIAN_POINT('',(0.147717113192775,-0.148429764074649,0.109799783751284));
#13836=CARTESIAN_POINT('',(0.160217113192775,-0.148429764074649,0.109799783751284));
#13837=CARTESIAN_POINT('',(0.160217113192775,-0.140429764021512,0.109799783751284));
#13838=CARTESIAN_POINT('',(0.161917113192775,-0.140429764021512,0.109799783751284));
#13839=CARTESIAN_POINT('',(0.13121711334539,-0.153429764074649,0.108750000000033));
#13840=CARTESIAN_POINT('',(0.140008693387116,-0.140429764021512,0.108750000000033));
#13841=CARTESIAN_POINT('',(0.13221711334539,-0.140429764021512,0.108750000000033));
#13842=CARTESIAN_POINT('',(0.13221711334539,-0.119429764074649,0.108750000000033));
#13843=CARTESIAN_POINT('',(0.13121711334539,-0.153429764074649,0.108750000000033));
#13844=CARTESIAN_POINT('',(0.158467113311232,-0.140429764021512,0.108750000000033));
#13845=CARTESIAN_POINT('',(0.16421711334539,-0.119429764074649,0.108750000000033));
#13846=CARTESIAN_POINT('',(0.13121711334539,-0.153429764074649,0.108750000000033));
#13847=CARTESIAN_POINT('',(0.158467113311232,-0.140429764021512,0.108750000000033));
#13848=CARTESIAN_POINT('',(0.14817616012721,-0.153429764074649,0.107691001615769));
#13849=CARTESIAN_POINT('',(0.145145315984592,-0.154029764074649,0.102441425570931));
#13850=CARTESIAN_POINT('',(0.14817616012721,-0.154029764074649,0.107691001615769));
#13851=CARTESIAN_POINT('',(0.150701936062074,-0.154029764074649,0.112065773863486));
#13852=CARTESIAN_POINT('',(0.14817616012721,-0.153429764074649,0.107691001615769));
#13853=CARTESIAN_POINT('',(0.150701936062073,-0.153429764074649,0.112065773863486));
#13854=CARTESIAN_POINT('',(0.144213227879493,-0.153429764074649,0.107691001615769));
#13855=CARTESIAN_POINT('',(0.141677750267839,-0.154029764074649,0.103299425570931));
#13856=CARTESIAN_POINT('',(0.144213227879493,-0.154029764074649,0.107691001615769));
#13857=CARTESIAN_POINT('',(0.149264779749219,-0.154029764074649,0.116440546111204));
#13858=CARTESIAN_POINT('',(0.144213227879493,-0.153429764074649,0.107691001615769));
#13859=CARTESIAN_POINT('',(0.149264779749219,-0.153429764074649,0.116440546111204));
#13860=CARTESIAN_POINT('',(0.144757537690497,-0.153429764074649,0.112065773863486));
#13861=CARTESIAN_POINT('',(0.149209524692346,-0.154029764074649,0.112065773863486));
#13862=CARTESIAN_POINT('',(0.152683402185933,-0.154029764074649,0.112065773863486));
#13863=CARTESIAN_POINT('',(0.152683402185932,-0.153429764074649,0.112065773863486));
#13864=CARTESIAN_POINT('',(0.145301847501501,-0.153429764074649,0.116440546111204));
#13865=CARTESIAN_POINT('',(0.148490946535918,-0.154029764074649,0.116440546111204));
#13866=CARTESIAN_POINT('',(0.151246245873078,-0.154029764074649,0.116440546111204));
#13867=CARTESIAN_POINT('',(0.151246245873078,-0.153429764074649,0.116440546111204));
#13868=CARTESIAN_POINT('',(0.142776071566638,-0.153429764074649,0.112065773863486));
#13869=CARTESIAN_POINT('',(0.139473072518518,-0.154029764074649,0.10634481169479));
#13870=CARTESIAN_POINT('',(0.142776071566638,-0.154029764074649,0.112065773863486));
#13871=CARTESIAN_POINT('',(0.142776071566638,-0.153429764074649,0.112065773863486));
#13872=CARTESIAN_POINT('',(0.13121711334539,-0.153429764074649,0.108750000000033));
#13873=CARTESIAN_POINT('',(0.136967113334005,-0.140429764021512,0.108750000000035));
#13874=CARTESIAN_POINT('',(0.120216849586504,-0.153429764074649,0.109750000034388));
#13875=CARTESIAN_POINT('',(0.120216849586504,-0.140429764021512,0.109750000034388));
#13876=CARTESIAN_POINT('',(0.147717113322618,-0.140429764021512,0.115207162959085));
#13877=CARTESIAN_POINT('',(0.13221711334539,-0.140429764021512,0.102264325918142));
#13878=CARTESIAN_POINT('',(0.13221711334539,-0.140429764021512,0.102264325918142));
#13879=CARTESIAN_POINT('',(0.13521711334539,-0.140429764021512,0.102264325918142));
#13880=CARTESIAN_POINT('',(0.13521711334539,-0.140429764021512,0.101045707387946));
#13881=CARTESIAN_POINT('',(0.13521711334539,-0.140429764021512,0.0998643259182051));
#13882=CARTESIAN_POINT('',(0.133679366992655,-0.140429764021512,0.099864325918141));
#13883=CARTESIAN_POINT('',(0.13221711334539,-0.140429764021512,0.099864325918141));
#13884=CARTESIAN_POINT('',(0.13221711334539,-0.140429764021512,0.105367590576737));
#13885=CARTESIAN_POINT('',(0.13221711334539,-0.1194459165395,0.105264325918142));
#13886=CARTESIAN_POINT('',(0.139967113334004,-0.140429764021512,0.105264325918142));
#13887=CARTESIAN_POINT('',(0.13521711334539,-0.140429764021512,0.105264325918142));
#13888=CARTESIAN_POINT('',(0.13221711334539,-0.140429764021512,0.105264325918142));
#13889=CARTESIAN_POINT('',(0.13521711334539,-0.1194459165395,0.105264325918142));
#13890=CARTESIAN_POINT('',(0.13221711334539,-0.136437840307074,0.105264325918142));
#13891=CARTESIAN_POINT('',(0.13221711334539,-0.140429764021512,0.102264325918142));
#13892=CARTESIAN_POINT('',(0.13221711334539,-0.14692976404808,0.102264325918142));
#13893=CARTESIAN_POINT('',(0.13521711334539,-0.1194459165395,0.102264325918142));
#13894=CARTESIAN_POINT('',(0.13221711334539,-0.153429764074649,0.108457197097312));
#13895=CARTESIAN_POINT('',(0.13221711334539,-0.140429764021512,0.107563561497908));
#13896=CARTESIAN_POINT('',(0.13221711334539,-0.138851336972021,0.0998643259181412));
#13897=CARTESIAN_POINT('',(0.16021711334539,-0.14087638352411,0.099864325918141));
#13898=CARTESIAN_POINT('',(0.16021711334539,-0.140939763986174,0.0998643259182136));
#13899=CARTESIAN_POINT('',(0.16321711334539,-0.147227510383147,0.0998643259181406));
#13900=CARTESIAN_POINT('',(0.160962113355729,-0.14168476400738,0.0998643259181412));
#13901=CARTESIAN_POINT('',(0.13221711334539,-0.138851336972021,0.0998643259181412));
#13902=CARTESIAN_POINT('',(0.13521711334539,-0.139789423664299,0.0998643259181411));
#13903=CARTESIAN_POINT('',(0.13521711334539,-0.140949763986174,0.0998643259182051));
#13904=CARTESIAN_POINT('',(0.134472113346817,-0.141694763995743,0.0998643259181412));
#13905=CARTESIAN_POINT('',(0.13221711334539,-0.146140550523334,0.0998643259181406));
#13906=CARTESIAN_POINT('',(0.139123165524448,-0.140429764021512,0.105691001615769));
#13907=CARTESIAN_POINT('',(0.143420139423533,-0.143429764021512,0.105691001615769));
#13908=CARTESIAN_POINT('',(0.139123165524448,-0.143429764021512,0.105691001615769));
#13909=CARTESIAN_POINT('',(0.139123165524448,-0.140429764021512,0.105691001615769));
#13910=CARTESIAN_POINT('',(0.16032318355149,-0.140429764021512,0.106690995052714));
#13911=CARTESIAN_POINT('',(0.16021711334539,-0.141179764021512,0.106690995052714));
#13912=CARTESIAN_POINT('',(0.16021711334539,-0.140429764021512,0.106690995052714));
#13913=CARTESIAN_POINT('',(0.16021711334539,-0.143429764021512,0.106690995052714));
#13914=CARTESIAN_POINT('',(0.158583402185932,-0.143429764021512,0.106690995052714));
#13915=CARTESIAN_POINT('',(0.158583402185932,-0.143429764021512,0.106690995052714));
#13916=CARTESIAN_POINT('',(0.158583402185932,-0.140429764021512,0.106690995052714));
#13917=CARTESIAN_POINT('',(0.158583402185932,-0.140429764021512,0.106690995052714));
#13918=CARTESIAN_POINT('',(0.154020148437054,-0.140429764021512,0.106690995052714));
#13919=CARTESIAN_POINT('',(0.158583402185932,-0.140429764021512,0.110590995052714));
#13920=CARTESIAN_POINT('',(0.158583402185932,-0.140429764021512,0.110590995052714));
#13921=CARTESIAN_POINT('',(0.158583402185932,-0.143429764021512,0.110590995052714));
#13922=CARTESIAN_POINT('',(0.13221711334539,-0.1194459165395,0.105264325918142));
#13923=CARTESIAN_POINT('',(0.155467113334004,-0.140429764021512,0.105264325918142));
#13924=CARTESIAN_POINT('',(0.16021711334539,-0.140429764021512,0.105264325918142));
#13925=CARTESIAN_POINT('',(0.15396711334539,-0.119429764074649,0.105264325918142));
#13926=CARTESIAN_POINT('',(0.16021711334539,-0.119429764074649,0.105264325918142));
#13927=CARTESIAN_POINT('',(0.16021711334539,-0.140429764021512,0.105264325918142));
#13928=CARTESIAN_POINT('',(0.135205387177657,-0.140429764021512,0.110590995052714));
#13929=CARTESIAN_POINT('',(0.13521711334539,-0.140429764021512,0.106691012681345));
#13930=CARTESIAN_POINT('',(0.13521711334539,-0.143429764021512,0.106691012681345));
#13931=CARTESIAN_POINT('',(0.13521711334539,-0.140429764021512,0.106691012681345));
#13932=CARTESIAN_POINT('',(0.135205387177657,-0.140429764021512,0.110590995052714));
#13933=CARTESIAN_POINT('',(0.139105361581742,-0.140429764021512,0.110605124719265));
#13934=CARTESIAN_POINT('',(0.139105361581742,-0.140429764021512,0.110605124719265));
#13935=CARTESIAN_POINT('',(0.139105361581742,-0.143429764021512,0.110605124719265));
#13936=CARTESIAN_POINT('',(0.135205387177657,-0.143429764021512,0.110590995052714));
#13937=CARTESIAN_POINT('',(0.147717113322618,-0.143429764021512,0.114132332203694));
#13938=CARTESIAN_POINT('',(0.155484297655871,-0.143429764021512,0.104674149159427));
#13939=CARTESIAN_POINT('',(0.16021711334539,-0.143429764021512,0.104691296222615));
#13940=CARTESIAN_POINT('',(0.13521711334539,-0.143429764021512,0.104600720842581));
#13941=CARTESIAN_POINT('',(0.13521711334539,-0.143429764021512,0.104600720842581));
#13942=CARTESIAN_POINT('',(0.139084834696254,-0.143429764021512,0.116270815959305));
#13943=CARTESIAN_POINT('',(0.16021711334539,-0.143429764021512,0.110054996344561));
#13944=CARTESIAN_POINT('',(0.16321711334539,-0.153429764074649,0.104702165268219));
#13945=CARTESIAN_POINT('',(0.13321711334539,-0.152429764074649,0.104593474812178));
#13946=CARTESIAN_POINT('',(0.13321711334539,-0.153429764074649,0.104593474812178));
#13947=CARTESIAN_POINT('',(0.142977246143319,-0.133189631199241,0.104628835921673));
#13948=CARTESIAN_POINT('',(0.13521711334539,-0.140949763974102,0.104600720842581));
#13949=CARTESIAN_POINT('',(0.13521711334539,-0.14692976404808,0.104600720842581));
#13950=CARTESIAN_POINT('',(0.16021711334539,-0.14692976404808,0.104691296222614));
#13951=CARTESIAN_POINT('',(0.16021711334539,-0.140939763973871,0.104691296222615));
#13952=CARTESIAN_POINT('',(0.160930945262931,-0.141653595914581,0.104693882446504));
#13953=CARTESIAN_POINT('',(0.16321711334539,-0.143939763973843,0.104702165268219));
#13954=CARTESIAN_POINT('',(0.16321711334539,-0.153429764074649,0.104702165268219));
#13955=CARTESIAN_POINT('',(0.16321711334539,-0.152429764074649,0.104702165268219));
#13956=CARTESIAN_POINT('',(0.16221711334539,-0.152429764074649,0.104698542253018));
#13957=CARTESIAN_POINT('',(0.16221711334539,-0.153429764074649,0.104698542253018));
#13958=CARTESIAN_POINT('',(0.155447750663164,-0.153429764074649,0.104674016749116));
#13959=CARTESIAN_POINT('',(0.134472113346817,-0.141694763995743,0.0966699258390155));
#13960=CARTESIAN_POINT('',(0.13521711334539,-0.140949763997169,0.0966699258390155));
#13961=CARTESIAN_POINT('',(0.13521711334539,-0.12992976404808,0.0976250251757504));
#13962=CARTESIAN_POINT('',(0.13521711334539,-0.140429764021512,0.105621275294371));
#13963=CARTESIAN_POINT('',(0.16021711334539,-0.131679764024246,0.0976250251785828));
#13964=CARTESIAN_POINT('',(0.16021711334539,-0.119429764074649,0.103014325918142));
#13965=CARTESIAN_POINT('',(0.16021711334539,-0.140939763997041,0.0874882727172665));
#13966=CARTESIAN_POINT('',(0.16021711334539,-0.140429764021512,0.106334327769071));
#13967=CARTESIAN_POINT('',(0.160962113355729,-0.14168476400738,0.0874882727172665));
#13968=CARTESIAN_POINT('',(0.16321711334539,-0.143939763997041,0.0687499997466802));
#13969=CARTESIAN_POINT('',(0.14771711334539,-0.152829764074649,0.0853882146684655));
#13970=CARTESIAN_POINT('',(0.135666946734354,-0.152829764074649,0.0773499997466802));
#13971=CARTESIAN_POINT('',(0.134766946734354,-0.152829764074649,0.0773499997466802));
#13972=CARTESIAN_POINT('',(0.135666946734354,-0.153429764074649,0.0773499997466802));
#13973=CARTESIAN_POINT('',(0.135666946734354,-0.153429764074649,0.0773499997466802));
#13974=CARTESIAN_POINT('',(0.134166946734354,-0.153429764074649,0.0773499997466802));
#13975=CARTESIAN_POINT('',(0.14771711334539,-0.152829764074649,0.0853882146684655));
#13976=CARTESIAN_POINT('',(0.159666946734354,-0.152829764074649,0.0773499997466802));
#13977=CARTESIAN_POINT('',(0.158766946734354,-0.152829764074649,0.0773499997466802));
#13978=CARTESIAN_POINT('',(0.159666946734354,-0.153429764074649,0.0773499997466802));
#13979=CARTESIAN_POINT('',(0.159666946734354,-0.153429764074649,0.0773499997466802));
#13980=CARTESIAN_POINT('',(0.158166946734354,-0.153429764074649,0.0773499997466802));
#13981=CARTESIAN_POINT('',(0.16321711334539,-0.153429764074649,0.0687499997466802));
#13982=CARTESIAN_POINT('',(0.16321711334539,-0.136429764074649,0.0781250250549569));
#13983=CARTESIAN_POINT('',(0.16321711334539,-0.119429764074649,0.104702165268219));
#13984=CARTESIAN_POINT('',(0.16321711334539,-0.153429764074649,0.0627499997466802));
#13985=CARTESIAN_POINT('',(0.16321711334539,-0.152729764074649,0.06535));
#13986=CARTESIAN_POINT('',(0.16321711334539,-0.153429764074649,0.06605));
#13987=CARTESIAN_POINT('',(0.16321711334539,-0.153429764074649,0.06425));
#13988=CARTESIAN_POINT('',(0.16321711334539,-0.153429764056937,0.0719589861536566));
#13989=CARTESIAN_POINT('',(0.16321711334539,-0.14897976404808,0.0719589861536566));
#13990=CARTESIAN_POINT('',(0.16321711334539,-0.144529764021512,0.0719589861536566));
#13991=CARTESIAN_POINT('',(0.16321711334539,-0.144529764021512,0.0709454580447366));
#13992=CARTESIAN_POINT('',(0.16321711334539,-0.144529764021512,0.073140916342793));
#13993=CARTESIAN_POINT('',(0.16321711334539,-0.153429764074649,0.073140916342793));
#13994=CARTESIAN_POINT('',(0.16321711334539,-0.152429764074649,0.073140916342793));
#13995=CARTESIAN_POINT('',(0.16321711334539,-0.152429764074649,0.0813535813528755));
#13996=CARTESIAN_POINT('',(0.13221711334539,-0.144529764021512,0.073140916342793));
#13997=CARTESIAN_POINT('',(0.16221711334539,-0.152429764074649,0.073140916342793));
#13998=CARTESIAN_POINT('',(0.16305711334539,-0.152972350473299,0.073140916342793));
#13999=CARTESIAN_POINT('',(0.16321711334539,-0.144529764021512,0.073140916342793));
#14000=CARTESIAN_POINT('',(0.16305711334539,-0.144529764021512,0.073140916342793));
#14001=CARTESIAN_POINT('',(0.16305711334539,-0.144929764074649,0.073140916342793));
#14002=CARTESIAN_POINT('',(0.13221711334539,-0.153429764021512,0.0719589861536566));
#14003=CARTESIAN_POINT('',(0.16305711334539,-0.14047976404808,0.0719589861536566));
#14004=CARTESIAN_POINT('',(0.16305711334539,-0.144529764021512,0.0719589861536566));
#14005=CARTESIAN_POINT('',(0.16305711334539,-0.153429764074649,0.0719589861536566));
#14006=CARTESIAN_POINT('',(0.16321711334539,-0.144529764021512,0.0719589861536566));
#14007=CARTESIAN_POINT('',(0.155467113334004,-0.153429764074649,0.0719589861536567));
#14008=CARTESIAN_POINT('',(0.13221711334539,-0.144529764021512,0.0719589861536566));
#14009=CARTESIAN_POINT('',(0.16305711334539,-0.144529764021512,0.072550916342793));
#14010=CARTESIAN_POINT('',(0.16246711334539,-0.144529764021512,0.072550916342793));
#14011=CARTESIAN_POINT('',(0.16305711334539,-0.144529764021512,0.0725489861536566));
#14012=CARTESIAN_POINT('',(0.16246711334539,-0.144529764021512,0.0725489861536566));
#14013=CARTESIAN_POINT('',(0.16246711334539,-0.144529764021512,0.0799334994251214));
#14014=CARTESIAN_POINT('',(0.13221711334539,-0.144529764021512,0.0719589861536566));
#14015=CARTESIAN_POINT('',(0.13237711334539,-0.144529764021512,0.0725489861536566));
#14016=CARTESIAN_POINT('',(0.13237711334539,-0.144529764021512,0.0719589861536566));
#14017=CARTESIAN_POINT('',(0.13296711334539,-0.144529764021512,0.0725489861536566));
#14018=CARTESIAN_POINT('',(0.13221711334539,-0.144529764021512,0.0719589861536566));
#14019=CARTESIAN_POINT('',(0.13221711334539,-0.144529764021512,0.073140916342793));
#14020=CARTESIAN_POINT('',(0.13237711334539,-0.144529764021512,0.073140916342793));
#14021=CARTESIAN_POINT('',(0.13237711334539,-0.144529764021512,0.072550916342793));
#14022=CARTESIAN_POINT('',(0.13296711334539,-0.144529764021512,0.072550916342793));
#14023=CARTESIAN_POINT('',(0.13296711334539,-0.144529764021512,0.0719589861536566));
#14024=CARTESIAN_POINT('',(0.13221711334539,-0.153429764021512,0.0719589861536566));
#14025=CARTESIAN_POINT('',(0.13237711334539,-0.14492976404808,0.0719589861536566));
#14026=CARTESIAN_POINT('',(0.13237711334539,-0.153429764074649,0.0719589861536566));
#14027=CARTESIAN_POINT('',(0.139967113334004,-0.153429764074649,0.0719589861536566));
#14028=CARTESIAN_POINT('',(0.13237711334539,-0.14492976404808,0.0725489861536566));
#14029=CARTESIAN_POINT('',(0.132403404240083,-0.15330711151003,0.0725456912125419));
#14030=CARTESIAN_POINT('',(0.13296711334539,-0.153428771372463,0.0725489861536566));
#14031=CARTESIAN_POINT('',(0.132962342582599,-0.153429764074649,0.0724741079865106));
#14032=CARTESIAN_POINT('',(0.13237711334539,-0.153429764074649,0.0725489861536566));
#14033=CARTESIAN_POINT('',(0.13296711334539,-0.14492976404808,0.0725489861536566));
#14034=CARTESIAN_POINT('',(0.16305711334539,-0.144929764074649,0.072550916342793));
#14035=CARTESIAN_POINT('',(0.16246711334539,-0.153428717161682,0.072550916342793));
#14036=CARTESIAN_POINT('',(0.16246711334539,-0.153423341419148,0.0727407786590272));
#14037=CARTESIAN_POINT('',(0.162657787672331,-0.153369145925886,0.0730770371345235));
#14038=CARTESIAN_POINT('',(0.162958150729244,-0.153125558511263,0.073140916342793));
#14039=CARTESIAN_POINT('',(0.16305711334539,-0.152972350473299,0.073140916342793));
#14040=CARTESIAN_POINT('',(0.16246711334539,-0.153428717161682,0.072550916342793));
#14041=CARTESIAN_POINT('',(0.16246711334539,-0.144929764074649,0.072550916342793));
#14042=CARTESIAN_POINT('',(0.16246711334539,-0.136429764074649,0.0867260825074497));
#14043=CARTESIAN_POINT('',(0.16246711334539,-0.153428744156972,0.0725499512482248));
#14044=CARTESIAN_POINT('',(0.16246711334539,-0.153428771152263,0.0725489861536566));
#14045=CARTESIAN_POINT('',(0.16246711334539,-0.14047976404808,0.0725489861536566));
#14046=CARTESIAN_POINT('',(0.16305711334539,-0.14047976404808,0.0725489861536566));
#14047=CARTESIAN_POINT('',(0.163030822450675,-0.153307111510047,0.0725456912125335));
#14048=CARTESIAN_POINT('',(0.162471884108181,-0.153429764074649,0.0724741079865105));
#14049=CARTESIAN_POINT('',(0.16305711334539,-0.153429764074649,0.0725489861536566));
#14050=CARTESIAN_POINT('',(0.16321711334539,-0.152429764074648,0.0731409163427928));
#14051=CARTESIAN_POINT('',(0.16321711334539,-0.153429764074649,0.073140916342793));
#14052=CARTESIAN_POINT('',(0.16221711334539,-0.153429764074649,0.073140916342793));
#14053=CARTESIAN_POINT('',(0.16221711334539,-0.152429764074649,0.073140916342793));
#14054=CARTESIAN_POINT('',(0.16221711334539,-0.152429764074649,0.0813535813528755));
#14055=CARTESIAN_POINT('',(0.16221711334539,-0.153429764074649,0.0813535813528755));
#14056=CARTESIAN_POINT('',(0.13296711334539,-0.136429764074649,0.0866699257718286));
#14057=CARTESIAN_POINT('',(0.13296711334539,-0.153428744156972,0.0725499512482248));
#14058=CARTESIAN_POINT('',(0.13296711334539,-0.153428717161682,0.072550916342793));
#14059=CARTESIAN_POINT('',(0.13296711334539,-0.14047976404808,0.072550916342793));
#14060=CARTESIAN_POINT('',(0.13237711334539,-0.14047976404808,0.072550916342793));
#14061=CARTESIAN_POINT('',(0.13237711334539,-0.152972350473299,0.073140916342793));
#14062=CARTESIAN_POINT('',(0.13247612078205,-0.153125627899716,0.073140916342793));
#14063=CARTESIAN_POINT('',(0.132775082053184,-0.153368328500161,0.0730778966104569));
#14064=CARTESIAN_POINT('',(0.13296711334539,-0.153423328817653,0.0727412237229519));
#14065=CARTESIAN_POINT('',(0.13296711334539,-0.153428717161682,0.0725509163427932));
#14066=CARTESIAN_POINT('',(0.13237711334539,-0.152972350473299,0.073140916342793));
#14067=CARTESIAN_POINT('',(0.13237711334539,-0.14047976404808,0.073140916342793));
#14068=CARTESIAN_POINT('',(0.13221711334539,-0.144529764021512,0.073140916342793));
#14069=CARTESIAN_POINT('',(0.13321711334539,-0.152429764074649,0.073140916342793));
#14070=CARTESIAN_POINT('',(0.132217113345391,-0.152429764074649,0.073140916342793));
#14071=CARTESIAN_POINT('',(0.13321711334539,-0.152429764074649,0.073140916342793));
#14072=CARTESIAN_POINT('',(0.13321711334539,-0.153429764074649,0.073140916342793));
#14073=CARTESIAN_POINT('',(0.13221711334539,-0.153429764074649,0.073140916342793));
#14074=CARTESIAN_POINT('',(0.13321711334539,-0.152429764074649,0.101207180028191));
#14075=CARTESIAN_POINT('',(0.13321711334539,-0.153429764074649,0.101207180028191));
#14076=CARTESIAN_POINT('',(0.14728331362536,-0.153429764074649,0.116440546111204));
#14077=CARTESIAN_POINT('',(0.142469743344326,-0.154029764074649,0.108103197818649));
#14078=CARTESIAN_POINT('',(0.144757537690497,-0.154029764074649,0.112065773863486));
#14079=CARTESIAN_POINT('',(0.144757537690497,-0.153429764074649,0.112065773863486));
#14080=CARTESIAN_POINT('',(0.144757537690497,-0.153429764074649,0.112065773863486));
#14081=CARTESIAN_POINT('',(0.146237325506557,-0.154029764074649,0.112065773863486));
#14082=CARTESIAN_POINT('',(0.146237325506557,-0.154229764074649,0.111865773863486));
#14083=CARTESIAN_POINT('',(0.142083251243611,-0.154429764074649,0.111665773863486));
#14084=CARTESIAN_POINT('',(0.144988477798173,-0.154429764074649,0.111665773863486));
#14085=CARTESIAN_POINT('',(0.139299867437761,-0.154229764074649,0.10644481169479));
#14086=CARTESIAN_POINT('',(0.145070907393825,-0.154429764074649,0.116840546111204));
#14087=CARTESIAN_POINT('',(0.146509480412059,-0.154229764074649,0.116640546111204));
#14088=CARTESIAN_POINT('',(0.147976133948388,-0.154429764074649,0.116840546111204));
#14089=CARTESIAN_POINT('',(0.142642948425083,-0.154229764074649,0.108003197818649));
#14090=CARTESIAN_POINT('',(0.151246245873078,-0.153429764074649,0.116440546111204));
#14091=CARTESIAN_POINT('',(0.145937309061079,-0.154029764074649,0.107245197818649));
#14092=CARTESIAN_POINT('',(0.146194694003352,-0.154029764074649,0.107691001615769));
#14093=CARTESIAN_POINT('',(0.146194694003352,-0.153429764074649,0.107691001615769));
#14094=CARTESIAN_POINT('',(0.146194694003352,-0.153429764074649,0.107691001615769));
#14095=CARTESIAN_POINT('',(0.146955903662985,-0.154029764074649,0.107691001615769));
#14096=CARTESIAN_POINT('',(0.146955903662985,-0.154229764074649,0.107491001615769));
#14097=CARTESIAN_POINT('',(0.143520407556465,-0.154429764074649,0.107291001615769));
#14098=CARTESIAN_POINT('',(0.146425634111027,-0.154429764074649,0.107291001615769));
#14099=CARTESIAN_POINT('',(0.141504545187082,-0.154229764074649,0.103399425570931));
#14100=CARTESIAN_POINT('',(0.149033839641543,-0.154429764074649,0.116840546111204));
#14101=CARTESIAN_POINT('',(0.146509480412059,-0.154229764074649,0.116640546111204));
#14102=CARTESIAN_POINT('',(0.151939066196105,-0.154429764074649,0.116840546111204));
#14103=CARTESIAN_POINT('',(0.146110514141836,-0.154229764074649,0.107145197818649));
#14104=CARTESIAN_POINT('',(0.152683402185932,-0.153429764074649,0.112065773863486));
#14105=CARTESIAN_POINT('',(0.1481419868104,-0.154029764074649,0.10419981169479));
#14106=CARTESIAN_POINT('',(0.150157626251069,-0.154029764074649,0.107691001615769));
#14107=CARTESIAN_POINT('',(0.150157626251069,-0.153429764074649,0.107691001615769));
#14108=CARTESIAN_POINT('',(0.146194694003352,-0.153429764074649,0.107691001615769));
#14109=CARTESIAN_POINT('',(0.148937369786844,-0.154029764074649,0.107691001615769));
#14110=CARTESIAN_POINT('',(0.146955903662985,-0.154229764074649,0.107491001615769));
#14111=CARTESIAN_POINT('',(0.147483339804183,-0.154429764074649,0.107291001615769));
#14112=CARTESIAN_POINT('',(0.150388566358745,-0.154429764074649,0.107291001615769));
#14113=CARTESIAN_POINT('',(0.144972110903835,-0.154229764074649,0.102541425570931));
#14114=CARTESIAN_POINT('',(0.150470995954398,-0.154429764074649,0.112465773863486));
#14115=CARTESIAN_POINT('',(0.149209524692346,-0.154229764074649,0.112265773863486));
#14116=CARTESIAN_POINT('',(0.15337622250896,-0.154429764074649,0.112465773863486));
#14117=CARTESIAN_POINT('',(0.148315191891157,-0.154229764074649,0.10409981169479));
#14118=CARTESIAN_POINT('',(0.147717113322618,-0.153429764074649,0.0939571629590709));
#14119=CARTESIAN_POINT('',(0.139967113334004,-0.153429764074649,0.06605));
#14120=CARTESIAN_POINT('',(0.139967113334004,-0.152929764074649,0.06555));
#14121=CARTESIAN_POINT('',(0.147717113322618,-0.145429764021512,0.114464325918142));
#14122=CARTESIAN_POINT('',(0.135176836487267,-0.145429764021512,0.120214325918142));
#14123=CARTESIAN_POINT('',(0.132826836487267,-0.145429764021512,0.120214325918142));
#14124=CARTESIAN_POINT('',(0.147717113322618,-0.145429764021512,0.114464325918142));
#14125=CARTESIAN_POINT('',(0.160176836487266,-0.145429764021512,0.120214450222804));
#14126=CARTESIAN_POINT('',(0.157826836487266,-0.145429764021512,0.120214450222804));
#14127=CARTESIAN_POINT('',(0.160176836487266,-0.140429764021512,0.120214450222804));
#14128=CARTESIAN_POINT('',(0.160176836487266,-0.140829764021512,0.120214450222804));
#14129=CARTESIAN_POINT('',(0.157826836487266,-0.140829764021512,0.120214450222804));
#14130=CARTESIAN_POINT('',(0.160176836487266,-0.140629764021512,0.120214450222804));
#14131=CARTESIAN_POINT('',(0.160176836487266,-0.140429764021512,0.120214450222804));
#14132=CARTESIAN_POINT('',(0.157426836487266,-0.140429764021512,0.120214450222804));
#14133=CARTESIAN_POINT('',(0.135176836487267,-0.140429764021512,0.120214325918142));
#14134=CARTESIAN_POINT('',(0.135176836487267,-0.140829764021512,0.120214325918142));
#14135=CARTESIAN_POINT('',(0.132826836487267,-0.140829764021512,0.120214325918142));
#14136=CARTESIAN_POINT('',(0.135176836487267,-0.140629764021512,0.120214325918142));
#14137=CARTESIAN_POINT('',(0.135176836487267,-0.140429764021512,0.120214325918142));
#14138=CARTESIAN_POINT('',(0.132426836487267,-0.140429764021512,0.120214325918142));
#14139=CARTESIAN_POINT('',(0.139076973730931,-0.140429764021512,0.118440546111204));
#14140=CARTESIAN_POINT('',(0.139080859766897,-0.140429764021512,0.117367948909564));
#14141=CARTESIAN_POINT('',(0.139080859766897,-0.140429764021512,0.117367948909564));
#14142=CARTESIAN_POINT('',(0.139080802942828,-0.145259899502878,0.117367948453721));
#14143=CARTESIAN_POINT('',(0.139082887657728,-0.140429764021512,0.11680822428285));
#14144=CARTESIAN_POINT('',(0.139082887657728,-0.140429764021512,0.11680822428285));
#14145=CARTESIAN_POINT('',(0.139102610984258,-0.140429764021512,0.111364325918141));
#14146=CARTESIAN_POINT('',(0.139102610984258,-0.141429764021512,0.111364325918141));
#14147=CARTESIAN_POINT('',(0.139102597858105,-0.140429768396882,0.111367948909564));
#14148=CARTESIAN_POINT('',(0.139102597858105,-0.140429764021512,0.111367948909564));
#14149=CARTESIAN_POINT('',(0.139102541030607,-0.145263392475221,0.111367948953712));
#14150=CARTESIAN_POINT('',(0.1391025978572,-0.145263392466638,0.111367949159562));
#14151=CARTESIAN_POINT('',(0.139095351827401,-0.145262228142577,0.113367948992906));
#14152=CARTESIAN_POINT('',(0.139088105797602,-0.145261063818516,0.11536794882625));
#14153=CARTESIAN_POINT('',(0.139080859767803,-0.145259899494455,0.117367948659594));
#14154=CARTESIAN_POINT('',(0.139084495908251,-0.140429764021512,0.116364325918141));
#14155=CARTESIAN_POINT('',(0.138080866329952,-0.140429764021512,0.116364325918141));
#14156=CARTESIAN_POINT('',(0.138080866329952,-0.144218161584839,0.116364325918141));
#14157=CARTESIAN_POINT('',(0.138080866329952,-0.141429764021512,0.116364325918141));
#14158=CARTESIAN_POINT('',(0.13961326354441,-0.139453711236501,0.116364325918141));
#14159=CARTESIAN_POINT('',(0.135014512867488,-0.141429689817684,0.116364325941064));
#14160=CARTESIAN_POINT('',(0.143400804615434,-0.141429764021512,0.116364325918141));
#14161=CARTESIAN_POINT('',(0.139613118789873,-0.139452962904423,0.114385096468867));
#14162=CARTESIAN_POINT('',(0.138338462879554,-0.144293564918019,0.116363720456251));
#14163=CARTESIAN_POINT('',(0.138342467202445,-0.144294141277142,0.115030588905111));
#14164=CARTESIAN_POINT('',(0.138346472898819,-0.144294712421758,0.113697457355842));
#14165=CARTESIAN_POINT('',(0.138350479955414,-0.144295278348391,0.112364325808447));
#14166=CARTESIAN_POINT('',(0.138350506422778,-0.144295180569926,0.112364022179881));
#14167=CARTESIAN_POINT('',(0.138338483857158,-0.144293481797251,0.116364023168335));
#14168=CARTESIAN_POINT('',(0.138350481781186,-0.144295278606285,0.112363718480392));
#14169=CARTESIAN_POINT('',(0.138350512479834,-0.144295282942515,0.112353506826125));
#14170=CARTESIAN_POINT('',(0.138350543178561,-0.144295287278439,0.112343295171858));
#14171=CARTESIAN_POINT('',(0.138350573877369,-0.144295291614057,0.112333083517592));
#14172=CARTESIAN_POINT('',(0.138350613706338,-0.144295138812557,0.112333083572447));
#14173=CARTESIAN_POINT('',(0.138102561386086,-0.144223777761437,0.112364325917215));
#14174=CARTESIAN_POINT('',(0.138185818901749,-0.144250132347176,0.112364329500208));
#14175=CARTESIAN_POINT('',(0.138268529017549,-0.144273913530321,0.112354094488157));
#14176=CARTESIAN_POINT('',(0.138350576191726,-0.144295292220781,0.112333093176569));
#14177=CARTESIAN_POINT('',(0.138102604417177,-0.144223641820698,0.112364325918141));
#14178=CARTESIAN_POINT('',(0.139612970997151,-0.139452198865962,0.112364325918141));
#14179=CARTESIAN_POINT('',(0.135014891029324,-0.141429743627655,0.112364325936995));
#14180=CARTESIAN_POINT('',(0.134887294508652,-0.141100607292752,0.112308601221171));
#14181=CARTESIAN_POINT('',(0.134925072593129,-0.14120891483406,0.112346355206563));
#14182=CARTESIAN_POINT('',(0.134967558007832,-0.141318746076403,0.112364307354771));
#14183=CARTESIAN_POINT('',(0.13501523269277,-0.141429596684865,0.11236432590414));
#14184=CARTESIAN_POINT('',(0.134887002310095,-0.141100699836115,0.112308628825276));
#14185=CARTESIAN_POINT('',(0.13488728857899,-0.141100590302874,0.112308655923869));
#14186=CARTESIAN_POINT('',(0.134887238879053,-0.141100678638206,0.113679101823873));
#14187=CARTESIAN_POINT('',(0.134887189237756,-0.141100766953083,0.11504954772388));
#14188=CARTESIAN_POINT('',(0.134887139655106,-0.141100855247521,0.11641999362389));
#14189=CARTESIAN_POINT('',(0.134886790537391,-0.141100785692277,0.116420008314734));
#14190=CARTESIAN_POINT('',(0.135014852421085,-0.141429543919235,0.116364325942363));
#14191=CARTESIAN_POINT('',(0.134967240312217,-0.141318734911186,0.116364350331679));
#14192=CARTESIAN_POINT('',(0.134924809930058,-0.141208949347301,0.116382295112031));
#14193=CARTESIAN_POINT('',(0.134887081726773,-0.141100689027796,0.116420022127769));
#14194=CARTESIAN_POINT('',(0.13833836201484,-0.144293550666576,0.116398046469812));
#14195=CARTESIAN_POINT('',(0.138253238687066,-0.144271119390113,0.116375362669982));
#14196=CARTESIAN_POINT('',(0.1381673501438,-0.14424609021428,0.116364323076449));
#14197=CARTESIAN_POINT('',(0.138080833478118,-0.144218263726131,0.116364325918681));
#14198=CARTESIAN_POINT('',(0.138338396069624,-0.144293412255265,0.116398055546155));
#14199=CARTESIAN_POINT('',(0.138338359764618,-0.144293550077063,0.116398055496696));
#14200=CARTESIAN_POINT('',(0.138338393530057,-0.144293554937179,0.116386812270825));
#14201=CARTESIAN_POINT('',(0.138338427295594,-0.144293559796925,0.116375569044953));
#14202=CARTESIAN_POINT('',(0.138338461061228,-0.1442935646563,0.116364325819082));
#14203=CARTESIAN_POINT('',(0.147717113322618,-0.140429764021512,0.115207162959085));
#14204=CARTESIAN_POINT('',(0.143400804615434,-0.140429764021512,0.117364325918141));
#14205=CARTESIAN_POINT('',(0.133942167957912,-0.140429807710667,0.117364325668139));
#14206=CARTESIAN_POINT('',(0.139080870705351,-0.140429764021512,0.117364325918141));
#14207=CARTESIAN_POINT('',(0.133942167941089,-0.140429764021512,0.117364325668138));
#14208=CARTESIAN_POINT('',(0.133942283126063,-0.140429764021512,0.115364325834805));
#14209=CARTESIAN_POINT('',(0.133942398311037,-0.140429764021512,0.113364326001472));
#14210=CARTESIAN_POINT('',(0.133942513496011,-0.140429764021512,0.111364326168138));
#14211=CARTESIAN_POINT('',(0.13394251351325,-0.140429807707462,0.111364326168139));
#14212=CARTESIAN_POINT('',(0.141210669096375,-0.140429764021512,0.111364325918141));
#14213=CARTESIAN_POINT('',(0.134552126119121,-0.140429764021512,0.111364325918141));
#14214=CARTESIAN_POINT('',(0.135217113192775,-0.140429764021512,0.109799783751284));
#14215=CARTESIAN_POINT('',(0.135882100266429,-0.140429764021512,0.111364325918141));
#14216=CARTESIAN_POINT('',(0.141210669096375,-0.140429764021512,0.111364325918141));
#14217=CARTESIAN_POINT('',(0.138080866329952,-0.140429764021512,0.117364325918141));
#14218=CARTESIAN_POINT('',(0.135217113192775,-0.148429764074649,0.109799783751284));
#14219=CARTESIAN_POINT('',(0.135882100266429,-0.140429764021512,0.111364325918141));
#14220=CARTESIAN_POINT('',(0.135459721375199,-0.140429764021512,0.111543852241434));
#14221=CARTESIAN_POINT('',(0.134974436852219,-0.140429764021512,0.11154382327176));
#14222=CARTESIAN_POINT('',(0.134552126119121,-0.140429764021512,0.111364325918141));
#14223=CARTESIAN_POINT('',(0.134704224870133,-0.140429764021512,0.112364325918141));
#14224=CARTESIAN_POINT('',(0.13810260442116,-0.140429764021512,0.112364325918141));
#14225=CARTESIAN_POINT('',(0.13810260442116,-0.141429764021512,0.112364325918141));
#14226=CARTESIAN_POINT('',(0.141210669096375,-0.141429764021512,0.112364325918141));
#14227=CARTESIAN_POINT('',(0.143400804615434,-0.141429764021512,0.117364325918141));
#14228=CARTESIAN_POINT('',(0.13488652625275,-0.141100686494537,0.116420023010574));
#14229=CARTESIAN_POINT('',(0.134854121482427,-0.141007708080063,0.116452424802893));
#14230=CARTESIAN_POINT('',(0.134754764692186,-0.140819766486917,0.116551360273015));
#14231=CARTESIAN_POINT('',(0.134571759503176,-0.140641968086736,0.116734512093801));
#14232=CARTESIAN_POINT('',(0.134416686222578,-0.140546013649822,0.11688954004231));
#14233=CARTESIAN_POINT('',(0.134307662105247,-0.140498152719018,0.116998657548249));
#14234=CARTESIAN_POINT('',(0.134215395117077,-0.140465309365142,0.117090335815628));
#14235=CARTESIAN_POINT('',(0.134073935595567,-0.140429764035575,0.117232566020044));
#14236=CARTESIAN_POINT('',(0.133942168047812,-0.140429764021512,0.11736432581141));
#14237=CARTESIAN_POINT('',(0.138080866329952,-0.141429764021512,0.117364325918141));
#14238=CARTESIAN_POINT('',(0.13810260442116,-0.140429764021512,0.111364325918141));
#14239=CARTESIAN_POINT('',(0.13810260442116,-0.141429764021512,0.111364325918141));
#14240=CARTESIAN_POINT('',(0.138350653566155,-0.144294986015391,0.11233307336803));
#14241=CARTESIAN_POINT('',(0.138457148089552,-0.144322655851068,0.11230580529576));
#14242=CARTESIAN_POINT('',(0.138612407344053,-0.144388704449179,0.112240874182529));
#14243=CARTESIAN_POINT('',(0.138809069502013,-0.144550834354444,0.112078894778781));
#14244=CARTESIAN_POINT('',(0.138901271487171,-0.144659509500103,0.111970969331037));
#14245=CARTESIAN_POINT('',(0.138974789182976,-0.144769668980944,0.111861077749771));
#14246=CARTESIAN_POINT('',(0.139028421569097,-0.144886083840614,0.111744698276838));
#14247=CARTESIAN_POINT('',(0.139062747784096,-0.144978813725061,0.111652693082723));
#14248=CARTESIAN_POINT('',(0.139102092223273,-0.145123752041803,0.111507507074986));
#14249=CARTESIAN_POINT('',(0.139102597857755,-0.145263392370157,0.111367949006134));
#14250=CARTESIAN_POINT('',(0.141210669096375,-0.141429764021512,0.111364325918141));
#14251=CARTESIAN_POINT('',(0.133942513602917,-0.140429764021512,0.111364326025039));
#14252=CARTESIAN_POINT('',(0.134068073410478,-0.140429764034935,0.111489892904839));
#14253=CARTESIAN_POINT('',(0.134226532590964,-0.140462310349777,0.111650788234018));
#14254=CARTESIAN_POINT('',(0.134397652525911,-0.140538503434053,0.111820397727657));
#14255=CARTESIAN_POINT('',(0.134466708812252,-0.140573679836694,0.111888509755235));
#14256=CARTESIAN_POINT('',(0.134633298273345,-0.140697713043533,0.112055165872984));
#14257=CARTESIAN_POINT('',(0.134773888897576,-0.140858885404628,0.112196130901329));
#14258=CARTESIAN_POINT('',(0.134853106628029,-0.141004076684742,0.112274970454692));
#14259=CARTESIAN_POINT('',(0.134886790106476,-0.141100764180189,0.112308655894584));
#14260=CARTESIAN_POINT('',(0.133941507098165,-0.141430938750752,0.114364325126234));
#14261=CARTESIAN_POINT('',(0.138090438686046,-0.145262646882375,0.114364322134382));
#14262=CARTESIAN_POINT('',(0.13833840331828,-0.144293384485543,0.116398065173408));
#14263=CARTESIAN_POINT('',(0.13844495960467,-0.144321499426893,0.116426476216622));
#14264=CARTESIAN_POINT('',(0.138658443131602,-0.144412069420358,0.116518751545289));
#14265=CARTESIAN_POINT('',(0.138927668590633,-0.144694477389738,0.116801872443707));
#14266=CARTESIAN_POINT('',(0.139006110020437,-0.144868946694208,0.116973576502715));
#14267=CARTESIAN_POINT('',(0.1390588023585,-0.145027050981109,0.117135075961885));
#14268=CARTESIAN_POINT('',(0.139080970424034,-0.145174495283172,0.11728249465305));
#14269=CARTESIAN_POINT('',(0.139080746117276,-0.145259899482807,0.117367948372878));
#14270=CARTESIAN_POINT('',(0.138080866329952,-0.140429764021512,0.117364325918141));
#14271=CARTESIAN_POINT('',(0.16321711334539,-0.153429764074649,0.0687499997466802));
#14272=CARTESIAN_POINT('',(0.16321711334539,-0.136429764074649,0.0781250250549569));
#14273=CARTESIAN_POINT('',(0.16321711334539,-0.136429764074649,0.0875000503553896));
#14274=CARTESIAN_POINT('',(0.16321711334539,-0.119429764074649,0.104702165268219));
#14275=CARTESIAN_POINT('',(0.16321711334539,-0.119429764074649,0.0875000503553896));
#14276=CARTESIAN_POINT('',(0.16321711334539,-0.153429764074649,0.0875000503514676));
#14277=CARTESIAN_POINT('',(0.13421711334539,-0.119429764074649,0.0759999999115169));
#14278=CARTESIAN_POINT('',(0.16396711334539,-0.137179764074649,0.0759999999115167));
#14279=CARTESIAN_POINT('',(0.147717113322618,-0.119429764074649,0.0939571629590709));
#14280=CARTESIAN_POINT('',(0.16221711334539,-0.119429764074649,0.0865000503514676));
#14281=CARTESIAN_POINT('',(0.16221711334539,-0.119429764074649,0.0875000503514676));
#14282=CARTESIAN_POINT('',(0.16121711334539,-0.119429764074649,0.0865000503514676));
#14283=CARTESIAN_POINT('',(0.16221711334539,-0.119429764074649,0.0875000503514676));
#14284=CARTESIAN_POINT('',(0.155467113334004,-0.119429764074649,0.0865000503514677));
#14285=CARTESIAN_POINT('',(0.16221711334539,-0.119429764074649,0.0865000503514676));
#14286=CARTESIAN_POINT('',(0.16221711334539,-0.119429764074649,0.0913535814162137));
#14287=CARTESIAN_POINT('',(0.16221711334539,-0.119429764074649,0.0779999998565149));
#14288=CARTESIAN_POINT('',(0.155467113334004,-0.119429764074649,0.077999999856515));
#14289=CARTESIAN_POINT('',(0.16121711334539,-0.119429764074649,0.0865000503514676));
#14290=CARTESIAN_POINT('',(0.16221711334539,-0.136429764074649,0.0887499998733566));
#14291=CARTESIAN_POINT('',(0.16221711334539,-0.135429764074649,0.0878750251153536));
#14292=CARTESIAN_POINT('',(0.16221711334539,-0.135429764074649,0.077999999856515));
#14293=CARTESIAN_POINT('',(0.16221711334539,-0.135429764074649,0.0865000503514676));
#14294=CARTESIAN_POINT('',(0.16221711334539,-0.135429764074649,0.0779999998565149));
#14295=CARTESIAN_POINT('',(0.16221711334539,-0.119429764074649,0.0865000503514676));
#14296=CARTESIAN_POINT('',(0.16321711334539,-0.119429764074649,0.0779999998565149));
#14297=CARTESIAN_POINT('',(0.15846711334539,-0.131679764074649,0.077999999856515));
#14298=CARTESIAN_POINT('',(0.16321711334539,-0.135429764074649,0.0865000503514676));
#14299=CARTESIAN_POINT('',(0.16246711334539,-0.135679764074649,0.0865000503514676));
#14300=CARTESIAN_POINT('',(0.16121711334539,-0.119429764074649,0.0865000503514676));
#14301=CARTESIAN_POINT('',(0.16121711334539,-0.126929764074649,0.0865000503514676));
#14302=CARTESIAN_POINT('',(0.16121711334539,-0.134429764074649,0.0865000503514676));
#14303=CARTESIAN_POINT('',(0.16121711334539,-0.134429764074649,0.0870000503573505));
#14304=CARTESIAN_POINT('',(0.132217113353455,-0.136429764074649,0.0875000503514679));
#14305=CARTESIAN_POINT('',(0.13221711334539,-0.136429764074649,0.0865000503514679));
#14306=CARTESIAN_POINT('',(0.13221711334539,-0.135429764074649,0.0865000503514679));
#14307=CARTESIAN_POINT('',(0.13221711334539,-0.136429764074649,0.0865000503514679));
#14308=CARTESIAN_POINT('',(0.13321711334539,-0.119429764074649,0.0779999999115169));
#14309=CARTESIAN_POINT('',(0.13321711334539,-0.134429764074649,0.0769999999115169));
#14310=CARTESIAN_POINT('',(0.13321711334539,-0.134429764074649,0.0865000503514679));
#14311=CARTESIAN_POINT('',(0.13321711334539,-0.135429764074649,0.0865000503514679));
#14312=CARTESIAN_POINT('',(0.13321711334539,-0.136429764074649,0.0769999999115169));
#14313=CARTESIAN_POINT('',(0.13321711334539,-0.134429764074649,0.0769999999115169));
#14314=CARTESIAN_POINT('',(0.13221711334539,-0.153429764074649,0.108457197097312));
#14315=CARTESIAN_POINT('',(0.13221711334539,-0.144429764074649,0.0875000503514679));
#14316=CARTESIAN_POINT('',(0.13221711334539,-0.134429764074649,0.0875000503514679));
#14317=CARTESIAN_POINT('',(0.13221711334539,-0.134429764074649,0.0875000503514679));
#14318=CARTESIAN_POINT('',(0.13221711334539,-0.127429764074649,0.0865000503514679));
#14319=CARTESIAN_POINT('',(0.13221711334539,-0.134429764074649,0.0865000503514679));
#14320=CARTESIAN_POINT('',(0.13221711334539,-0.153429764074649,0.108457197097312));
#14321=CARTESIAN_POINT('',(0.13221711334539,-0.135429764074649,0.0769999999115169));
#14322=CARTESIAN_POINT('',(0.13271711334539,-0.134929764074649,0.0769999999115169));
#14323=CARTESIAN_POINT('',(0.13221711334539,-0.135429764074649,0.0865000503514679));
#14324=CARTESIAN_POINT('',(0.13221711334539,-0.134429764074649,0.0865000503514679));
#14325=CARTESIAN_POINT('',(0.16221711334539,-0.135429764074649,0.0870000503573505));
#14326=CARTESIAN_POINT('',(0.16221711334539,-0.135429764074649,0.0865000503514676));
#14327=CARTESIAN_POINT('',(0.16221711334539,-0.135429764074649,0.0875000503514676));
#14328=CARTESIAN_POINT('',(0.16196711334539,-0.135179764074649,0.0875000503514676));
#14329=CARTESIAN_POINT('',(0.16221711334539,-0.134429764074649,0.0875000503514676));
#14330=CARTESIAN_POINT('',(0.16221711334539,-0.126929764074649,0.0875000503514676));
#14331=CARTESIAN_POINT('',(0.16221711334539,-0.126929764074649,0.0865000503514676));
#14332=CARTESIAN_POINT('',(0.147117113172331,-0.144929764141748,0.122664326392096));
#14333=CARTESIAN_POINT('',(0.145496658192201,-0.142257446367838,0.122664326392096));
#14334=CARTESIAN_POINT('',(0.144011283579383,-0.142257446366106,0.122664325918142));
#14335=CARTESIAN_POINT('',(0.145496658192201,-0.142257446366106,0.122664325918142));
#14336=CARTESIAN_POINT('',(0.142800799898619,-0.142402125725958,0.122664325918142));
#14337=CARTESIAN_POINT('',(0.143176966085901,-0.142257446366106,0.122664325918142));
#14338=CARTESIAN_POINT('',(0.144011283579383,-0.142257446366106,0.122664325918142));
#14339=CARTESIAN_POINT('',(0.142800799898619,-0.142402125725958,0.122664325918142));
#14340=CARTESIAN_POINT('',(0.141918255951854,-0.143202684553807,0.122664325918142));
#14341=CARTESIAN_POINT('',(0.142279954351485,-0.142604676236414,0.122664325918142));
#14342=CARTESIAN_POINT('',(0.142800799898619,-0.142402125725958,0.122664325918142));
#14343=CARTESIAN_POINT('',(0.141918255951854,-0.143202684553807,0.122664325918142));
#14344=CARTESIAN_POINT('',(0.141551735203563,-0.144905078206403,0.122664325918142));
#14345=CARTESIAN_POINT('',(0.141551735203563,-0.143795869780867,0.122664325918142));
#14346=CARTESIAN_POINT('',(0.141918255951854,-0.143202684553807,0.122664325918142));
#14347=CARTESIAN_POINT('',(0.141551735203563,-0.144905078206403,0.122664325918142));
#14348=CARTESIAN_POINT('',(0.141739818668039,-0.14626988668601,0.122664325918142));
#14349=CARTESIAN_POINT('',(0.141551735203563,-0.145705637034251,0.122664325918142));
#14350=CARTESIAN_POINT('',(0.141551735203563,-0.144905078206403,0.122664325918142));
#14351=CARTESIAN_POINT('',(0.141739818668039,-0.14626988668601,0.122664325918142));
#14352=CARTESIAN_POINT('',(0.142255841866514,-0.147162076071767,0.122664325918142));
#14353=CARTESIAN_POINT('',(0.141923079783857,-0.146829313247438,0.122664325918142));
#14354=CARTESIAN_POINT('',(0.141739818668039,-0.14626988668601,0.122664325918142));
#14355=CARTESIAN_POINT('',(0.142255841866514,-0.147162076071767,0.122664325918142));
#14356=CARTESIAN_POINT('',(0.142892431198199,-0.147528596820058,0.122664325918142));
#14357=CARTESIAN_POINT('',(0.142492151784275,-0.147398385247857,0.122664325918142));
#14358=CARTESIAN_POINT('',(0.142255841866514,-0.147162076071767,0.122664325918142));
#14359=CARTESIAN_POINT('',(0.142892431198199,-0.147528596820058,0.122664325918142));
#14360=CARTESIAN_POINT('',(0.143987171836084,-0.14765880839226,0.122664325918142));
#14361=CARTESIAN_POINT('',(0.143287888263464,-0.14765880839226,0.122664325918142));
#14362=CARTESIAN_POINT('',(0.142892431198199,-0.147528596820058,0.122664325918142));
#14363=CARTESIAN_POINT('',(0.143987171836084,-0.14765880839226,0.122664325918142));
#14364=CARTESIAN_POINT('',(0.146567397203325,-0.14765880765232,0.122664326392096));
#14365=CARTESIAN_POINT('',(0.145496659675544,-0.14765880839226,0.122664325918142));
#14366=CARTESIAN_POINT('',(0.145496658935604,-0.14765880839226,0.122664326392096));
#14367=CARTESIAN_POINT('',(0.145496658192201,-0.142257446367838,0.122664325918142));
#14368=CARTESIAN_POINT('',(0.145496658935604,-0.142257446367838,0.122664325918142));
#14369=CARTESIAN_POINT('',(0.144011283579383,-0.142257446366106,0.122664325918142));
#14370=CARTESIAN_POINT('',(0.144011283556864,-0.142257446366106,0.122664325918142));
#14371=CARTESIAN_POINT('',(0.14401128356033,-0.142257446369569,0.123664325918142));
#14372=CARTESIAN_POINT('',(0.143455071897423,-0.142257446367408,0.122664325918142));
#14373=CARTESIAN_POINT('',(0.143455071900889,-0.142257446370871,0.123664325918142));
#14374=CARTESIAN_POINT('',(0.14305157734073,-0.142305672822209,0.122664325918142));
#14375=CARTESIAN_POINT('',(0.143051577344197,-0.142305672825672,0.123664325918142));
#14376=CARTESIAN_POINT('',(0.142800799886785,-0.142402125730509,0.122664325918142));
#14377=CARTESIAN_POINT('',(0.142800799890252,-0.142402125733972,0.123664325918142));
#14378=CARTESIAN_POINT('',(0.142800799898619,-0.142402125725958,0.122664325918142));
#14379=CARTESIAN_POINT('',(0.142800799898622,-0.142402125725957,0.122664325918142));
#14380=CARTESIAN_POINT('',(0.142800799902085,-0.142402125729421,0.123664325918142));
#14381=CARTESIAN_POINT('',(0.142453569534064,-0.142537159399516,0.122664325918142));
#14382=CARTESIAN_POINT('',(0.142453569537527,-0.14253715940298,0.123664325918142));
#14383=CARTESIAN_POINT('',(0.142159388218613,-0.142804012341905,0.122664325918142));
#14384=CARTESIAN_POINT('',(0.142159388222076,-0.142804012345369,0.123664325918142));
#14385=CARTESIAN_POINT('',(0.141918255952269,-0.143202684553121,0.122664325918142));
#14386=CARTESIAN_POINT('',(0.141918255955732,-0.143202684556585,0.123664325918142));
#14387=CARTESIAN_POINT('',(0.141918255951854,-0.143202684553807,0.122664325918142));
#14388=CARTESIAN_POINT('',(0.141918255954376,-0.143202684549725,0.122664325918142));
#14389=CARTESIAN_POINT('',(0.14191825595784,-0.143202684553188,0.123664325918142));
#14390=CARTESIAN_POINT('',(0.1416739087883,-0.14359814136611,0.122664325918142));
#14391=CARTESIAN_POINT('',(0.141673908791764,-0.143598141369573,0.123664325918142));
#14392=CARTESIAN_POINT('',(0.141551735204695,-0.144165605914909,0.122664325918142));
#14393=CARTESIAN_POINT('',(0.141551735208159,-0.144165605918372,0.123664325918142));
#14394=CARTESIAN_POINT('',(0.141551735203563,-0.144905078196122,0.122664325918142));
#14395=CARTESIAN_POINT('',(0.141551735207027,-0.144905078199585,0.123664325918142));
#14396=CARTESIAN_POINT('',(0.141551735203563,-0.144905078206403,0.122664325918142));
#14397=CARTESIAN_POINT('',(0.141551735203563,-0.144905078207708,0.122664325918142));
#14398=CARTESIAN_POINT('',(0.141551735207027,-0.144905078211169,0.123664325918142));
#14399=CARTESIAN_POINT('',(0.141551735203665,-0.145438784094012,0.122664325918142));
#14400=CARTESIAN_POINT('',(0.141551735207129,-0.145438784097473,0.123664325918142));
#14401=CARTESIAN_POINT('',(0.141614429692208,-0.145893720254599,0.122664325918142));
#14402=CARTESIAN_POINT('',(0.141614429695672,-0.14589372025806,0.123664325918142));
#14403=CARTESIAN_POINT('',(0.141739818669192,-0.146269886689469,0.122664325918142));
#14404=CARTESIAN_POINT('',(0.141739818672656,-0.14626988669293,0.123664325918142));
#14405=CARTESIAN_POINT('',(0.141739818668039,-0.14626988668601,0.122664325918142));
#14406=CARTESIAN_POINT('',(0.141739818668175,-0.146269886686426,0.122664325918142));
#14407=CARTESIAN_POINT('',(0.141739818671641,-0.146269886689892,0.123664325918142));
#14408=CARTESIAN_POINT('',(0.141861992745575,-0.146642837727783,0.122664325918142));
#14409=CARTESIAN_POINT('',(0.141861992749041,-0.146642837731248,0.123664325918142));
#14410=CARTESIAN_POINT('',(0.142034000478711,-0.14694023418992,0.122664325918142));
#14411=CARTESIAN_POINT('',(0.142034000482177,-0.146940234193385,0.123664325918142));
#14412=CARTESIAN_POINT('',(0.142255841867584,-0.147162076072837,0.122664325918142));
#14413=CARTESIAN_POINT('',(0.142255841871049,-0.147162076076303,0.123664325918142));
#14414=CARTESIAN_POINT('',(0.142255841866514,-0.147162076071767,0.122664325918142));
#14415=CARTESIAN_POINT('',(0.142255841865383,-0.147162076070636,0.122664325918142));
#14416=CARTESIAN_POINT('',(0.142255841868846,-0.147162076074099,0.123664325918142));
#14417=CARTESIAN_POINT('',(0.142413381810609,-0.147319615521845,0.122664325918142));
#14418=CARTESIAN_POINT('',(0.142413381814072,-0.147319615525309,0.123664325918142));
#14419=CARTESIAN_POINT('',(0.142625578254774,-0.147441789104951,0.122664325918142));
#14420=CARTESIAN_POINT('',(0.142625578258237,-0.147441789108414,0.123664325918142));
#14421=CARTESIAN_POINT('',(0.142892431197878,-0.147528596819953,0.122664325918142));
#14422=CARTESIAN_POINT('',(0.142892431201341,-0.147528596823417,0.123664325918142));
#14423=CARTESIAN_POINT('',(0.142892431198199,-0.147528596820058,0.122664325918142));
#14424=CARTESIAN_POINT('',(0.142892431190642,-0.14752859681757,0.122664325918142));
#14425=CARTESIAN_POINT('',(0.142892431194104,-0.147528596821033,0.123664325918142));
#14426=CARTESIAN_POINT('',(0.143156069233435,-0.147615404533602,0.122664325918142));
#14427=CARTESIAN_POINT('',(0.143156069236897,-0.147615404537065,0.123664325918142));
#14428=CARTESIAN_POINT('',(0.143520982779618,-0.147658808391832,0.122664325918142));
#14429=CARTESIAN_POINT('',(0.14352098278308,-0.147658808395295,0.123664325918142));
#14430=CARTESIAN_POINT('',(0.143987171829189,-0.14765880839226,0.122664325918142));
#14431=CARTESIAN_POINT('',(0.143987171832651,-0.147658808395723,0.123664325918142));
#14432=CARTESIAN_POINT('',(0.143987171836084,-0.14765880839226,0.122664325918142));
#14433=CARTESIAN_POINT('',(0.146567397203325,-0.14765880765232,0.122664325918142));
#14434=CARTESIAN_POINT('',(0.145496658935604,-0.14765880765232,0.122664325918142));
#14435=CARTESIAN_POINT('',(0.145496658935604,-0.14765880839226,0.122664325918142));
#14436=CARTESIAN_POINT('',(0.147117113172331,-0.144929764141748,0.122664326392096));
#14437=CARTESIAN_POINT('',(0.146567397205057,-0.145228193366726,0.122664326392096));
#14438=CARTESIAN_POINT('',(0.146567397203325,-0.144393877356588,0.122664325918142));
#14439=CARTESIAN_POINT('',(0.146567396461653,-0.142257445624434,0.122664325918142));
#14440=CARTESIAN_POINT('',(0.146567397203325,-0.14439387735832,0.122664326392096));
#14441=CARTESIAN_POINT('',(0.148096175179095,-0.144393877356588,0.122664325918142));
#14442=CARTESIAN_POINT('',(0.148988364564852,-0.144311892237671,0.122664325918142));
#14443=CARTESIAN_POINT('',(0.148718296723129,-0.144393877356588,0.122664325918142));
#14444=CARTESIAN_POINT('',(0.148096175179095,-0.144393877356588,0.122664325918142));
#14445=CARTESIAN_POINT('',(0.148988364564852,-0.144311892237671,0.122664325918142));
#14446=CARTESIAN_POINT('',(0.149523677899637,-0.143959839277031,0.122664325918142));
#14447=CARTESIAN_POINT('',(0.149345240615823,-0.144205793892111,0.122664325918142));
#14448=CARTESIAN_POINT('',(0.148988364564852,-0.144311892237671,0.122664325918142));
#14449=CARTESIAN_POINT('',(0.149523677899637,-0.143959839277031,0.122664325918142));
#14450=CARTESIAN_POINT('',(0.149706939015454,-0.143342540823328,0.122664325918142));
#14451=CARTESIAN_POINT('',(0.149706939015454,-0.14371388466195,0.122664325918142));
#14452=CARTESIAN_POINT('',(0.149523677899637,-0.143959839277031,0.122664325918142));
#14453=CARTESIAN_POINT('',(0.149706939015454,-0.143342540823328,0.122664325918142));
#14454=CARTESIAN_POINT('',(0.14953814642896,-0.142725242369625,0.122664325918142));
#14455=CARTESIAN_POINT('',(0.149706939015454,-0.142990487862688,0.122664325918142));
#14456=CARTESIAN_POINT('',(0.149706939015454,-0.143342540823328,0.122664325918142));
#14457=CARTESIAN_POINT('',(0.149538148701343,-0.142725240967949,0.122664325916672));
#14458=CARTESIAN_POINT('',(0.148824057843973,-0.143165714199971,0.12266432591615));
#14459=CARTESIAN_POINT('',(0.149055881896118,-0.142358721621334,0.122664325918142));
#14460=CARTESIAN_POINT('',(0.147980431394544,-0.142257445624434,0.122664325918142));
#14461=CARTESIAN_POINT('',(0.148742409949771,-0.142257445624434,0.122664325918142));
#14462=CARTESIAN_POINT('',(0.149055881896118,-0.142358721621334,0.122664325918142));
#14463=CARTESIAN_POINT('',(0.147980431394544,-0.142257445624434,0.122664325918142));
#14464=CARTESIAN_POINT('',(0.145496658192201,-0.142257446367838,0.122664326392096));
#14465=CARTESIAN_POINT('',(0.146567397205057,-0.145228193366726,0.122664325918142));
#14466=CARTESIAN_POINT('',(0.146567397205057,-0.142257446367838,0.122664325918142));
#14467=CARTESIAN_POINT('',(0.146567397203325,-0.144393877356588,0.122664325918142));
#14468=CARTESIAN_POINT('',(0.146567397203325,-0.14439387735832,0.122664325918142));
#14469=CARTESIAN_POINT('',(0.148096175179095,-0.144393877356588,0.122664325918142));
#14470=CARTESIAN_POINT('',(0.148096175199025,-0.144393877356588,0.122664325918142));
#14471=CARTESIAN_POINT('',(0.148096175202486,-0.144393877360052,0.123664325918142));
#14472=CARTESIAN_POINT('',(0.148510922895705,-0.144393877355713,0.122664325918142));
#14473=CARTESIAN_POINT('',(0.148510922899165,-0.144393877359176,0.123664325918142));
#14474=CARTESIAN_POINT('',(0.148808319355781,-0.144366548981283,0.122664325918142));
#14475=CARTESIAN_POINT('',(0.148808319359242,-0.144366548984747,0.123664325918142));
#14476=CARTESIAN_POINT('',(0.148988364579255,-0.144311892233299,0.122664325918142));
#14477=CARTESIAN_POINT('',(0.148988364582716,-0.144311892236763,0.123664325918142));
#14478=CARTESIAN_POINT('',(0.148988364564852,-0.144311892237671,0.122664325918142));
#14479=CARTESIAN_POINT('',(0.148988364565142,-0.144311892237585,0.122664325918142));
#14480=CARTESIAN_POINT('',(0.148988364568607,-0.144311892241047,0.123664325918142));
#14481=CARTESIAN_POINT('',(0.149226281932312,-0.144241160007202,0.122664325918142));
#14482=CARTESIAN_POINT('',(0.149226281935778,-0.144241160010665,0.123664325918142));
#14483=CARTESIAN_POINT('',(0.149404719710478,-0.14412380902035,0.122664325918142));
#14484=CARTESIAN_POINT('',(0.149404719713943,-0.144123809023812,0.123664325918142));
#14485=CARTESIAN_POINT('',(0.149523677899639,-0.143959839277028,0.122664325918142));
#14486=CARTESIAN_POINT('',(0.149523677903104,-0.143959839280491,0.123664325918142));
#14487=CARTESIAN_POINT('',(0.149523677899637,-0.143959839277031,0.122664325918142));
#14488=CARTESIAN_POINT('',(0.149523677899635,-0.143959839277034,0.122664325918142));
#14489=CARTESIAN_POINT('',(0.1495236779031,-0.143959839280497,0.123664325918142));
#14490=CARTESIAN_POINT('',(0.149645851976808,-0.1437958695337,0.122664325918142));
#14491=CARTESIAN_POINT('',(0.149645851980273,-0.143795869537163,0.123664325918142));
#14492=CARTESIAN_POINT('',(0.149706939015414,-0.143590103382546,0.122664325918142));
#14493=CARTESIAN_POINT('',(0.149706939018879,-0.143590103386009,0.123664325918142));
#14494=CARTESIAN_POINT('',(0.149706939015454,-0.143342540823571,0.122664325918142));
#14495=CARTESIAN_POINT('',(0.149706939018919,-0.143342540827034,0.123664325918142));
#14496=CARTESIAN_POINT('',(0.149706939015454,-0.143342540823328,0.122664325918142));
#14497=CARTESIAN_POINT('',(0.149706939015454,-0.14334254082329,0.122664325917407));
#14498=CARTESIAN_POINT('',(0.149706939018919,-0.143342540826756,0.123664325918142));
#14499=CARTESIAN_POINT('',(0.149706939015448,-0.1431078388213,0.122664325917407));
#14500=CARTESIAN_POINT('',(0.149706939018913,-0.143107838824765,0.123664325918142));
#14501=CARTESIAN_POINT('',(0.149650674806408,-0.142902072648797,0.122664325917407));
#14502=CARTESIAN_POINT('',(0.149650674809873,-0.142902072652263,0.123664325918142));
#14503=CARTESIAN_POINT('',(0.149538146388332,-0.142725242305782,0.122664325917407));
#14504=CARTESIAN_POINT('',(0.149538146391797,-0.142725242309247,0.123664325918142));
#14505=CARTESIAN_POINT('',(0.14953814642896,-0.142725242369625,0.122664325918142));
#14506=CARTESIAN_POINT('',(0.148824057845705,-0.143165714201703,0.123164325918117));
#14507=CARTESIAN_POINT('',(0.149055712072724,-0.142359312801652,0.123664325918141));
#14508=CARTESIAN_POINT('',(0.14905571207157,-0.142359312800497,0.123330992584807));
#14509=CARTESIAN_POINT('',(0.149055712070415,-0.142359312799343,0.122997659251474));
#14510=CARTESIAN_POINT('',(0.14905571206926,-0.142359312798188,0.122664325918141));
#14511=CARTESIAN_POINT('',(0.14905590107753,-0.142358727818663,0.122664325918142));
#14512=CARTESIAN_POINT('',(0.149055901080994,-0.142358727822127,0.123664325918142));
#14513=CARTESIAN_POINT('',(0.148846922537481,-0.142291206357351,0.122664325918142));
#14514=CARTESIAN_POINT('',(0.148846922540945,-0.142291206360815,0.123664325918142));
#14515=CARTESIAN_POINT('',(0.14848843265377,-0.142257445625708,0.122664325918142));
#14516=CARTESIAN_POINT('',(0.148488432657234,-0.142257445629172,0.123664325918142));
#14517=CARTESIAN_POINT('',(0.147980431423297,-0.142257445624434,0.122664325918142));
#14518=CARTESIAN_POINT('',(0.147980431426761,-0.142257445627898,0.123664325918142));
#14519=CARTESIAN_POINT('',(0.147980431394544,-0.142257445624434,0.122664325918142));
#14520=CARTESIAN_POINT('',(0.145496658192201,-0.142257446367838,0.122664325918142));
#14521=CARTESIAN_POINT('',(0.147117113172331,-0.144929764141748,0.122664326392096));
#14522=CARTESIAN_POINT('',(0.146567397205057,-0.145228193366726,0.122664326392096));
#14523=CARTESIAN_POINT('',(0.146567397203325,-0.147658807650588,0.122664325918142));
#14524=CARTESIAN_POINT('',(0.146567397203325,-0.145228193366726,0.122664325918142));
#14525=CARTESIAN_POINT('',(0.146567397203325,-0.14765880765232,0.122664326392096));
#14526=CARTESIAN_POINT('',(0.148327662748196,-0.147658807650588,0.122664325918142));
#14527=CARTESIAN_POINT('',(0.14896425133821,-0.147625048984955,0.122664325918142));
#14528=CARTESIAN_POINT('',(0.148780991705736,-0.147658807650588,0.122664325918142));
#14529=CARTESIAN_POINT('',(0.148327662748196,-0.147658807650588,0.122664325918142));
#14530=CARTESIAN_POINT('',(0.14896425133821,-0.147625048984955,0.122664325918142));
#14531=CARTESIAN_POINT('',(0.149504387021655,-0.147432143171818,0.122664325918142));
#14532=CARTESIAN_POINT('',(0.149287367981876,-0.14756717709268,0.122664325918142));
#14533=CARTESIAN_POINT('',(0.14896425133821,-0.147625048984955,0.122664325918142));
#14534=CARTESIAN_POINT('',(0.149504387021655,-0.147432143171818,0.122664325918142));
#14535=CARTESIAN_POINT('',(0.149861263072626,-0.147041508455214,0.122664325918142));
#14536=CARTESIAN_POINT('',(0.149721406061434,-0.147297109250957,0.122664325918142));
#14537=CARTESIAN_POINT('',(0.149504387021655,-0.147432143171818,0.122664325918142));
#14538=CARTESIAN_POINT('',(0.149861263072626,-0.147041508455214,0.122664325918142));
#14539=CARTESIAN_POINT('',(0.150001120083819,-0.146443500137821,0.122664325918142));
#14540=CARTESIAN_POINT('',(0.150001120083819,-0.146781085310811,0.122664325918142));
#14541=CARTESIAN_POINT('',(0.149861263072626,-0.147041508455214,0.122664325918142));
#14542=CARTESIAN_POINT('',(0.150001120083819,-0.146443500137821,0.122664325918142));
#14543=CARTESIAN_POINT('',(0.149798569573363,-0.145758684352852,0.122664325918142));
#14544=CARTESIAN_POINT('',(0.150001120083819,-0.146048043072557,0.122664325918142));
#14545=CARTESIAN_POINT('',(0.150001120083819,-0.146443500137821,0.122664325918142));
#14546=CARTESIAN_POINT('',(0.149798569573363,-0.145758684352852,0.122664325918142));
#14547=CARTESIAN_POINT('',(0.149234320663276,-0.145348759499937,0.122664325918142));
#14548=CARTESIAN_POINT('',(0.149596019062907,-0.145464503284487,0.122664325918142));
#14549=CARTESIAN_POINT('',(0.149798569573363,-0.145758684352852,0.122664325918142));
#14550=CARTESIAN_POINT('',(0.149234320663276,-0.145348759499937,0.122664325918142));
#14551=CARTESIAN_POINT('',(0.148202274266326,-0.145228193366726,0.122664325918142));
#14552=CARTESIAN_POINT('',(0.148877444612304,-0.145228193366726,0.122664325918142));
#14553=CARTESIAN_POINT('',(0.149234320663276,-0.145348759499937,0.122664325918142));
#14554=CARTESIAN_POINT('',(0.148202274266326,-0.145228193366726,0.122664325918142));
#14555=CARTESIAN_POINT('',(0.148202274266326,-0.145228193368458,0.122664326392096));
#14556=CARTESIAN_POINT('',(0.146567397205057,-0.145228193366726,0.122664325918142));
#14557=CARTESIAN_POINT('',(0.146567397203325,-0.145228193366726,0.122664325918142));
#14558=CARTESIAN_POINT('',(0.146567397203325,-0.147658807650588,0.122664325918142));
#14559=CARTESIAN_POINT('',(0.146567397203325,-0.14765880765232,0.122664325918142));
#14560=CARTESIAN_POINT('',(0.148327662748196,-0.147658807650588,0.122664325918142));
#14561=CARTESIAN_POINT('',(0.148327662766874,-0.147658807650588,0.122664325918142));
#14562=CARTESIAN_POINT('',(0.148327662770338,-0.147658807654052,0.123664325918142));
#14563=CARTESIAN_POINT('',(0.148629882077689,-0.147658807650124,0.122664325918142));
#14564=CARTESIAN_POINT('',(0.148629882081153,-0.147658807653588,0.123664325918142));
#14565=CARTESIAN_POINT('',(0.14884207827449,-0.147647554760409,0.122664325918142));
#14566=CARTESIAN_POINT('',(0.148842078277954,-0.147647554763873,0.123664325918142));
#14567=CARTESIAN_POINT('',(0.148964251357279,-0.147625048981442,0.122664325918142));
#14568=CARTESIAN_POINT('',(0.148964251360742,-0.147625048984906,0.123664325918142));
#14569=CARTESIAN_POINT('',(0.14896425133821,-0.147625048984955,0.122664325918142));
#14570=CARTESIAN_POINT('',(0.148964251338502,-0.147625048984903,0.122664325918142));
#14571=CARTESIAN_POINT('',(0.148964251341966,-0.147625048988367,0.123664325918142));
#14572=CARTESIAN_POINT('',(0.14917966243522,-0.147586467723188,0.122664325918142));
#14573=CARTESIAN_POINT('',(0.149179662438684,-0.147586467726652,0.123664325918142));
#14574=CARTESIAN_POINT('',(0.149359707663656,-0.147522165785046,0.122664325918142));
#14575=CARTESIAN_POINT('',(0.14935970766712,-0.14752216578851,0.123664325918142));
#14576=CARTESIAN_POINT('',(0.149504387023809,-0.147432143170477,0.122664325918142));
#14577=CARTESIAN_POINT('',(0.149504387027273,-0.147432143173941,0.123664325918142));
#14578=CARTESIAN_POINT('',(0.149504387021655,-0.147432143171818,0.122664325918142));
#14579=CARTESIAN_POINT('',(0.149504387021653,-0.147432143171819,0.122664325918142));
#14580=CARTESIAN_POINT('',(0.149504387025118,-0.147432143175283,0.123664325918142));
#14581=CARTESIAN_POINT('',(0.149649066381495,-0.147342120557918,0.122664325918142));
#14582=CARTESIAN_POINT('',(0.14964906638496,-0.147342120561382,0.123664325918142));
#14583=CARTESIAN_POINT('',(0.149768025065146,-0.14721190898573,0.122664325918142));
#14584=CARTESIAN_POINT('',(0.149768025068611,-0.147211908989193,0.123664325918142));
#14585=CARTESIAN_POINT('',(0.149861263072605,-0.147041508455252,0.122664325918142));
#14586=CARTESIAN_POINT('',(0.14986126307607,-0.147041508458716,0.123664325918142));
#14587=CARTESIAN_POINT('',(0.149861263072626,-0.147041508455214,0.122664325918142));
#14588=CARTESIAN_POINT('',(0.14986126307259,-0.147041508455281,0.122664325918142));
#14589=CARTESIAN_POINT('',(0.149861263076054,-0.147041508458746,0.123664325918142));
#14590=CARTESIAN_POINT('',(0.149954501080069,-0.146867893025675,0.122664325918142));
#14591=CARTESIAN_POINT('',(0.149954501083533,-0.14686789302914,0.123664325918142));
#14592=CARTESIAN_POINT('',(0.150001120083812,-0.146668556919872,0.122664325918142));
#14593=CARTESIAN_POINT('',(0.150001120087276,-0.146668556923337,0.123664325918142));
#14594=CARTESIAN_POINT('',(0.150001120083819,-0.14644350013787,0.122664325918142));
#14595=CARTESIAN_POINT('',(0.150001120087283,-0.146443500141335,0.123664325918142));
#14596=CARTESIAN_POINT('',(0.150001120083819,-0.146443500137821,0.122664325918142));
#14597=CARTESIAN_POINT('',(0.150001120083819,-0.146443500137773,0.122664325918142));
#14598=CARTESIAN_POINT('',(0.150001120087283,-0.146443500141237,0.123664325918142));
#14599=CARTESIAN_POINT('',(0.150001120083811,-0.146179862094283,0.122664325918142));
#14600=CARTESIAN_POINT('',(0.150001120087275,-0.146179862097747,0.123664325918142));
#14601=CARTESIAN_POINT('',(0.149933603246992,-0.145951590165975,0.122664325918142));
#14602=CARTESIAN_POINT('',(0.149933603250456,-0.145951590169439,0.123664325918142));
#14603=CARTESIAN_POINT('',(0.149798569573361,-0.145758684352849,0.122664325918142));
#14604=CARTESIAN_POINT('',(0.149798569576825,-0.145758684356313,0.123664325918142));
#14605=CARTESIAN_POINT('',(0.149798569573363,-0.145758684352852,0.122664325918142));
#14606=CARTESIAN_POINT('',(0.149798569573365,-0.145758684352855,0.122664325918142));
#14607=CARTESIAN_POINT('',(0.149798569576828,-0.145758684356318,0.123664325918142));
#14608=CARTESIAN_POINT('',(0.149663535899729,-0.145562563640612,0.122664325918142));
#14609=CARTESIAN_POINT('',(0.149663535903192,-0.145562563644075,0.123664325918142));
#14610=CARTESIAN_POINT('',(0.149475452929702,-0.145425922022974,0.122664325918142));
#14611=CARTESIAN_POINT('',(0.149475452933165,-0.145425922026436,0.123664325918142));
#14612=CARTESIAN_POINT('',(0.149234320663284,-0.145348759499939,0.122664325918142));
#14613=CARTESIAN_POINT('',(0.149234320666747,-0.145348759503402,0.123664325918142));
#14614=CARTESIAN_POINT('',(0.149234320663276,-0.145348759499937,0.122664325918142));
#14615=CARTESIAN_POINT('',(0.149234320672145,-0.145348759502933,0.122664325918142));
#14616=CARTESIAN_POINT('',(0.149234320675611,-0.145348759506397,0.123664325918142));
#14617=CARTESIAN_POINT('',(0.148996403306187,-0.145268382079361,0.122664325918142));
#14618=CARTESIAN_POINT('',(0.148996403309654,-0.145268382082825,0.123664325918142));
#14619=CARTESIAN_POINT('',(0.148652387840752,-0.145228193367292,0.122664325918142));
#14620=CARTESIAN_POINT('',(0.148652387844219,-0.145228193370756,0.123664325918142));
#14621=CARTESIAN_POINT('',(0.14820227427584,-0.145228193366726,0.122664325918142));
#14622=CARTESIAN_POINT('',(0.148202274279307,-0.14522819337019,0.123664325918142));
#14623=CARTESIAN_POINT('',(0.148202274266326,-0.145228193366726,0.122664325918142));
#14624=CARTESIAN_POINT('',(0.148202274266326,-0.145228193368458,0.122664325918142));
#14625=CARTESIAN_POINT('',(0.147117113172331,-0.144929764141748,0.122664326392096));
#14626=CARTESIAN_POINT('',(0.151008768452237,-0.146490225447813,0.122664325918142));
#14627=CARTESIAN_POINT('',(0.15100876993558,-0.145882573174773,0.122664325918142));
#14628=CARTESIAN_POINT('',(0.151409050091176,-0.145477470670518,0.122664325918142));
#14629=CARTESIAN_POINT('',(0.151008768452237,-0.146490225447813,0.122664325918142));
#14630=CARTESIAN_POINT('',(0.151409050091176,-0.145477470670518,0.122664325918142));
#14631=CARTESIAN_POINT('',(0.152595683958735,-0.146485559333982,0.122664325915749));
#14632=CARTESIAN_POINT('',(0.151182590248528,-0.147208693814874,0.122664325918142));
#14633=CARTESIAN_POINT('',(0.152313566620073,-0.146632934868965,0.122664325919909));
#14634=CARTESIAN_POINT('',(0.151708201993766,-0.1477486600823,0.122664325918142));
#14635=CARTESIAN_POINT('',(0.152441933546416,-0.146406683494148,0.122664325923491));
#14636=CARTESIAN_POINT('',(0.152455562050762,-0.147937019046338,0.122664325918142));
#14637=CARTESIAN_POINT('',(0.153482786099052,-0.147536739632414,0.122664325918142));
#14638=CARTESIAN_POINT('',(0.153077683594796,-0.147937019046338,0.122664325918142));
#14639=CARTESIAN_POINT('',(0.152455562050762,-0.147937019046338,0.122664325918142));
#14640=CARTESIAN_POINT('',(0.153482786099052,-0.147536739632414,0.122664325918142));
#14641=CARTESIAN_POINT('',(0.153887888603307,-0.146519161764787,0.122664325918142));
#14642=CARTESIAN_POINT('',(0.153887888603307,-0.14713646021849,0.122664325918142));
#14643=CARTESIAN_POINT('',(0.153482786099052,-0.147536739632414,0.122664325918142));
#14644=CARTESIAN_POINT('',(0.153887888603307,-0.146519161764787,0.122664325918142));
#14645=CARTESIAN_POINT('',(0.153468319053072,-0.145482293019177,0.122664325918142));
#14646=CARTESIAN_POINT('',(0.153887888603307,-0.145892217872093,0.122664325918142));
#14647=CARTESIAN_POINT('',(0.153887888603307,-0.146519161764787,0.122664325918142));
#14648=CARTESIAN_POINT('',(0.153468319053072,-0.145482293019177,0.122664325918142));
#14649=CARTESIAN_POINT('',(0.152426627958803,-0.145072368166262,0.122664325918142));
#14650=CARTESIAN_POINT('',(0.153053571851497,-0.145072368166262,0.122664325918142));
#14651=CARTESIAN_POINT('',(0.153468319053072,-0.145482293019177,0.122664325918142));
#14652=CARTESIAN_POINT('',(0.152426627958803,-0.145072368166262,0.122664325918142));
#14653=CARTESIAN_POINT('',(0.151409050091176,-0.145477470670518,0.122664325918142));
#14654=CARTESIAN_POINT('',(0.151814152595432,-0.145072368166262,0.122664325918142));
#14655=CARTESIAN_POINT('',(0.152426627958803,-0.145072368166262,0.122664325918142));
#14656=CARTESIAN_POINT('',(0.151409050091179,-0.145477470670515,0.122664325918142));
#14657=CARTESIAN_POINT('',(0.151409050094643,-0.145477470673978,0.123664325918142));
#14658=CARTESIAN_POINT('',(0.151142196654114,-0.145747539006686,0.122664325918142));
#14659=CARTESIAN_POINT('',(0.151142196657577,-0.145747539010149,0.123664325918142));
#14660=CARTESIAN_POINT('',(0.151008769441133,-0.146085123932452,0.122664325918142));
#14661=CARTESIAN_POINT('',(0.151008769444597,-0.146085123935915,0.123664325918142));
#14662=CARTESIAN_POINT('',(0.151008768452237,-0.146490225447814,0.122664325918142));
#14663=CARTESIAN_POINT('',(0.151008768455701,-0.146490225451277,0.123664325918142));
#14664=CARTESIAN_POINT('',(0.151409050091176,-0.145477470670518,0.122664325918142));
#14665=CARTESIAN_POINT('',(0.151008520463282,-0.146490226176992,0.122664325918143));
#14666=CARTESIAN_POINT('',(0.151008520464437,-0.146490226178146,0.122997659251476));
#14667=CARTESIAN_POINT('',(0.151008520465591,-0.146490226179301,0.123330992584809));
#14668=CARTESIAN_POINT('',(0.151008520466746,-0.146490226180455,0.123664325918143));
#14669=CARTESIAN_POINT('',(0.152595683960467,-0.146485559335713,0.123164325918012));
#14670=CARTESIAN_POINT('',(0.151182771935332,-0.147208601068643,0.123664325918141));
#14671=CARTESIAN_POINT('',(0.151182771934177,-0.147208601067489,0.123330992584808));
#14672=CARTESIAN_POINT('',(0.151182771933022,-0.147208601066334,0.122997659251475));
#14673=CARTESIAN_POINT('',(0.151182771931867,-0.14720860106518,0.122664325918141));
#14674=CARTESIAN_POINT('',(0.152313566621805,-0.146632934870696,0.123164325918129));
#14675=CARTESIAN_POINT('',(0.151708236750805,-0.14774859587185,0.123664325918142));
#14676=CARTESIAN_POINT('',(0.15170823674965,-0.147748595870696,0.123330992584809));
#14677=CARTESIAN_POINT('',(0.151708236748495,-0.147748595869542,0.122997659251476));
#14678=CARTESIAN_POINT('',(0.15170823674734,-0.147748595868388,0.122664325918142));
#14679=CARTESIAN_POINT('',(0.15244193354711,-0.146406683494841,0.122864325920971));
#14680=CARTESIAN_POINT('',(0.152455554411492,-0.14793616085236,0.123664325918145));
#14681=CARTESIAN_POINT('',(0.152455554410337,-0.147936160851205,0.123330992584812));
#14682=CARTESIAN_POINT('',(0.152455554409183,-0.14793616085005,0.122997659251478));
#14683=CARTESIAN_POINT('',(0.152455554408028,-0.147936160848895,0.122664325918145));
#14684=CARTESIAN_POINT('',(0.152455562050762,-0.147937019046338,0.122664325918142));
#14685=CARTESIAN_POINT('',(0.152455562054225,-0.147937019049802,0.123664325918142));
#14686=CARTESIAN_POINT('',(0.152870309746787,-0.147937019046338,0.122664325918142));
#14687=CARTESIAN_POINT('',(0.15287030975025,-0.147937019049802,0.123664325918142));
#14688=CARTESIAN_POINT('',(0.153212717762884,-0.147803592575029,0.122664325918142));
#14689=CARTESIAN_POINT('',(0.153212717766347,-0.147803592578493,0.123664325918142));
#14690=CARTESIAN_POINT('',(0.153482786099056,-0.147536739632411,0.122664325918142));
#14691=CARTESIAN_POINT('',(0.153482786102519,-0.147536739635874,0.123664325918142));
#14692=CARTESIAN_POINT('',(0.153482786099052,-0.147536739632414,0.122664325918142));
#14693=CARTESIAN_POINT('',(0.153482786099048,-0.147536739632418,0.122664325918142));
#14694=CARTESIAN_POINT('',(0.153482786102512,-0.147536739635881,0.123664325918142));
#14695=CARTESIAN_POINT('',(0.153752854435211,-0.147269886689811,0.122664325918142));
#14696=CARTESIAN_POINT('',(0.153752854438675,-0.147269886693274,0.123664325918142));
#14697=CARTESIAN_POINT('',(0.153887888603297,-0.146930694067283,0.122664325918142));
#14698=CARTESIAN_POINT('',(0.153887888606761,-0.146930694070746,0.123664325918142));
#14699=CARTESIAN_POINT('',(0.153887888603307,-0.146519161764834,0.122664325918142));
#14700=CARTESIAN_POINT('',(0.153887888606771,-0.146519161768297,0.123664325918142));
#14701=CARTESIAN_POINT('',(0.153887888603307,-0.146519161764787,0.122664325918142));
#14702=CARTESIAN_POINT('',(0.153887888603307,-0.146519161764759,0.122664325918142));
#14703=CARTESIAN_POINT('',(0.153887888606771,-0.146519161768223,0.123664325918142));
#14704=CARTESIAN_POINT('',(0.153887888603301,-0.14610119916964,0.122664325918142));
#14705=CARTESIAN_POINT('',(0.153887888606765,-0.146101199173104,0.123664325918142));
#14706=CARTESIAN_POINT('',(0.153748032086555,-0.145755576254445,0.122664325918142));
#14707=CARTESIAN_POINT('',(0.153748032090019,-0.145755576257909,0.123664325918142));
#14708=CARTESIAN_POINT('',(0.153468319053069,-0.145482293019174,0.122664325918142));
#14709=CARTESIAN_POINT('',(0.153468319056533,-0.145482293022638,0.123664325918142));
#14710=CARTESIAN_POINT('',(0.153468319053072,-0.145482293019177,0.122664325918142));
#14711=CARTESIAN_POINT('',(0.153468319053076,-0.14548229301918,0.122664325918142));
#14712=CARTESIAN_POINT('',(0.15346831905654,-0.145482293022644,0.123664325918142));
#14713=CARTESIAN_POINT('',(0.153191820918699,-0.145209009783909,0.122664325918142));
#14714=CARTESIAN_POINT('',(0.153191820922163,-0.145209009787373,0.123664325918142));
#14715=CARTESIAN_POINT('',(0.152844590553952,-0.145072368166269,0.122664325918142));
#14716=CARTESIAN_POINT('',(0.152844590557416,-0.145072368169733,0.123664325918142));
#14717=CARTESIAN_POINT('',(0.152426627958837,-0.145072368166262,0.122664325918142));
#14718=CARTESIAN_POINT('',(0.152426627962301,-0.145072368169726,0.123664325918142));
#14719=CARTESIAN_POINT('',(0.152426627958803,-0.145072368166262,0.122664325918142));
#14720=CARTESIAN_POINT('',(0.152426627958776,-0.145072368166262,0.122664325918142));
#14721=CARTESIAN_POINT('',(0.152426627962239,-0.145072368169726,0.123664325918142));
#14722=CARTESIAN_POINT('',(0.152018311049873,-0.145072368166268,0.122664325918142));
#14723=CARTESIAN_POINT('',(0.152018311053336,-0.145072368169732,0.123664325918142));
#14724=CARTESIAN_POINT('',(0.151679118427338,-0.145207402334355,0.122664325918142));
#14725=CARTESIAN_POINT('',(0.151679118430801,-0.145207402337819,0.123664325918142));
#14726=CARTESIAN_POINT('',(0.151409050091173,-0.145477470670521,0.122664325918142));
#14727=CARTESIAN_POINT('',(0.151409050094636,-0.145477470673985,0.123664325918142));
#14728=CARTESIAN_POINT('',(0.147117113172331,-0.144929764141748,0.122664326392096));
#14729=CARTESIAN_POINT('',(0.151288482474623,-0.143225295153813,0.122664325918142));
#14730=CARTESIAN_POINT('',(0.151288480991279,-0.142781612376936,0.122664325918142));
#14731=CARTESIAN_POINT('',(0.151616421466949,-0.142463317340258,0.122664325918142));
#14732=CARTESIAN_POINT('',(0.151288482474623,-0.143225295153813,0.122664325918142));
#14733=CARTESIAN_POINT('',(0.151616421466949,-0.142463317340258,0.122664325918142));
#14734=CARTESIAN_POINT('',(0.151611599118289,-0.144045144859644,0.122664325918142));
#14735=CARTESIAN_POINT('',(0.151288482474623,-0.143726850564637,0.122664325918142));
#14736=CARTESIAN_POINT('',(0.151288482474623,-0.143225295153813,0.122664325918142));
#14737=CARTESIAN_POINT('',(0.151611599118289,-0.144045144859644,0.122664325918142));
#14738=CARTESIAN_POINT('',(0.152450739702102,-0.144363439154651,0.122664325918142));
#14739=CARTESIAN_POINT('',(0.151934715761956,-0.144363439154651,0.122664325918142));
#14740=CARTESIAN_POINT('',(0.151611599118289,-0.144045144859644,0.122664325918142));
#14741=CARTESIAN_POINT('',(0.152450739702102,-0.144363439154651,0.122664325918142));
#14742=CARTESIAN_POINT('',(0.153270589407933,-0.144049967208304,0.122664325918142));
#14743=CARTESIAN_POINT('',(0.152952295112926,-0.144363439154651,0.122664325918142));
#14744=CARTESIAN_POINT('',(0.152450739702102,-0.144363439154651,0.122664325918142));
#14745=CARTESIAN_POINT('',(0.153270589407933,-0.144049967208304,0.122664325918142));
#14746=CARTESIAN_POINT('',(0.152547540431537,-0.143294073747465,0.122664325921695));
#14747=CARTESIAN_POINT('',(0.153593706051599,-0.143273521607097,0.122664325918142));
#14748=CARTESIAN_POINT('',(0.15326094322727,-0.142472962779249,0.122664325918142));
#14749=CARTESIAN_POINT('',(0.153593706051599,-0.142796079422915,0.122664325918142));
#14750=CARTESIAN_POINT('',(0.153593706051599,-0.143273521607097,0.122664325918142));
#14751=CARTESIAN_POINT('',(0.15326094322727,-0.142472962779249,0.122664325918142));
#14752=CARTESIAN_POINT('',(0.152441093521439,-0.142145023045251,0.122664325918142));
#14753=CARTESIAN_POINT('',(0.1529330027516,-0.142145023045251,0.122664325918142));
#14754=CARTESIAN_POINT('',(0.15326094322727,-0.142472962779249,0.122664325918142));
#14755=CARTESIAN_POINT('',(0.152441093521439,-0.142145023045251,0.122664325918142));
#14756=CARTESIAN_POINT('',(0.151616421466949,-0.142463317340258,0.122664325918142));
#14757=CARTESIAN_POINT('',(0.151944360459275,-0.142145023045251,0.122664325918142));
#14758=CARTESIAN_POINT('',(0.152441093521439,-0.142145023045251,0.122664325918142));
#14759=CARTESIAN_POINT('',(0.151616421466948,-0.142463317340259,0.122664325918142));
#14760=CARTESIAN_POINT('',(0.151616421470412,-0.142463317343722,0.123664325918142));
#14761=CARTESIAN_POINT('',(0.151397794483168,-0.142675514031378,0.122664325918142));
#14762=CARTESIAN_POINT('',(0.151397794486632,-0.142675514034841,0.123664325918142));
#14763=CARTESIAN_POINT('',(0.151288481485727,-0.142929506635897,0.122664325918142));
#14764=CARTESIAN_POINT('',(0.151288481489191,-0.142929506639361,0.123664325918142));
#14765=CARTESIAN_POINT('',(0.151288482474623,-0.143225295153816,0.122664325918142));
#14766=CARTESIAN_POINT('',(0.151288482478087,-0.143225295157279,0.123664325918142));
#14767=CARTESIAN_POINT('',(0.151616421466949,-0.142463317340258,0.122664325918142));
#14768=CARTESIAN_POINT('',(0.151288482474623,-0.143225295153813,0.122664325918142));
#14769=CARTESIAN_POINT('',(0.151288482474623,-0.143225295153887,0.122664325918142));
#14770=CARTESIAN_POINT('',(0.151288482478087,-0.14322529515735,0.123664325918142));
#14771=CARTESIAN_POINT('',(0.151288482474639,-0.143559665427738,0.122664325918142));
#14772=CARTESIAN_POINT('',(0.151288482478103,-0.143559665431201,0.123664325918142));
#14773=CARTESIAN_POINT('',(0.151396188022529,-0.143832948662992,0.122664325918142));
#14774=CARTESIAN_POINT('',(0.151396188025993,-0.143832948666455,0.123664325918142));
#14775=CARTESIAN_POINT('',(0.151611599118293,-0.144045144859648,0.122664325918142));
#14776=CARTESIAN_POINT('',(0.151611599121757,-0.144045144863111,0.123664325918142));
#14777=CARTESIAN_POINT('',(0.151611599118289,-0.144045144859644,0.122664325918142));
#14778=CARTESIAN_POINT('',(0.151611599118285,-0.14404514485964,0.122664325918142));
#14779=CARTESIAN_POINT('',(0.151611599121749,-0.144045144863103,0.123664325918142));
#14780=CARTESIAN_POINT('',(0.151827010214033,-0.144257341056284,0.122664325918142));
#14781=CARTESIAN_POINT('',(0.151827010217497,-0.144257341059747,0.123664325918142));
#14782=CARTESIAN_POINT('',(0.152106723741923,-0.144363439154621,0.122664325918142));
#14783=CARTESIAN_POINT('',(0.152106723745387,-0.144363439158084,0.123664325918142));
#14784=CARTESIAN_POINT('',(0.152450739701954,-0.144363439154651,0.122664325918142));
#14785=CARTESIAN_POINT('',(0.152450739705418,-0.144363439158114,0.123664325918142));
#14786=CARTESIAN_POINT('',(0.152450739702102,-0.144363439154651,0.122664325918142));
#14787=CARTESIAN_POINT('',(0.152450739702207,-0.144363439154651,0.122664325918142));
#14788=CARTESIAN_POINT('',(0.152450739705671,-0.144363439158114,0.123664325918142));
#14789=CARTESIAN_POINT('',(0.152785109976042,-0.144363439154629,0.122664325918142));
#14790=CARTESIAN_POINT('',(0.152785109979506,-0.144363439158092,0.123664325918142));
#14791=CARTESIAN_POINT('',(0.153058393211284,-0.144258948505847,0.122664325918142));
#14792=CARTESIAN_POINT('',(0.153058393214748,-0.14425894850931,0.123664325918142));
#14793=CARTESIAN_POINT('',(0.153270589407933,-0.144049967208304,0.122664325918142));
#14794=CARTESIAN_POINT('',(0.153270589411397,-0.144049967211767,0.123664325918142));
#14795=CARTESIAN_POINT('',(0.153270294150919,-0.144049658539246,0.122664325918144));
#14796=CARTESIAN_POINT('',(0.153270294152074,-0.1440496585404,0.122997659251477));
#14797=CARTESIAN_POINT('',(0.153270294153228,-0.144049658541555,0.123330992584811));
#14798=CARTESIAN_POINT('',(0.153270294154383,-0.144049658542709,0.123664325918144));
#14799=CARTESIAN_POINT('',(0.152547540433269,-0.143294073749196,0.123164325918542));
#14800=CARTESIAN_POINT('',(0.153592939662385,-0.143273536666504,0.123664325918145));
#14801=CARTESIAN_POINT('',(0.153592939661231,-0.143273536665349,0.123330992584811));
#14802=CARTESIAN_POINT('',(0.153592939660076,-0.143273536664194,0.122997659251478));
#14803=CARTESIAN_POINT('',(0.153592939658921,-0.14327353666304,0.122664325918145));
#14804=CARTESIAN_POINT('',(0.153593706051516,-0.143273536671466,0.122664325918142));
#14805=CARTESIAN_POINT('',(0.15359370605498,-0.14327353667493,0.123664325918142));
#14806=CARTESIAN_POINT('',(0.153593709551187,-0.142955235237523,0.122664325918142));
#14807=CARTESIAN_POINT('',(0.153593709554651,-0.142955235240987,0.123664325918142));
#14808=CARTESIAN_POINT('',(0.15348278860995,-0.142688377273367,0.122664325918142));
#14809=CARTESIAN_POINT('',(0.153482788613414,-0.142688377276831,0.123664325918142));
#14810=CARTESIAN_POINT('',(0.153260943227268,-0.142472962779247,0.122664325918142));
#14811=CARTESIAN_POINT('',(0.153260943230732,-0.142472962782711,0.123664325918142));
#14812=CARTESIAN_POINT('',(0.15326094322727,-0.142472962779249,0.122664325918142));
#14813=CARTESIAN_POINT('',(0.153260943227273,-0.142472962779252,0.122664325918142));
#14814=CARTESIAN_POINT('',(0.153260943230737,-0.142472962782716,0.123664325918142));
#14815=CARTESIAN_POINT('',(0.153042316243496,-0.142254336289921,0.122664325918142));
#14816=CARTESIAN_POINT('',(0.15304231624696,-0.142254336293385,0.123664325918142));
#14817=CARTESIAN_POINT('',(0.152769033008223,-0.142145023045254,0.122664325918142));
#14818=CARTESIAN_POINT('',(0.152769033011687,-0.142145023048718,0.123664325918142));
#14819=CARTESIAN_POINT('',(0.152441093521454,-0.142145023045251,0.122664325918142));
#14820=CARTESIAN_POINT('',(0.152441093524918,-0.142145023048715,0.123664325918142));
#14821=CARTESIAN_POINT('',(0.152441093521439,-0.142145023045251,0.122664325918142));
#14822=CARTESIAN_POINT('',(0.152441093521399,-0.142145023045251,0.122664325918142));
#14823=CARTESIAN_POINT('',(0.152441093524862,-0.142145023048715,0.123664325918142));
#14824=CARTESIAN_POINT('',(0.152109938146639,-0.14214502304526,0.122664325918142));
#14825=CARTESIAN_POINT('',(0.152109938150102,-0.142145023048724,0.123664325918142));
#14826=CARTESIAN_POINT('',(0.151835047461821,-0.142251121143597,0.122664325918142));
#14827=CARTESIAN_POINT('',(0.151835047465284,-0.142251121147061,0.123664325918142));
#14828=CARTESIAN_POINT('',(0.151616421466945,-0.142463317340262,0.122664325918142));
#14829=CARTESIAN_POINT('',(0.151616421470408,-0.142463317343726,0.123664325918142));
#14830=CARTESIAN_POINT('',(0.16321711334539,-0.153429764074649,0.05825));
#14831=CARTESIAN_POINT('',(0.16321711334539,-0.153429764074649,0.0627499997466802));
#14832=CARTESIAN_POINT('',(0.131217113360571,-0.153429764074649,0.0627499997466803));
#14833=CARTESIAN_POINT('',(0.12192758114171,-0.122490075596407,0.0548030488799999));
#14834=CARTESIAN_POINT('',(0.132218106379812,-0.122549224623843,0.0622510575686083));
#14835=CARTESIAN_POINT('',(0.122097672538562,-0.122491161776447,0.055803048673729));
#14836=CARTESIAN_POINT('',(0.122218106230561,-0.122491820309997,0.0556178081359544));
#14837=CARTESIAN_POINT('',(0.12192758160921,-0.122490199342613,0.0558030488723432));
#14838=CARTESIAN_POINT('',(0.12192758160921,-0.122490199342612,0.0558030488723432));
#14839=CARTESIAN_POINT('',(0.121927581830189,-0.122490257835314,0.0562757316592915));
#14840=CARTESIAN_POINT('',(0.121927578920782,-0.122490039001962,0.0548030507888243));
#14841=CARTESIAN_POINT('',(0.122218105935669,-0.122491719487074,0.0548030485407545));
#14842=CARTESIAN_POINT('',(0.122121264337683,-0.122491171523518,0.0548030486538363));
#14843=CARTESIAN_POINT('',(0.122024422739697,-0.122490623559962,0.0548030487669181));
#14844=CARTESIAN_POINT('',(0.12192758114171,-0.122490075596407,0.0548030488799999));
#14845=CARTESIAN_POINT('',(0.122218106641849,-0.122491594685053,0.0548030546885187));
#14846=CARTESIAN_POINT('',(0.122218106230801,-0.12249190167437,0.0562753322226044));
#14847=CARTESIAN_POINT('',(0.125123394435137,-0.122431587100595,0.0532530343726645));
#14848=CARTESIAN_POINT('',(0.12221810682692,-0.122491614137751,0.0548030537379948));
#14849=CARTESIAN_POINT('',(0.122218106818013,-0.122440637524481,0.0537697266274227));
#14850=CARTESIAN_POINT('',(0.122218106809106,-0.122389660911211,0.0527363995168506));
#14851=CARTESIAN_POINT('',(0.1222181068002,-0.122338684297941,0.0517030724062784));
#14852=CARTESIAN_POINT('',(0.122218106658194,-0.122338724997186,0.051703068923695));
#14853=CARTESIAN_POINT('',(0.121928443420796,-0.122337045281458,0.0517030727445179));
#14854=CARTESIAN_POINT('',(0.121928156193141,-0.122388020269443,0.0527363998554255));
#14855=CARTESIAN_POINT('',(0.121927868965485,-0.122438995257428,0.053769726966333));
#14856=CARTESIAN_POINT('',(0.121927581737829,-0.122489970245413,0.0548030540772405));
#14857=CARTESIAN_POINT('',(0.121928442851398,-0.122337145910238,0.0517030677802483));
#14858=CARTESIAN_POINT('',(0.125123825270964,-0.122355125622761,0.0517030640615727));
#14859=CARTESIAN_POINT('',(0.125032130156874,-0.138560200077837,0.0532510382633838));
#14860=CARTESIAN_POINT('',(0.122218106792397,-0.138620482475218,0.0548010572291339));
#14861=CARTESIAN_POINT('',(0.122218106784006,-0.138569679883498,0.053767730203647));
#14862=CARTESIAN_POINT('',(0.122218106775615,-0.138518877291779,0.05273440317816));
#14863=CARTESIAN_POINT('',(0.122218106767224,-0.138468074700059,0.0517010761526731));
#14864=CARTESIAN_POINT('',(0.122218106633441,-0.138468116355862,0.0517010728034276));
#14865=CARTESIAN_POINT('',(0.122218106564499,-0.138620322398391,0.0548010650991668));
#14866=CARTESIAN_POINT('',(0.121836321891812,-0.138618322218047,0.05480105798058));
#14867=CARTESIAN_POINT('',(0.121963583147432,-0.138619042306641,0.0548010578319772));
#14868=CARTESIAN_POINT('',(0.122090844403051,-0.138619762395235,0.0548010576833744));
#14869=CARTESIAN_POINT('',(0.122218105658671,-0.138620482483829,0.0548010575347716));
#14870=CARTESIAN_POINT('',(0.121836319241811,-0.138618386992789,0.0548010548864436));
#14871=CARTESIAN_POINT('',(0.121837180620935,-0.138465919286994,0.05170107659748));
#14872=CARTESIAN_POINT('',(0.121836894377894,-0.138516720264012,0.0527344037251848));
#14873=CARTESIAN_POINT('',(0.121836608134853,-0.13856752124103,0.0537677308528895));
#14874=CARTESIAN_POINT('',(0.121836321891812,-0.138618322218048,0.0548010579805942));
#14875=CARTESIAN_POINT('',(0.121837180084512,-0.138466014088166,0.0517010719366659));
#14876=CARTESIAN_POINT('',(0.125032559515718,-0.138483999627292,0.0517010682172654));
#14877=CARTESIAN_POINT('',(0.125003666373451,-0.14358728762443,0.0532504252510242));
#14878=CARTESIAN_POINT('',(0.122218106936719,-0.143645755992399,0.0517004281613867));
#14879=CARTESIAN_POINT('',(0.122218106946535,-0.14359626908123,0.0527337663378279));
#14880=CARTESIAN_POINT('',(0.12221810695635,-0.143546782170062,0.0537671045142691));
#14881=CARTESIAN_POINT('',(0.122218106966166,-0.143497295258893,0.0548004426907103));
#14882=CARTESIAN_POINT('',(0.122218106579067,-0.143497360239112,0.0548004458026348));
#14883=CARTESIAN_POINT('',(0.122218106760648,-0.143645740558701,0.0517004274222618));
#14884=CARTESIAN_POINT('',(0.121423912724419,-0.143641262038741,0.0517004317126438));
#14885=CARTESIAN_POINT('',(0.121807883723744,-0.143643559729638,0.0517004312487223));
#14886=CARTESIAN_POINT('',(0.121808728066056,-0.143494978856045,0.0548004430470554));
#14887=CARTESIAN_POINT('',(0.121808446853924,-0.143544464227869,0.0537671037893734));
#14888=CARTESIAN_POINT('',(0.121808165641793,-0.143593949599694,0.0527337645316913));
#14889=CARTESIAN_POINT('',(0.121807884429662,-0.143643434971518,0.0517004252740093));
#14890=CARTESIAN_POINT('',(0.121808730818768,-0.143495063693847,0.0548004471090864));
#14891=CARTESIAN_POINT('',(0.122218106966166,-0.143497295246935,0.0548004429404148));
#14892=CARTESIAN_POINT('',(0.122081648410378,-0.143496523116807,0.0548004430997572));
#14893=CARTESIAN_POINT('',(0.121945189854591,-0.143495750986679,0.0548004432590997));
#14894=CARTESIAN_POINT('',(0.121808731298803,-0.143494978856551,0.0548004434184422));
#14895=CARTESIAN_POINT('',(0.121218106379812,-0.149853332476587,0.0637514553327885));
#14896=CARTESIAN_POINT('',(0.121218106379812,-0.149853332476587,0.0647514553327884));
#14897=CARTESIAN_POINT('',(0.121218106379812,-0.149853332476587,0.0647514553327883));
#14898=CARTESIAN_POINT('',(0.124218106379812,-0.149853332476587,0.0647514553327882));
#14899=CARTESIAN_POINT('',(0.124218106379812,-0.149853332476587,0.0647514553327885));
#14900=CARTESIAN_POINT('',(0.126218106379812,-0.149853332476587,0.0627514553327885));
#14901=CARTESIAN_POINT('',(0.121218106379812,-0.149853332476587,0.0627514553327885));
#14902=CARTESIAN_POINT('',(0.121218106379812,-0.149853332476587,0.0627514553327987));
#14903=CARTESIAN_POINT('',(0.121218106379812,-0.149853332476587,0.0537514553327888));
#14904=CARTESIAN_POINT('',(0.12071826752351,-0.135220315698342,0.0647514553327884));
#14905=CARTESIAN_POINT('',(0.120386014054908,-0.149453332476583,0.064751455332788));
#14906=CARTESIAN_POINT('',(0.121376418147462,-0.150429878531754,0.064751455332788));
#14907=CARTESIAN_POINT('',(0.1222181062308,-0.151255215287848,0.0647514553327879));
#14908=CARTESIAN_POINT('',(0.120386014054908,-0.149453332476583,0.064751455332788));
#14909=CARTESIAN_POINT('',(0.1222181062308,-0.151255215287847,0.0647514553327879));
#14910=CARTESIAN_POINT('',(0.1222181062308,-0.151255215287848,0.0647514553327879));
#14911=CARTESIAN_POINT('',(0.123323927419831,-0.152339553881966,0.0647514553327879));
#14912=CARTESIAN_POINT('',(0.124218106379812,-0.153207024744334,0.0647514553327879));
#14913=CARTESIAN_POINT('',(0.124218106379812,-0.153207024744335,0.064751455332788));
#14914=CARTESIAN_POINT('',(0.124218106379812,-0.143686824087463,0.0647514553327881));
#14915=CARTESIAN_POINT('',(0.121218106379812,-0.149469629755834,0.064751455332788));
#14916=CARTESIAN_POINT('',(0.121218106379812,-0.126453332476583,0.0647514553327886));
#14917=CARTESIAN_POINT('',(0.123661803747851,-0.126453332476583,0.0647514553327886));
#14918=CARTESIAN_POINT('',(0.120218106379812,-0.126453332476583,0.0647514553327886));
#14919=CARTESIAN_POINT('',(0.120218106379812,-0.129970315698342,0.0647514553327886));
#14920=CARTESIAN_POINT('',(0.120218106379812,-0.149287742017631,0.064751455332788));
#14921=CARTESIAN_POINT('',(0.12030206021736,-0.149370537247106,0.064751455332788));
#14922=CARTESIAN_POINT('',(0.123351949506967,-0.11465333247504,0.0528573072644867));
#14923=CARTESIAN_POINT('',(0.119474579523139,-0.113064524118451,0.0544463147977768));
#14924=CARTESIAN_POINT('',(0.117685768554595,-0.114853335087316,0.0526572824580764));
#14925=CARTESIAN_POINT('',(0.118085771165257,-0.114453332476583,0.0530573345691603));
#14926=CARTESIAN_POINT('',(0.123351949600478,-0.114453332476583,0.0530573321072282));
#14927=CARTESIAN_POINT('',(0.119985795015168,-0.114453332476583,0.0530573336809014));
#14928=CARTESIAN_POINT('',(0.122767339727403,-0.111671787219801,0.0558392231648254));
#14929=CARTESIAN_POINT('',(0.119585792204776,-0.114853335087316,0.0526572815698176));
#14930=CARTESIAN_POINT('',(0.123351949413453,-0.11485333769805,0.0526572771965427));
#14931=CARTESIAN_POINT('',(0.117685771168126,-0.133952473952173,0.0570970794867578));
#14932=CARTESIAN_POINT('',(0.117685771168126,-0.114853332473749,0.0569242674097739));
#14933=CARTESIAN_POINT('',(0.117685771165328,-0.114853332476583,0.0564364376281917));
#14934=CARTESIAN_POINT('',(0.117685771168126,-0.133951924251351,0.0526549164678378));
#14935=CARTESIAN_POINT('',(0.117685771434933,-0.119918059653828,0.0526566559621298));
#14936=CARTESIAN_POINT('',(0.154967926590092,6.62266201258692,0.33380843077065));
#14937=CARTESIAN_POINT('',(0.11768577152459,-0.120007230373846,0.0548033581035634));
#14938=CARTESIAN_POINT('',(0.117685771168126,-0.120007513589465,0.0570988013068099));
#14939=CARTESIAN_POINT('',(0.117685771166252,-0.120007353636671,0.055803358098123));
#14940=CARTESIAN_POINT('',(0.117685771168126,-0.133952313645518,0.055801632462222));
#14941=CARTESIAN_POINT('',(0.117685771167875,-0.128065522448122,0.0558023609303014));
#14942=CARTESIAN_POINT('',(0.117685771168126,-0.128065682776421,0.0570978079392602));
#14943=CARTESIAN_POINT('',(0.117685771167697,-0.128065398701917,0.0548023609379554));
#14944=CARTESIAN_POINT('',(0.117685771167699,-0.128078677341957,0.0545161114966172));
#14945=CARTESIAN_POINT('',(0.11768577116755,-0.128164981940432,0.0526556315813262));
#14946=CARTESIAN_POINT('',(0.117685771168126,-0.133951924251351,0.0526549164678378));
#14947=CARTESIAN_POINT('',(0.117685771169142,-0.136099820439706,0.0526546459656076));
#14948=CARTESIAN_POINT('',(0.117686040961171,6.58599499132549,0.332959754253083));
#14949=CARTESIAN_POINT('',(0.117685771169154,-0.136188992871352,0.0548013556739959));
#14950=CARTESIAN_POINT('',(0.117685771168126,-0.136189276289333,0.0570968033030315));
#14951=CARTESIAN_POINT('',(0.117685771168879,-0.136189075996283,0.0554745828735355));
#14952=CARTESIAN_POINT('',(0.117685771168949,-0.135049892344004,0.05585175734271));
#14953=CARTESIAN_POINT('',(0.117685771168659,-0.136248833085005,0.0558013482766742));
#14954=CARTESIAN_POINT('',(0.117685771168126,-0.133952313645518,0.055801632462222));
#14955=CARTESIAN_POINT('',(0.117685771170847,-0.144645958563261,0.0558003091642292));
#14956=CARTESIAN_POINT('',(0.117685771168126,-0.144646118894513,0.0570957562170537));
#14957=CARTESIAN_POINT('',(0.117685771170669,-0.144645834817197,0.0548003091718871));
#14958=CARTESIAN_POINT('',(0.117685771168126,-0.144714678224379,0.0534696334377621));
#14959=CARTESIAN_POINT('',(0.117685771170673,-0.144668972367458,0.0543530829531427));
#14960=CARTESIAN_POINT('',(0.117685771170923,-0.146062107160103,0.0576814372554959));
#14961=CARTESIAN_POINT('',(0.117685771170829,-0.14553768802802,0.0560893154549877));
#14962=CARTESIAN_POINT('',(0.117685771170674,-0.144668972367458,0.0543530829531427));
#14963=CARTESIAN_POINT('',(0.117685771170923,-0.146062107160103,0.0576814372554961));
#14964=CARTESIAN_POINT('',(0.117685771168126,-0.133952473952098,0.0576814372459295));
#14965=CARTESIAN_POINT('',(0.117685771167785,-0.128554981700703,0.0576814372442612));
#14966=CARTESIAN_POINT('',(0.117685771167931,-0.129369554423401,0.0594282065237213));
#14967=CARTESIAN_POINT('',(0.117685771167767,-0.128456119700722,0.0574694376281914));
#14968=CARTESIAN_POINT('',(0.117685771167767,-0.128456119700722,0.0572832585574747));
#14969=CARTESIAN_POINT('',(0.117685771167767,-0.128456119700722,0.0564364376281914));
#14970=CARTESIAN_POINT('',(0.117685771168126,-0.133952473952173,0.0564364376281913));
#14971=CARTESIAN_POINT('',(0.119785793721328,-0.133202478069874,0.0514017242360827));
#14972=CARTESIAN_POINT('',(0.331466812384726,-0.819778722208184,0.262997605306418));
#14973=CARTESIAN_POINT('',(0.119885420555755,-0.14475952541318,0.0514999211584531));
#14974=CARTESIAN_POINT('',(0.120085793543966,-0.144634004652295,0.0517003094900531));
#14975=CARTESIAN_POINT('',(0.12008579386138,-0.133209619992761,0.051701723214344));
#14976=CARTESIAN_POINT('',(0.120085793743538,-0.137450974287015,0.0517011983628396));
#14977=CARTESIAN_POINT('',(-0.0934228504984801,-0.820073966767766,-0.161891069168893));
#14978=CARTESIAN_POINT('',(0.119585793518468,-0.137138586004642,0.0512012372496425));
#14979=CARTESIAN_POINT('',(0.119585793962842,-0.133188244355532,0.0512017264240388));
#14980=CARTESIAN_POINT('',(0.119585793318489,-0.144336257435383,0.0512003465650911));
#14981=CARTESIAN_POINT('',(0.119736550911774,-0.144549227395734,0.0513510776702646));
#14982=CARTESIAN_POINT('',(0.120288172315466,-0.144714678233565,0.0534696334382374));
#14983=CARTESIAN_POINT('',(67.5030397852759,-0.146425236317851,0.0204107981358643));
#14984=CARTESIAN_POINT('',(0.119787883027745,-0.14464583487548,0.0548003081891455));
#14985=CARTESIAN_POINT('',(0.119786359164912,-0.144807211645017,0.0516810530553369));
#14986=CARTESIAN_POINT('',(0.132218106318703,-0.144188286255937,0.0636442763870636));
#14987=CARTESIAN_POINT('',(0.119787883027733,-0.144645834847667,0.0548003087267454));
#14988=CARTESIAN_POINT('',(0.122015521480186,-0.143361700565177,0.0551324835529456));
#14989=CARTESIAN_POINT('',(0.122022261379079,-0.143367795347929,0.054921810295333));
#14990=CARTESIAN_POINT('',(0.122029001277972,-0.143373890130682,0.0547111370377203));
#14991=CARTESIAN_POINT('',(0.122035741176865,-0.143379984913435,0.0545004637801077));
#14992=CARTESIAN_POINT('',(0.122070932712687,-0.143411808056327,0.053400459817228));
#14993=CARTESIAN_POINT('',(0.122106124248509,-0.143443631199222,0.0523004558543485));
#14994=CARTESIAN_POINT('',(0.122141315784331,-0.143475454342115,0.051200451891469));
#14995=CARTESIAN_POINT('',(0.122141872369984,-0.143475957653617,0.0511830543437583));
#14996=CARTESIAN_POINT('',(0.122142428955636,-0.143476460965119,0.0511656567960476));
#14997=CARTESIAN_POINT('',(0.122142985541289,-0.143476964276621,0.051148259248337));
#14998=CARTESIAN_POINT('',(0.121206293627649,-0.143821979762481,0.055132426973453));
#14999=CARTESIAN_POINT('',(0.121210728987619,-0.143829715560213,0.054921753513849));
#15000=CARTESIAN_POINT('',(0.121215164347588,-0.143837451357945,0.054711080054245));
#15001=CARTESIAN_POINT('',(0.121219599707557,-0.143845187155678,0.054500406594641));
#15002=CARTESIAN_POINT('',(0.121242758382742,-0.143885578652244,0.053400401577089));
#15003=CARTESIAN_POINT('',(0.121265917057926,-0.143925970148812,0.0523003965595371));
#15004=CARTESIAN_POINT('',(0.12128907573311,-0.143966361645379,0.0512003915419853));
#15005=CARTESIAN_POINT('',(0.121289442008296,-0.143967000473067,0.051182993977594));
#15006=CARTESIAN_POINT('',(0.121289808283483,-0.143967639300756,0.0511655964132027));
#15007=CARTESIAN_POINT('',(0.121290174558669,-0.143968278128444,0.0511481988488115));
#15008=CARTESIAN_POINT('',(0.120397065775113,-0.144282258959785,0.0551323703939602));
#15009=CARTESIAN_POINT('',(0.120399196596159,-0.144291635772497,0.0549216967323649));
#15010=CARTESIAN_POINT('',(0.120401327417204,-0.144301012585209,0.0547110230707696));
#15011=CARTESIAN_POINT('',(0.12040345823825,-0.144310389397921,0.0545003494091743));
#15012=CARTESIAN_POINT('',(0.120414584052797,-0.144359349248162,0.0534003433369501));
#15013=CARTESIAN_POINT('',(0.120425709867343,-0.144408309098403,0.0523003372647258));
#15014=CARTESIAN_POINT('',(0.12043683568189,-0.144457268948643,0.0512003311925014));
#15015=CARTESIAN_POINT('',(0.12043701164661,-0.144458043292518,0.0511829336114296));
#15016=CARTESIAN_POINT('',(0.12043718761133,-0.144458817636392,0.0511655360303577));
#15017=CARTESIAN_POINT('',(0.12043736357605,-0.144459591980266,0.0511481384492859));
#15018=CARTESIAN_POINT('',(0.119587837922578,-0.144742538157089,0.0551323138144677));
#15019=CARTESIAN_POINT('',(0.1195876642047,-0.144753555984781,0.054921639950881));
#15020=CARTESIAN_POINT('',(0.119587490486821,-0.144764573812472,0.0547109660872944));
#15021=CARTESIAN_POINT('',(0.119587316768942,-0.144775591640164,0.0545002922237077));
#15022=CARTESIAN_POINT('',(0.119586409722851,-0.144833119844079,0.0534002850968111));
#15023=CARTESIAN_POINT('',(0.11958550267676,-0.144890648047993,0.0523002779699147));
#15024=CARTESIAN_POINT('',(0.119584595630668,-0.144948176251907,0.0512002708430179));
#15025=CARTESIAN_POINT('',(0.119584581284922,-0.144949086111968,0.0511828732452655));
#15026=CARTESIAN_POINT('',(0.119584566939176,-0.144949995972028,0.0511654756475131));
#15027=CARTESIAN_POINT('',(0.11958455259343,-0.144950905832089,0.0511480780497606));
#15028=CARTESIAN_POINT('',(0.119579827482136,-0.144747094400532,0.0551323132543947));
#15029=CARTESIAN_POINT('',(0.119579630951928,-0.144758128472416,0.0549216393888086));
#15030=CARTESIAN_POINT('',(0.119579434421721,-0.1447691625443,0.0547109655232224));
#15031=CARTESIAN_POINT('',(0.119579237891514,-0.144780196616184,0.0545002916576363));
#15032=CARTESIAN_POINT('',(0.119578211733713,-0.144837809637109,0.0534002845202996));
#15033=CARTESIAN_POINT('',(0.119577185575911,-0.144895422658032,0.0523002773829632));
#15034=CARTESIAN_POINT('',(0.119576159418109,-0.144953035678956,0.0512002702456263));
#15035=CARTESIAN_POINT('',(0.119576143188504,-0.144953946880474,0.0511828726477088));
#15036=CARTESIAN_POINT('',(0.1195761269589,-0.144954858081992,0.0511654750497912));
#15037=CARTESIAN_POINT('',(0.119576110729295,-0.144955769283509,0.0511480774518736));
#15038=CARTESIAN_POINT('',(0.119571817041693,-0.144751650643974,0.0551323126943217));
#15039=CARTESIAN_POINT('',(0.119571597699157,-0.144762700960051,0.0549216388267361));
#15040=CARTESIAN_POINT('',(0.119571378356621,-0.144773751276127,0.0547109649591505));
#15041=CARTESIAN_POINT('',(0.119571159014085,-0.144784801592203,0.0545002910915649));
#15042=CARTESIAN_POINT('',(0.119570013744574,-0.144842499430138,0.0534002839437881));
#15043=CARTESIAN_POINT('',(0.119568868475062,-0.144900197268072,0.0523002767960116));
#15044=CARTESIAN_POINT('',(0.11956772320555,-0.144957895106006,0.0512002696482347));
#15045=CARTESIAN_POINT('',(0.119567705092087,-0.14495880764898,0.051182872050152));
#15046=CARTESIAN_POINT('',(0.119567686978624,-0.144959720191955,0.0511654744520693));
#15047=CARTESIAN_POINT('',(0.119567668865161,-0.144960632734929,0.0511480768539867));
#15048=CARTESIAN_POINT('',(0.119563806601251,-0.144756206887417,0.0551323121342487));
#15049=CARTESIAN_POINT('',(0.119563564446386,-0.144767273447686,0.0549216382646636));
#15050=CARTESIAN_POINT('',(0.119563322291521,-0.144778340007954,0.0547109643950785));
#15051=CARTESIAN_POINT('',(0.119563080136657,-0.144789406568222,0.0545002905254934));
#15052=CARTESIAN_POINT('',(0.119561815755435,-0.144847189223167,0.0534002833672766));
#15053=CARTESIAN_POINT('',(0.119560551374213,-0.144904971878111,0.05230027620906));
#15054=CARTESIAN_POINT('',(0.11955928699299,-0.144962754533055,0.051200269050843));
#15055=CARTESIAN_POINT('',(0.119559266995669,-0.144963668417486,0.0511828714525953));
#15056=CARTESIAN_POINT('',(0.119559246998348,-0.144964582301918,0.0511654738543475));
#15057=CARTESIAN_POINT('',(0.119559227001027,-0.144965496186349,0.0511480762560997));
#15058=CARTESIAN_POINT('',(0.123031897017003,-0.142939579319199,0.0517005177913811));
#15059=CARTESIAN_POINT('',(0.137717015181556,-0.132954666585417,0.0644838712780447));
#15060=CARTESIAN_POINT('',(0.122811975830369,-0.142923830644148,0.0548005198668753));
#15061=CARTESIAN_POINT('',(0.11783527900994,-0.128860697720012,0.0581098675735035));
#15062=CARTESIAN_POINT('',(0.117990820764009,-0.126644674795086,0.0585555887069067));
#15063=CARTESIAN_POINT('',(0.117990820767589,-0.146620341721051,0.0585555887197254));
#15064=CARTESIAN_POINT('',(0.117990820764426,-0.128962091366377,0.058555588708394));
#15065=CARTESIAN_POINT('',(0.118423381634179,-0.129539373595266,0.0597951370368885));
#15066=CARTESIAN_POINT('',(0.117990820767589,-0.146620341721049,0.0585555887197237));
#15067=CARTESIAN_POINT('',(0.11784111306842,-0.146355405057152,0.0581265856793491));
#15068=CARTESIAN_POINT('',(0.117685771170923,-0.146062107160103,0.057681437255496));
#15069=CARTESIAN_POINT('',(0.117885771163356,-0.135049892343969,0.05585175734271));
#15070=CARTESIAN_POINT('',(0.117723418044075,-0.136211152071945,0.0558013529219356));
#15071=CARTESIAN_POINT('',(0.117718989788025,-0.136208540055505,0.0556390571037426));
#15072=CARTESIAN_POINT('',(0.117685771168605,-0.136189075996122,0.0554745828721765));
#15073=CARTESIAN_POINT('',(0.117723418044075,-0.136211152071945,0.0558013529219356));
#15074=CARTESIAN_POINT('',(0.117704888729936,-0.136229698460584,0.0558013506355528));
#15075=CARTESIAN_POINT('',(0.118085771157764,-0.135049892343969,0.05585175734271));
#15076=CARTESIAN_POINT('',(0.118085771157764,-0.135049892343969,0.05505175734271));
#15077=CARTESIAN_POINT('',(0.125185796282228,-0.135049892386863,0.0558517566188456));
#15078=CARTESIAN_POINT('',(0.121182502962984,-0.135049892429793,0.055851755894981));
#15079=CARTESIAN_POINT('',(0.121182502962984,-0.135849892429793,0.055851755894981));
#15080=CARTESIAN_POINT('',(0.121432502846109,-0.135049892429793,0.055851755894981));
#15081=CARTESIAN_POINT('',(0.121682502729234,-0.135049892429793,0.055851755894981));
#15082=CARTESIAN_POINT('',(0.121682502729234,-0.1350498550254,0.0555517556635635));
#15083=CARTESIAN_POINT('',(0.121682502729235,0.136217045093432,0.0264614139397099));
#15084=CARTESIAN_POINT('',(0.117248090209773,-0.119765707832537,0.0551655482005916));
#15085=CARTESIAN_POINT('',(0.11723770469498,-0.119750691811065,0.0549448300619413));
#15086=CARTESIAN_POINT('',(0.117227319180187,-0.119735675789594,0.054724111923291));
#15087=CARTESIAN_POINT('',(0.117216933665394,-0.119720659768123,0.0545033937846408));
#15088=CARTESIAN_POINT('',(0.11717276738328,-0.119656801417936,0.053564749935626));
#15089=CARTESIAN_POINT('',(0.117128601101173,-0.119592943067743,0.0526261060866117));
#15090=CARTESIAN_POINT('',(0.117084434819066,-0.119529084717553,0.0516874622375985));
#15091=CARTESIAN_POINT('',(0.117070823911419,-0.119509405223027,0.0513981964417584));
#15092=CARTESIAN_POINT('',(0.117057213003771,-0.119489725728501,0.0511089306459183));
#15093=CARTESIAN_POINT('',(0.117043602096123,-0.119470046233975,0.0508196648500782));
#15094=CARTESIAN_POINT('',(0.118193210374644,-0.120319581945669,0.0551654792189366));
#15095=CARTESIAN_POINT('',(0.118185998764465,-0.120306015441755,0.054944760899427));
#15096=CARTESIAN_POINT('',(0.118178787154287,-0.12029244893784,0.0547240425799173));
#15097=CARTESIAN_POINT('',(0.118171575544108,-0.120278882433926,0.0545033242604077));
#15098=CARTESIAN_POINT('',(0.118140906866052,-0.120221188419606,0.0535646796422555));
#15099=CARTESIAN_POINT('',(0.118110238188,-0.120163494405281,0.0526260350241037));
#15100=CARTESIAN_POINT('',(0.118079569509949,-0.120105800390959,0.0516873904059527));
#15101=CARTESIAN_POINT('',(0.118070118215325,-0.120088020585567,0.0513981243730842));
#15102=CARTESIAN_POINT('',(0.118060666920701,-0.120070240780175,0.0511088583402157));
#15103=CARTESIAN_POINT('',(0.118051215626077,-0.120052460974783,0.0508195923073472));
#15104=CARTESIAN_POINT('',(0.119138330539515,-0.120873456058802,0.0551654102372817));
#15105=CARTESIAN_POINT('',(0.119134292833951,-0.120861339072444,0.0549446917369127));
#15106=CARTESIAN_POINT('',(0.119130255128387,-0.120849222086087,0.0547239732365436));
#15107=CARTESIAN_POINT('',(0.119126217422823,-0.120837105099729,0.0545032547361746));
#15108=CARTESIAN_POINT('',(0.119109046348824,-0.120785575421276,0.053564609348885));
#15109=CARTESIAN_POINT('',(0.119091875274827,-0.12073404574282,0.0526259639615957));
#15110=CARTESIAN_POINT('',(0.119074704200831,-0.120682516064366,0.051687318574307));
#15111=CARTESIAN_POINT('',(0.119069412519231,-0.120666635948108,0.0513980523044101));
#15112=CARTESIAN_POINT('',(0.119064120837631,-0.12065075583185,0.0511087860345132));
#15113=CARTESIAN_POINT('',(0.11905882915603,-0.120634875715591,0.0508195197646163));
#15114=CARTESIAN_POINT('',(0.120083450704386,-0.121427330171935,0.0551653412556268));
#15115=CARTESIAN_POINT('',(0.120082586903436,-0.121416662703134,0.0549446225743983));
#15116=CARTESIAN_POINT('',(0.120081723102487,-0.121405995234333,0.0547239038931699));
#15117=CARTESIAN_POINT('',(0.120080859301537,-0.121395327765531,0.0545031852119414));
#15118=CARTESIAN_POINT('',(0.120077185831595,-0.121349962422945,0.0535645390555146));
#15119=CARTESIAN_POINT('',(0.120073512361654,-0.121304597080359,0.0526258928990877));
#15120=CARTESIAN_POINT('',(0.120069838891713,-0.121259231737772,0.0516872467426612));
#15121=CARTESIAN_POINT('',(0.120068706823137,-0.121245251310648,0.0513979802357359));
#15122=CARTESIAN_POINT('',(0.12006757475456,-0.121231270883524,0.0511087137288106));
#15123=CARTESIAN_POINT('',(0.120066442685984,-0.1212172904564,0.0508194472218853));
#15124=CARTESIAN_POINT('',(0.120846005479487,-0.12187421445763,0.0551652855989047));
#15125=CARTESIAN_POINT('',(0.120847702491659,-0.121864716508405,0.0549445667717528));
#15126=CARTESIAN_POINT('',(0.120849399503831,-0.12185521855918,0.0547238479446009));
#15127=CARTESIAN_POINT('',(0.120851096516003,-0.121845720609954,0.054503129117449));
#15128=CARTESIAN_POINT('',(0.120858313367534,-0.121805328861124,0.0535644823404562));
#15129=CARTESIAN_POINT('',(0.120865530219065,-0.121764937112295,0.0526258355634632));
#15130=CARTESIAN_POINT('',(0.120872747070595,-0.121724545363466,0.0516871887864705));
#15131=CARTESIAN_POINT('',(0.120874971117878,-0.121712097669505,0.0513979220883027));
#15132=CARTESIAN_POINT('',(0.12087719516516,-0.121699649975544,0.0511086553901349));
#15133=CARTESIAN_POINT('',(0.120879419212442,-0.121687202281584,0.0508193886919671));
#15134=CARTESIAN_POINT('',(0.12160856025459,-0.122321098743324,0.0551652299421829));
#15135=CARTESIAN_POINT('',(0.121612818079883,-0.122312770313675,0.0549445109691074));
#15136=CARTESIAN_POINT('',(0.121617075905176,-0.122304441884026,0.054723791996032));
#15137=CARTESIAN_POINT('',(0.121621333730469,-0.122296113454376,0.0545030730229566));
#15138=CARTESIAN_POINT('',(0.121639440903473,-0.122260695299304,0.0535644256253978));
#15139=CARTESIAN_POINT('',(0.121657548076475,-0.122225277144231,0.0526257782278389));
#15140=CARTESIAN_POINT('',(0.121675655249478,-0.122189858989159,0.0516871308302799));
#15141=CARTESIAN_POINT('',(0.121681235412619,-0.122178944028362,0.0513978639408696));
#15142=CARTESIAN_POINT('',(0.12168681557576,-0.122168029067565,0.0511085970514593));
#15143=CARTESIAN_POINT('',(0.121692395738902,-0.122157114106768,0.050819330162049));
#15144=CARTESIAN_POINT('',(0.122371115029695,-0.122767983029017,0.0551651742854607));
#15145=CARTESIAN_POINT('',(0.122377933668108,-0.122760824118944,0.0549444551664618));
#15146=CARTESIAN_POINT('',(0.122384752306522,-0.122753665208871,0.0547237360474629));
#15147=CARTESIAN_POINT('',(0.122391570944936,-0.122746506298799,0.0545030169284641));
#15148=CARTESIAN_POINT('',(0.122420568439411,-0.122716061737483,0.0535643689103393));
#15149=CARTESIAN_POINT('',(0.122449565933885,-0.122685617176167,0.0526257208922144));
#15150=CARTESIAN_POINT('',(0.122478563428359,-0.122655172614852,0.0516870728740893));
#15151=CARTESIAN_POINT('',(0.122487499707359,-0.122645790387219,0.0513978057934366));
#15152=CARTESIAN_POINT('',(0.122496435986359,-0.122636408159585,0.0511085387127839));
#15153=CARTESIAN_POINT('',(0.122505372265359,-0.122627025931952,0.0508192716321312));
#15154=CARTESIAN_POINT('',(0.119682502721807,-0.121175970831632,0.0548032125450514));
#15155=CARTESIAN_POINT('',(0.118635783064437,-0.120470282441551,0.0526565869243595));
#15156=CARTESIAN_POINT('',(0.119585794648663,-0.121022505291856,0.0526565178869372));
#15157=CARTESIAN_POINT('',(0.119587076891098,25.482202013975,1.20904118306426));
#15158=CARTESIAN_POINT('',(0.119585793968059,-0.120956825797433,0.0512032396810679));
#15159=CARTESIAN_POINT('',(-0.0934227480668001,-0.803894948435371,-0.161890479934355));
#15160=CARTESIAN_POINT('',(0.120085794192641,-0.121269213785125,0.0517032007943164));
#15161=CARTESIAN_POINT('',(0.12008579419313,-0.121269213785408,0.0517032007943159));
#15162=CARTESIAN_POINT('',(0.117685771166253,-0.120007230164104,0.0548033581057455));
#15163=CARTESIAN_POINT('',(0.117685771633752,-0.12000735391031,0.0558033580980888));
#15164=CARTESIAN_POINT('',(0.119585793962842,-0.13319018054347,0.0668516829597743));
#15165=CARTESIAN_POINT('',(0.119585809597262,-0.0969087072871326,0.0832087707860721));
#15166=CARTESIAN_POINT('',(0.119585793117118,-0.144030195504351,0.0507514590925621));
#15167=CARTESIAN_POINT('',(0.119586981999374,25.4773944410131,1.20956859021289));
#15168=CARTESIAN_POINT('',(0.119585794190931,-0.137204266027329,0.0526545080048313));
#15169=CARTESIAN_POINT('',(0.119585793962842,-0.132372462748106,0.0526551110319489));
#15170=CARTESIAN_POINT('',(0.119585794677941,-0.128164981858987,0.0526556306930776));
#15171=CARTESIAN_POINT('',(0.119585793962842,-0.128149193512598,0.0529958969797862));
#15172=CARTESIAN_POINT('',(0.119585793962842,-0.128231600169639,0.0512023396522393));
#15173=CARTESIAN_POINT('',(0.119585793962842,-0.133188244355532,0.0512017264240388));
#15174=CARTESIAN_POINT('',(0.119585793962842,-0.132372462748106,0.0526551110319489));
#15175=CARTESIAN_POINT('',(0.119585793962842,-0.114853332984362,0.0618015711874687));
#15176=CARTESIAN_POINT('',(0.119585793673251,-0.114853332729431,0.0507514587740707));
#15177=CARTESIAN_POINT('',(0.119585793962842,-0.114853332476583,0.0507514561120534));
#15178=CARTESIAN_POINT('',(0.117257817417897,-0.135953171268344,0.055163545058849));
#15179=CARTESIAN_POINT('',(0.117247465697429,-0.13593817068069,0.0549428269182732));
#15180=CARTESIAN_POINT('',(0.11723711397696,-0.135923170093036,0.0547221087776975));
#15181=CARTESIAN_POINT('',(0.117226762256491,-0.135908169505382,0.0545013906371218));
#15182=CARTESIAN_POINT('',(0.117182989124148,-0.135844738241893,0.0535680651665256));
#15183=CARTESIAN_POINT('',(0.1171392159918,-0.135781306978401,0.0526347396959292));
#15184=CARTESIAN_POINT('',(0.117095442859455,-0.135717875714908,0.0517014142253319));
#15185=CARTESIAN_POINT('',(0.117081626808224,-0.135697854995829,0.0514068300403663));
#15186=CARTESIAN_POINT('',(0.117067810756996,-0.13567783427675,0.0511122458554008));
#15187=CARTESIAN_POINT('',(0.117053994705767,-0.135657813557668,0.0508176616704352));
#15188=CARTESIAN_POINT('',(0.117568990186685,-0.136135529604201,0.0551635223472266));
#15189=CARTESIAN_POINT('',(0.117559683447267,-0.136121006257852,0.0549428041471044));
#15190=CARTESIAN_POINT('',(0.11755037670785,-0.136106482911503,0.0547220859469822));
#15191=CARTESIAN_POINT('',(0.117541069968432,-0.136091959565153,0.05450136774686));
#15192=CARTESIAN_POINT('',(0.117501715627534,-0.136030546357201,0.0535680420244667));
#15193=CARTESIAN_POINT('',(0.117462361286632,-0.135969133149246,0.0526347163020731));
#15194=CARTESIAN_POINT('',(0.117423006945733,-0.135907719941291,0.0517013905796787));
#15195=CARTESIAN_POINT('',(0.117410585591333,-0.135888336178197,0.0514068063152388));
#15196=CARTESIAN_POINT('',(0.117398164236936,-0.135868952415104,0.0511122220507989));
#15197=CARTESIAN_POINT('',(0.117385742882539,-0.13584956865201,0.050817637786359));
#15198=CARTESIAN_POINT('',(0.117880162955472,-0.136317887940058,0.0551634996356042));
#15199=CARTESIAN_POINT('',(0.117871901197106,-0.136303841835014,0.0549427813759355));
#15200=CARTESIAN_POINT('',(0.11786363943874,-0.136289795729969,0.0547220631162669));
#15201=CARTESIAN_POINT('',(0.117855377680373,-0.136275749624925,0.0545013448565983));
#15202=CARTESIAN_POINT('',(0.11782044213092,-0.136216354472509,0.0535680188824077));
#15203=CARTESIAN_POINT('',(0.117785506581463,-0.136156959320092,0.052634692908217));
#15204=CARTESIAN_POINT('',(0.11775057103201,-0.136097564167673,0.0517013669340255));
#15205=CARTESIAN_POINT('',(0.117739544374443,-0.136078817360566,0.0514067825901113));
#15206=CARTESIAN_POINT('',(0.117728517716876,-0.136060070553459,0.051112198246197));
#15207=CARTESIAN_POINT('',(0.11771749105931,-0.136041323746351,0.0508176139022827));
#15208=CARTESIAN_POINT('',(0.11819133572426,-0.136500246275915,0.0551634769239817));
#15209=CARTESIAN_POINT('',(0.118184118946945,-0.136486677412176,0.0549427586047667));
#15210=CARTESIAN_POINT('',(0.11817690216963,-0.136473108548436,0.0547220402855516));
#15211=CARTESIAN_POINT('',(0.118169685392314,-0.136459539684697,0.0545013219663366));
#15212=CARTESIAN_POINT('',(0.118139168634306,-0.136402162587817,0.0535679957403488));
#15213=CARTESIAN_POINT('',(0.118108651876295,-0.136344785490937,0.0526346695143609));
#15214=CARTESIAN_POINT('',(0.118078135118287,-0.136287408394056,0.0517013432883723));
#15215=CARTESIAN_POINT('',(0.118068503157552,-0.136269298542935,0.0514067588649837));
#15216=CARTESIAN_POINT('',(0.118058871196817,-0.136251188691814,0.051112174441595));
#15217=CARTESIAN_POINT('',(0.118049239236082,-0.136233078840692,0.0508175900182064));
#15218=CARTESIAN_POINT('',(0.118822062625053,-0.136869874725271,0.0551634308890049));
#15219=CARTESIAN_POINT('',(0.118816963956152,-0.136857273198521,0.0549427124490931));
#15220=CARTESIAN_POINT('',(0.118811865287251,-0.13684467167177,0.0547219940091813));
#15221=CARTESIAN_POINT('',(0.118806766618349,-0.13683207014502,0.0545012755692694));
#15222=CARTESIAN_POINT('',(0.118785206462309,-0.13677878351505,0.0535679488329052));
#15223=CARTESIAN_POINT('',(0.118763646306268,-0.136725496885082,0.0526346220965408));
#15224=CARTESIAN_POINT('',(0.118742086150229,-0.136672210255113,0.0517012953601759));
#15225=CARTESIAN_POINT('',(0.118735281148979,-0.136655391472219,0.051406710775698));
#15226=CARTESIAN_POINT('',(0.118728476147728,-0.136638572689326,0.0511121261912201));
#15227=CARTESIAN_POINT('',(0.118721671146477,-0.136621753906432,0.0508175416067421));
#15228=CARTESIAN_POINT('',(0.119452789525845,-0.137239503174625,0.055163384854028));
#15229=CARTESIAN_POINT('',(0.119449808965358,-0.137227868984864,0.0549426662934195));
#15230=CARTESIAN_POINT('',(0.119446828404871,-0.137216234795103,0.0547219477328109));
#15231=CARTESIAN_POINT('',(0.119443847844384,-0.137204600605342,0.0545012291722024));
#15232=CARTESIAN_POINT('',(0.119431244290313,-0.137155404442284,0.0535679019254616));
#15233=CARTESIAN_POINT('',(0.119418640736242,-0.137106208279227,0.0526345746787208));
#15234=CARTESIAN_POINT('',(0.119406037182171,-0.13705701211617,0.0517012474319796));
#15235=CARTESIAN_POINT('',(0.119402059140405,-0.137041484401504,0.0514066626864124));
#15236=CARTESIAN_POINT('',(0.119398081098638,-0.137025956686838,0.051112077940845));
#15237=CARTESIAN_POINT('',(0.119394103056871,-0.137010428972172,0.0508174931952778));
#15238=CARTESIAN_POINT('',(0.120083516426638,-0.137609131623978,0.0551633388190511));
#15239=CARTESIAN_POINT('',(0.120082653974565,-0.137598464771207,0.0549426201377458));
#15240=CARTESIAN_POINT('',(0.120081791522492,-0.137587797918435,0.0547219014564405));
#15241=CARTESIAN_POINT('',(0.120080929070419,-0.137577131065664,0.0545011827751352));
#15242=CARTESIAN_POINT('',(0.120077282118317,-0.137532025369518,0.053567855018018));
#15243=CARTESIAN_POINT('',(0.120073635166215,-0.137486919673372,0.0526345272609007));
#15244=CARTESIAN_POINT('',(0.120069988214113,-0.137441813977226,0.0517011995037833));
#15245=CARTESIAN_POINT('',(0.120068837131831,-0.137427577330788,0.0514066145971267));
#15246=CARTESIAN_POINT('',(0.120067686049548,-0.13741334068435,0.0511120296904701));
#15247=CARTESIAN_POINT('',(0.120066534967267,-0.137399104037912,0.0508174447838135));
#15248=CARTESIAN_POINT('',(0.120812552310001,-0.138036372641846,0.055163285608779));
#15249=CARTESIAN_POINT('',(0.120814138107776,-0.13802682390117,0.0549425667879644));
#15250=CARTESIAN_POINT('',(0.120815723905551,-0.138017275160494,0.0547218479671498));
#15251=CARTESIAN_POINT('',(0.120817309703326,-0.138007726419818,0.0545011291463352));
#15252=CARTESIAN_POINT('',(0.120824015384384,-0.13796734875597,0.053567800799291));
#15253=CARTESIAN_POINT('',(0.120830721065443,-0.137926971092122,0.0526344724522469));
#15254=CARTESIAN_POINT('',(0.120837426746501,-0.137886593428273,0.0517011441052028));
#15255=CARTESIAN_POINT('',(0.120839543251034,-0.137873849083915,0.0514065590123485));
#15256=CARTESIAN_POINT('',(0.120841659755566,-0.137861104739558,0.0511119739194943));
#15257=CARTESIAN_POINT('',(0.1208437762601,-0.1378483603952,0.0508173888266399));
#15258=CARTESIAN_POINT('',(0.121541588193364,-0.138463613659714,0.0551632323985067));
#15259=CARTESIAN_POINT('',(0.121545622240987,-0.138455183031133,0.0549425134381829));
#15260=CARTESIAN_POINT('',(0.12154965628861,-0.138446752402552,0.054721794477859));
#15261=CARTESIAN_POINT('',(0.121553690336233,-0.138438321773971,0.0545010755175351));
#15262=CARTESIAN_POINT('',(0.121570748650452,-0.138402672142421,0.0535677465805641));
#15263=CARTESIAN_POINT('',(0.121587806964671,-0.138367022510872,0.052634417643593));
#15264=CARTESIAN_POINT('',(0.12160486527889,-0.138331372879322,0.0517010887066223));
#15265=CARTESIAN_POINT('',(0.121610249370238,-0.138320120837043,0.0514065034275702));
#15266=CARTESIAN_POINT('',(0.121615633461586,-0.138308868794765,0.0511119181485182));
#15267=CARTESIAN_POINT('',(0.121621017552933,-0.138297616752487,0.0508173328694661));
#15268=CARTESIAN_POINT('',(0.122270624076728,-0.138890854677582,0.0551631791882343));
#15269=CARTESIAN_POINT('',(0.122277106374199,-0.138883542161096,0.0549424600884012));
#15270=CARTESIAN_POINT('',(0.122283588671669,-0.13887622964461,0.0547217409885681));
#15271=CARTESIAN_POINT('',(0.12229007096914,-0.138868917128124,0.054501021888735));
#15272=CARTESIAN_POINT('',(0.122317481916519,-0.138837995528873,0.0535676923618372));
#15273=CARTESIAN_POINT('',(0.122344892863899,-0.138807073929621,0.0526343628349393));
#15274=CARTESIAN_POINT('',(0.122372303811279,-0.13877615233037,0.0517010333080417));
#15275=CARTESIAN_POINT('',(0.122380955489442,-0.138766392590171,0.0514064478427918));
#15276=CARTESIAN_POINT('',(0.122389607167605,-0.138756632849973,0.051111862377542));
#15277=CARTESIAN_POINT('',(0.122398258845768,-0.138746873109775,0.0508172769122922));
#15278=CARTESIAN_POINT('',(0.119682502721806,-0.137357733531168,0.0548012101133031));
#15279=CARTESIAN_POINT('',(0.119585794196053,-0.137204266027315,0.0526545078900665));
#15280=CARTESIAN_POINT('',(0.120085793743538,-0.137450974287015,0.0517011983628396));
#15281=CARTESIAN_POINT('',(0.119787883027733,-0.1446458348476,0.0548003081891471));
#15282=CARTESIAN_POINT('',(0.119787883495231,-0.14464595859116,0.0558003081814908));
#15283=CARTESIAN_POINT('',(0.119787883495255,-0.144645958621686,0.0558003081814873));
#15284=CARTESIAN_POINT('',(0.119787883076948,-0.1446458348476,0.0548003081891471));
#15285=CARTESIAN_POINT('',(0.117685771171869,-0.136188992866713,0.0548013556739964));
#15286=CARTESIAN_POINT('',(0.121836321319469,-0.138618421467978,0.0548010531010424));
#15287=CARTESIAN_POINT('',(0.121836321797715,-0.138618545214217,0.055801053093389));
#15288=CARTESIAN_POINT('',(0.117685771639368,-0.136189116612918,0.0558013556663397));
#15289=CARTESIAN_POINT('',(0.122893916179157,-0.142877171485005,0.0548005256024622));
#15290=CARTESIAN_POINT('',(0.12180872801927,-0.143495291039595,0.0562731324216801));
#15291=CARTESIAN_POINT('',(0.121808727798291,-0.143495232546853,0.0558004496347316));
#15292=CARTESIAN_POINT('',(0.122730636383303,-0.142970271645216,0.0558005141656603));
#15293=CARTESIAN_POINT('',(0.1230099015623,-0.126646532447549,0.0522027650304408));
#15294=CARTESIAN_POINT('',(0.121900455891447,-0.127283956553,0.0549752539711542));
#15295=CARTESIAN_POINT('',(0.121900454361416,-0.12728355155651,0.0517024556944811));
#15296=CARTESIAN_POINT('',(0.121900456278163,-0.127284058916077,0.0558024556630888));
#15297=CARTESIAN_POINT('',(0.121017088596921,-0.127790809290103,0.0517023933362332));
#15298=CARTESIAN_POINT('',(0.120085793997077,-0.128325589278136,0.0517023275946174));
#15299=CARTESIAN_POINT('',(0.121969497432547,-0.127244138356523,0.0535861630786484));
#15300=CARTESIAN_POINT('',(0.119929284861679,-0.128415442546545,0.0515458074878594));
#15301=CARTESIAN_POINT('',(0.119961667347522,-0.12839694901972,0.0523640665699193));
#15302=CARTESIAN_POINT('',(0.120058477689817,-0.128341659707583,0.0548023072323057));
#15303=CARTESIAN_POINT('',(0.120058130059815,-0.12834185933047,0.0548023256179288));
#15304=CARTESIAN_POINT('',(0.120058131175821,-0.128341982704082,0.055802325610318));
#15305=CARTESIAN_POINT('',(0.121017090513716,-0.127791316649631,0.055802393304841));
#15306=CARTESIAN_POINT('',(0.119785796784098,-0.114653330163107,0.0618015711874687));
#15307=CARTESIAN_POINT('',(0.120729898391122,-0.113709228556082,0.0518955601335072));
#15308=CARTESIAN_POINT('',(0.119985794124168,-0.114453332476582,0.0511514588209126));
#15309=CARTESIAN_POINT('',(0.119985794470622,-0.114453332476583,0.0618015711874687));
#15310=CARTESIAN_POINT('',(0.119785793721328,-0.133202478069874,0.0514017242360827));
#15311=CARTESIAN_POINT('',(0.12008579386138,-0.133209619992761,0.051701723214344));
#15312=CARTESIAN_POINT('',(0.120491721041846,-0.12871714972212,0.0521082058197117));
#15313=CARTESIAN_POINT('',(0.120058130930999,-0.128341859840397,0.0548023256178653));
#15314=CARTESIAN_POINT('',(0.119585812244119,-0.128065399013275,0.0548023600496523));
#15315=CARTESIAN_POINT('',(0.119743251714426,-0.128157552568473,0.0548023485723967));
#15316=CARTESIAN_POINT('',(0.119900691184733,-0.128249706123672,0.054802337095141));
#15317=CARTESIAN_POINT('',(0.12005813065504,-0.128341859678871,0.0548023256178854));
#15318=CARTESIAN_POINT('',(0.119585636673678,-0.128065698967796,0.0548023738500967));
#15319=CARTESIAN_POINT('',(0.119585811759348,-0.128065398729525,0.0548023600496877));
#15320=CARTESIAN_POINT('',(0.119585812088266,-0.128065522500803,0.0558023600420279));
#15321=CARTESIAN_POINT('',(0.120058131398498,-0.128341983586603,0.0558023256102087));
#15322=CARTESIAN_POINT('',(0.119826993463854,-0.128289254876583,0.0530023322292256));
#15323=CARTESIAN_POINT('',(0.119585462052183,-0.128065999478078,0.0548023876506907));
#15324=CARTESIAN_POINT('',(0.119585527966271,-0.128082476999279,0.0544445939258631));
#15325=CARTESIAN_POINT('',(0.119585593880358,-0.12809895452048,0.0540868002010355));
#15326=CARTESIAN_POINT('',(0.119585659794446,-0.128115432041681,0.0537290064762078));
#15327=CARTESIAN_POINT('',(0.119585730109243,-0.12811531120774,0.0537290009243802));
#15328=CARTESIAN_POINT('',(0.119586396540803,-0.128185534540668,0.0522125766425962));
#15329=CARTESIAN_POINT('',(0.117985794330303,-0.132372462748198,0.0526551117799468));
#15330=CARTESIAN_POINT('',(0.119585810018406,-0.128065398729525,0.0548023600496885));
#15331=CARTESIAN_POINT('',(0.119585810018406,-0.128065398729592,0.0548023605887269));
#15332=CARTESIAN_POINT('',(0.119585810485905,-0.128065522473085,0.0558023600420322));
#15333=CARTESIAN_POINT('',(0.119585794239502,-0.128185534561861,0.052212576185654));
#15334=CARTESIAN_POINT('',(0.117985794447203,-0.128164981902424,0.0526556324397405));
#15335=CARTESIAN_POINT('',(0.117985794330303,-0.132372462748198,0.0526551117799468));
#15336=CARTESIAN_POINT('',(0.123661803747851,-0.125453332476583,0.0637514553327886));
#15337=CARTESIAN_POINT('',(0.121218106379812,-0.124453332476583,0.0627514553327892));
#15338=CARTESIAN_POINT('',(0.120218106384207,-0.124453332476583,0.0627514553327891));
#15339=CARTESIAN_POINT('',(0.121218106379812,-0.124453332476583,0.0627514553327892));
#15340=CARTESIAN_POINT('',(0.120218106379812,-0.127707406796396,0.0660055296526019));
#15341=CARTESIAN_POINT('',(0.121218106379812,-0.127707406796396,0.0660055296526019));
#15342=CARTESIAN_POINT('',(0.121218106379812,-0.154469629755834,0.043751455332789));
#15343=CARTESIAN_POINT('',(0.121218106379812,-0.119453332476583,0.0627514553327893));
#15344=CARTESIAN_POINT('',(0.121482900312039,-0.133217232181646,0.0558017216506113));
#15345=CARTESIAN_POINT('',(0.12209780528363,-0.124174668509391,0.0558028403460959));
#15346=CARTESIAN_POINT('',(0.12209805052989,-0.127285176973313,0.0558024554323583));
#15347=CARTESIAN_POINT('',(0.121900456278163,-0.127284058916066,0.0558024556630888));
#15348=CARTESIAN_POINT('',(0.121900456278163,-0.127284058916027,0.0558024556630888));
#15349=CARTESIAN_POINT('',(0.132218106379812,-0.12734323775556,0.0622510575686082));
#15350=CARTESIAN_POINT('',(0.122218106230555,-0.127285833441477,0.055617808135963));
#15351=CARTESIAN_POINT('',(0.122218106230801,-0.127285976604265,0.0567747389906552));
#15352=CARTESIAN_POINT('',(0.122218106230801,-0.127285348941637,0.0517024553235595));
#15353=CARTESIAN_POINT('',(0.121900454361416,-0.12728355155651,0.0517024556944811));
#15354=CARTESIAN_POINT('',(0.122218106230801,-0.134448542853089,0.0577461362338092));
#15355=CARTESIAN_POINT('',(0.122218106230801,-0.148453332476596,0.0602487957832984));
#15356=CARTESIAN_POINT('',(0.122218106230801,-0.148453332476596,0.0570902524525517));
#15357=CARTESIAN_POINT('',(0.1222181062308,-0.148453332476596,0.0627514553327885));
#15358=CARTESIAN_POINT('',(0.122218106230801,-0.120453336518859,0.0570902524525526));
#15359=CARTESIAN_POINT('',(0.122218106230801,-0.140449781406154,0.057090252452552));
#15360=CARTESIAN_POINT('',(0.122218106230801,-0.140449781406154,0.0602487957832987));
#15361=CARTESIAN_POINT('',(0.122218106230801,-0.140449781406154,0.0582514553327887));
#15362=CARTESIAN_POINT('',(0.122218106230801,-0.134450937664836,0.0582514553327889));
#15363=CARTESIAN_POINT('',(0.122218106230801,-0.139717316652897,0.0582514553327888));
#15364=CARTESIAN_POINT('',(0.122218106230801,-0.139717316652897,0.0602487957832985));
#15365=CARTESIAN_POINT('',(0.122218106230801,-0.139717316652897,0.057090252452552));
#15366=CARTESIAN_POINT('',(0.122218106230801,-0.120453336518859,0.0570902524525526));
#15367=CARTESIAN_POINT('',(0.122218106230801,-0.120948623899175,0.0570902524525526));
#15368=CARTESIAN_POINT('',(0.122218106230801,-0.120966324219688,0.0568879368633109));
#15369=CARTESIAN_POINT('',(0.122218106230801,-0.120453332825234,0.0627514553327893));
#15370=CARTESIAN_POINT('',(0.1222181062308,-0.144450937664836,0.0627514553327886));
#15371=CARTESIAN_POINT('',(0.121836321330216,-0.138618421468039,0.0548010531010457));
#15372=CARTESIAN_POINT('',(0.132218106379812,-0.138678087122312,0.0622510575686079));
#15373=CARTESIAN_POINT('',(0.122098944450216,-0.138620031224838,0.055801052786725));
#15374=CARTESIAN_POINT('',(0.12221810623056,-0.138620682808467,0.0556178081359547));
#15375=CARTESIAN_POINT('',(0.121836321797715,-0.138618545214203,0.0558010530933891));
#15376=CARTESIAN_POINT('',(0.122218106230801,-0.138620763925868,0.0562733363797477));
#15377=CARTESIAN_POINT('',(0.121482900312039,-0.133217232181646,0.0558017216506113));
#15378=CARTESIAN_POINT('',(0.122099087114914,-0.140428555346823,0.0558008289886589));
#15379=CARTESIAN_POINT('',(0.122099329140667,-0.143496876870678,0.0558004492953967));
#15380=CARTESIAN_POINT('',(0.121808727798291,-0.143495232546854,0.0558004496347316));
#15381=CARTESIAN_POINT('',(0.121808727798291,-0.143495232546894,0.0558004496347316));
#15382=CARTESIAN_POINT('',(0.132218106379812,-0.143554930666113,0.0622510575686077));
#15383=CARTESIAN_POINT('',(0.122218106230559,-0.143497526352272,0.0556178081359564));
#15384=CARTESIAN_POINT('',(0.122218106230801,-0.143497669266776,0.0567727328979435));
#15385=CARTESIAN_POINT('',(0.120894177667673,-0.144959636702908,0.0507514575586712));
#15386=CARTESIAN_POINT('',(0.122244534473284,-0.144967277492941,0.0507514559818614));
#15387=CARTESIAN_POINT('',(0.120888621403236,-0.145941869535715,0.0520803072442951));
#15388=CARTESIAN_POINT('',(0.122238978208847,-0.145949510325748,0.0520803056674853));
#15389=CARTESIAN_POINT('',(0.120881762007028,-0.147154493879468,0.0538406003534495));
#15390=CARTESIAN_POINT('',(0.122232118812639,-0.147162134669501,0.0538405987766397));
#15391=CARTESIAN_POINT('',(0.120874941748115,-0.148360254597724,0.0558582424787947));
#15392=CARTESIAN_POINT('',(0.122225298553726,-0.148367895387757,0.0558582409019849));
#15393=CARTESIAN_POINT('',(0.120871554401972,-0.14895910793252,0.0568644993963444));
#15394=CARTESIAN_POINT('',(0.122221911207583,-0.148966748722553,0.0568644978195345));
#15395=CARTESIAN_POINT('',(0.120869857880987,-0.149259037977959,0.0573679483732595));
#15396=CARTESIAN_POINT('',(0.122220214686598,-0.149266678767992,0.0573679467964497));
#15397=CARTESIAN_POINT('',(0.121272694379814,-0.149239850507449,0.0573319157582618));
#15398=CARTESIAN_POINT('',(0.121538039343501,-0.148889603786269,0.0567415058734375));
#15399=CARTESIAN_POINT('',(0.121853308664101,-0.148549568255536,0.0561677612642678));
#15400=CARTESIAN_POINT('',(0.122218106226714,-0.148223987300055,0.0556178082187015));
#15401=CARTESIAN_POINT('',(0.121272694446051,-0.149239850363523,0.0573319153001025));
#15402=CARTESIAN_POINT('',(0.122218106229758,-0.148223987297706,0.0556178082147266));
#15403=CARTESIAN_POINT('',(0.12090218373569,-0.144959682004035,0.0507514575493228));
#15404=CARTESIAN_POINT('',(0.120920266044482,-0.145740070478177,0.0518070624609396));
#15405=CARTESIAN_POINT('',(0.120980625642906,-0.147254315944223,0.0539471757528988));
#15406=CARTESIAN_POINT('',(0.121081593475088,-0.1485720472408,0.0562128225622058));
#15407=CARTESIAN_POINT('',(0.12127269431363,-0.14923985027617,0.0573319153706873));
#15408=CARTESIAN_POINT('',(0.12090218373569,-0.144959682004034,0.0507514575493226));
#15409=CARTESIAN_POINT('',(0.122800390770117,-0.144970422721843,0.0507514553327887));
#15410=CARTESIAN_POINT('',(0.122218106230801,-0.144967127952722,0.0507514560127217));
#15411=CARTESIAN_POINT('',(0.122218106230801,-0.148223987300719,0.055617808219776));
#15412=CARTESIAN_POINT('',(0.122217445974991,-0.147797884197683,0.054902600033868));
#15413=CARTESIAN_POINT('',(0.122216481784002,-0.146882695610035,0.0534245160117989));
#15414=CARTESIAN_POINT('',(0.122217229931276,-0.145664833669932,0.0516953492548703));
#15415=CARTESIAN_POINT('',(0.122218106230801,-0.144967127952722,0.0507514560127216));
#15416=CARTESIAN_POINT('',(0.132218106379812,-0.151953332476583,0.0627510575686075));
#15417=CARTESIAN_POINT('',(0.120218106379812,-0.149442920327119,0.0622510575686076));
#15418=CARTESIAN_POINT('',(0.120218106379812,-0.149453332476583,0.0625011659814644));
#15419=CARTESIAN_POINT('',(0.120218106379812,-0.149453332476583,0.0627510575686081));
#15420=CARTESIAN_POINT('',(0.120218106379812,-0.149453332476583,0.0637444027637497));
#15421=CARTESIAN_POINT('',(0.120218106379812,-0.149287742017631,0.064751455332788));
#15422=CARTESIAN_POINT('',(0.120218106379812,-0.149442920245434,0.0622510575686075));
#15423=CARTESIAN_POINT('',(0.132243809320739,-0.14946357051928,0.0622503771715459));
#15424=CARTESIAN_POINT('',(0.12024856891533,-0.149407399492409,0.0613965559529935));
#15425=CARTESIAN_POINT('',(0.120248568904943,-0.149407399470366,0.061396555952532));
#15426=CARTESIAN_POINT('',(0.119236747038502,-0.148258830579675,0.0601233613386854));
#15427=CARTESIAN_POINT('',(0.11799082076759,-0.146620341721051,0.0585555887197263));
#15428=CARTESIAN_POINT('',(0.12090218373569,-0.144959682004034,0.0507514575493227));
#15429=CARTESIAN_POINT('',(0.120262026209383,-0.14452048486842,0.0507514582997115));
#15430=CARTESIAN_POINT('',(0.119585793117118,-0.144030195504351,0.0507514590925622));
#15431=CARTESIAN_POINT('',(0.131947617882379,-0.148953454432716,0.0502541064570644));
#15432=CARTESIAN_POINT('',(0.130812491387235,-0.148954478165005,0.0502796995146016));
#15433=CARTESIAN_POINT('',(0.128582308354236,-0.14896926358473,0.0506495643374926));
#15434=CARTESIAN_POINT('',(0.125503676681771,-0.149027975094675,0.0521134124058416));
#15435=CARTESIAN_POINT('',(0.122955367466347,-0.149119222970104,0.0543744705442252));
#15436=CARTESIAN_POINT('',(0.121737801823682,-0.149197483623714,0.0562970214154939));
#15437=CARTESIAN_POINT('',(0.121272694584525,-0.149239850488802,0.0573319153027662));
#15438=CARTESIAN_POINT('',(0.131947617882384,-0.148953454432715,0.0502541064570633));
#15439=CARTESIAN_POINT('',(0.20292246206818,0.078318142304489,0.2545512224108));
#15440=CARTESIAN_POINT('',(0.132218106379812,-0.149734967363244,0.051032692455269));
#15441=CARTESIAN_POINT('',(0.132218106379812,-0.151953332476582,0.0532510575686075));
#15442=CARTESIAN_POINT('',(0.132218106379812,-0.154453332476582,0.0557510575686074));
#15443=CARTESIAN_POINT('',(0.132218106379812,-0.154453332476583,0.0627510575686074));
#15444=CARTESIAN_POINT('',(0.125281149784532,-0.154453332476583,0.0636884119280684));
#15445=CARTESIAN_POINT('',(0.125281149784532,-0.154453332476583,0.0636884119280684));
#15446=CARTESIAN_POINT('',(0.124793077264699,-0.153904298935207,0.0641764844479021));
#15447=CARTESIAN_POINT('',(0.124218106379812,-0.153207024744335,0.0647514553327882));
#15448=CARTESIAN_POINT('',(0.118453920850631,-0.124428651870016,0.0591383163137723));
#15449=CARTESIAN_POINT('',(0.120248568919563,-0.139204796404959,0.0613965559666832));
#15450=CARTESIAN_POINT('',(0.120248568919806,-0.130282968150111,0.0613965559632756));
#15451=CARTESIAN_POINT('',(0.119290124038209,-0.129722237942194,0.0601905266203932));
#15452=CARTESIAN_POINT('',(0.12546892336484,-0.129432654323431,0.0595927505199435));
#15453=CARTESIAN_POINT('',(0.132218106379812,-0.13066048430521,0.0622510575686081));
#15454=CARTESIAN_POINT('',(0.12121192126664,-0.128449943702896,0.0574694376281913));
#15455=CARTESIAN_POINT('',(0.123737205751528,-0.128445520705845,0.0574694376281915));
#15456=CARTESIAN_POINT('',(0.117685771167767,-0.128456119700722,0.0574694376281914));
#15457=CARTESIAN_POINT('',(0.132218106379812,-0.128430666538447,0.0622510575686082));
#15458=CARTESIAN_POINT('',(0.121720954625717,-0.128449052138773,0.0564364376281915));
#15459=CARTESIAN_POINT('',(0.123737205751528,-0.128445520705845,0.0564364376281914));
#15460=CARTESIAN_POINT('',(0.135192976728619,-0.14542820629695,0.0520563013463336));
#15461=CARTESIAN_POINT('',(0.131286769665079,-0.149334413360489,0.0483518918570869));
#15462=CARTESIAN_POINT('',(0.132218106379812,-0.148403075594398,0.051032692455269));
#15463=CARTESIAN_POINT('',(0.13341428319841,-0.147206900878516,0.054475820466977));
#15464=CARTESIAN_POINT('',(0.156960115677158,-0.123661067348411,0.0621034485240394));
#15465=CARTESIAN_POINT('',(0.132218106379812,-0.148403075594398,0.0614554417152871));
#15466=CARTESIAN_POINT('',(0.132218106379812,-0.148403076645756,0.0520563013463335));
#15467=CARTESIAN_POINT('',(0.1318380541627,-0.154453332476582,0.0499387334232045));
#15468=CARTESIAN_POINT('',(0.131864933033427,-0.147325577138517,0.0500161027479451));
#15469=CARTESIAN_POINT('',(0.132248480997875,-0.14706292157244,0.051120124093027));
#15470=CARTESIAN_POINT('',(0.133067448842572,-0.146502088292675,0.0534774771890934));
#15471=CARTESIAN_POINT('',(0.133067448842572,-0.138483142948968,0.0534774771890937));
#15472=CARTESIAN_POINT('',(0.133067448842572,-0.142077315583975,0.0534774771890935));
#15473=CARTESIAN_POINT('',(0.132622443657045,-0.142388911569423,0.0521965546734417));
#15474=CARTESIAN_POINT('',(0.132248480997875,-0.142650763042383,0.0511201240930271));
#15475=CARTESIAN_POINT('',(0.132248480997875,-0.120453336518859,0.0511201240930277));
#15476=CARTESIAN_POINT('',(0.133206003502537,-0.141247833813357,0.0538762990216673));
#15477=CARTESIAN_POINT('',(0.133067448842572,-0.141344850830718,0.0534774771890936));
#15478=CARTESIAN_POINT('',(0.132248480997875,-0.141918298289126,0.0511201240930271));
#15479=CARTESIAN_POINT('',(0.133067448842572,-0.138483142948968,0.0534774771890937));
#15480=CARTESIAN_POINT('',(0.133067448842572,-0.132852989924771,0.0534774771890938));
#15481=CARTESIAN_POINT('',(0.132379528246074,-0.13333467711213,0.0514973362610896));
#15482=CARTESIAN_POINT('',(0.132248480997875,-0.13342643738318,0.0511201240930273));
#15483=CARTESIAN_POINT('',(0.132248480997875,-0.120453336518859,0.0511201240930277));
#15484=CARTESIAN_POINT('',(0.132248480997875,-0.120453336518859,0.0511201240930277));
#15485=CARTESIAN_POINT('',(0.132248480997875,-0.121470942453867,0.0511201240930277));
#15486=CARTESIAN_POINT('',(0.132248480997875,-0.132693972629923,0.0511201240930274));
#15487=CARTESIAN_POINT('',(0.132963088091565,-0.132193599356063,0.0531770806093153));
#15488=CARTESIAN_POINT('',(0.133067448842572,-0.132120525171515,0.0534774771890939));
#15489=CARTESIAN_POINT('',(0.133067448842572,-0.138483142948968,0.0534774771890937));
#15490=CARTESIAN_POINT('',(0.133067448842572,-0.121264700782314,0.0534774771890942));
#15491=CARTESIAN_POINT('',(0.132302318747585,-0.12145738442767,0.0512750930417902));
#15492=CARTESIAN_POINT('',(0.133113502660129,-0.114853332476582,0.0536100405248891));
#15493=CARTESIAN_POINT('',(0.131947617882385,-0.114853332476582,0.0502541064570653));
#15494=CARTESIAN_POINT('',(0.13341428319841,-0.114853332476582,0.054475820466978));
#15495=CARTESIAN_POINT('',(0.13341428319841,-0.114453332476583,0.054475820466978));
#15496=CARTESIAN_POINT('',(0.132218106379812,-0.134453332476582,0.0510326924552694));
#15497=CARTESIAN_POINT('',(0.131947617882385,-0.154453332476582,0.0502541064570641));
#15498=CARTESIAN_POINT('',(0.128718106409614,-0.154453332476582,0.0567514553327883));
#15499=CARTESIAN_POINT('',(0.132218106379812,-0.154453332476582,0.057751455392393));
#15500=CARTESIAN_POINT('',(0.132218106379812,-0.154453332476583,0.0627514553327886));
#15501=CARTESIAN_POINT('',(0.124968106394713,-0.154453332476583,0.0627514553327883));
#15502=CARTESIAN_POINT('',(0.126218106379812,-0.154453332476583,0.0627514553327883));
#15503=CARTESIAN_POINT('',(0.127843106387263,-0.154453332476582,0.0611264553253378));
#15504=CARTESIAN_POINT('',(0.127864862131098,-0.117453332476583,0.0568078146469808));
#15505=CARTESIAN_POINT('',(0.132611617882385,-0.117453332476583,0.0602791064570652));
#15506=CARTESIAN_POINT('',(0.134461617882385,-0.117453332476583,0.0602791064570652));
#15507=CARTESIAN_POINT('',(0.132611617882385,-0.117453332476583,0.0602791064570652));
#15508=CARTESIAN_POINT('',(0.132218106379812,-0.117453332476583,0.0627479419512493));
#15509=CARTESIAN_POINT('',(0.132590302619251,-0.117453332476583,0.0577791973268052));
#15510=CARTESIAN_POINT('',(0.156960115677158,-0.117453332476583,0.0621034485240395));
#15511=CARTESIAN_POINT('',(0.132608274803265,-0.117453332476583,0.0576791086923018));
#15512=CARTESIAN_POINT('',(0.132611617882385,-0.117453332476583,0.0601791064570652));
#15513=CARTESIAN_POINT('',(0.130111617882385,-0.117453332476583,0.0601791064570652));
#15514=CARTESIAN_POINT('',(0.130111617882385,-0.117453332476583,0.0602791064570652));
#15515=CARTESIAN_POINT('',(0.130111617882385,-0.117453332476583,0.0627514553327894));
#15516=CARTESIAN_POINT('',(0.124117150584462,-0.117453332476583,0.0627514553327894));
#15517=CARTESIAN_POINT('',(0.132218106379812,-0.117453332476583,0.0627514553327899));
#15518=CARTESIAN_POINT('',(0.132218106379812,-0.117453332476583,0.057826544631966));
#15519=CARTESIAN_POINT('',(0.132611617882385,-0.114453332476583,0.0601791064570653));
#15520=CARTESIAN_POINT('',(0.132611617882385,-0.114853332476583,0.0601791064570653));
#15521=CARTESIAN_POINT('',(0.132608274803264,-0.114853332476583,0.0576791086923019));
#15522=CARTESIAN_POINT('',(0.130111617882385,-0.114853332476583,0.0601791064570653));
#15523=CARTESIAN_POINT('',(0.130111617882385,-0.114453332476583,0.0601791064570653));
#15524=CARTESIAN_POINT('',(0.132608274803265,-0.114453332476583,0.0576791086923019));
#15525=CARTESIAN_POINT('',(0.156960115677158,-0.114653332476583,0.0621034485240396));
#15526=CARTESIAN_POINT('',(0.156960115677158,-0.114453332476583,0.0621034485240396));
#15527=CARTESIAN_POINT('',(0.132272784761108,-0.114453332476583,0.0572989689402225));
#15528=CARTESIAN_POINT('',(0.132992573564573,-0.114453332476583,0.0544808336897867));
#15529=CARTESIAN_POINT('',(0.132608274803264,-0.114853332476583,0.0576791086923019));
#15530=CARTESIAN_POINT('',(0.132499081011172,-0.114722544116086,0.0575484662323934));
#15531=CARTESIAN_POINT('',(0.132386354599213,-0.114588199808517,0.0574214054689718));
#15532=CARTESIAN_POINT('',(0.132272784761108,-0.114453332476583,0.0572989689402224));
#15533=CARTESIAN_POINT('',(0.156960115677158,-0.114853332476583,0.0621034485240396));
#15534=CARTESIAN_POINT('',(0.181528254534637,-0.0672590944918542,0.337998450286518));
#15535=CARTESIAN_POINT('',(0.13292457891774,-0.114653332476582,0.053675674506652));
#15536=CARTESIAN_POINT('',(0.132735655175352,-0.114453332476582,0.0537413084884148));
#15537=CARTESIAN_POINT('',(0.13166662812301,-0.114453332476582,0.0506641739611723));
#15538=CARTESIAN_POINT('',(0.167459335621968,-0.134091508693596,0.0938499891636874));
#15539=CARTESIAN_POINT('',(0.135218106379812,-0.138483142948968,0.0579913083952326));
#15540=CARTESIAN_POINT('',(0.130218106379812,-0.120453332476596,0.0579913083952331));
#15541=CARTESIAN_POINT('',(0.130218106379812,-0.120869791722302,0.0579913083887021));
#15542=CARTESIAN_POINT('',(0.130218106379812,-0.13411565624288,0.0579913083952327));
#15543=CARTESIAN_POINT('',(0.135218106379812,-0.120869791723445,0.0579913083952331));
#15544=CARTESIAN_POINT('',(0.135218106379812,-0.130614618551832,0.0579913083952328));
#15545=CARTESIAN_POINT('',(0.130791682816163,-0.142938359357611,0.0627514553327887));
#15546=CARTESIAN_POINT('',(0.132326493873855,-0.141863673085288,0.0626622417045151));
#15547=CARTESIAN_POINT('',(0.122915484949049,-0.148453332476596,0.0559794671322684));
#15548=CARTESIAN_POINT('',(0.122915484949049,-0.148453332476596,0.0607514553327885));
#15549=CARTESIAN_POINT('',(0.122915484949049,-0.148453332476596,0.0582514553327885));
#15550=CARTESIAN_POINT('',(0.122447536805341,-0.148780993294311,0.0582514553327885));
#15551=CARTESIAN_POINT('',(0.130218106379812,-0.143339981902084,0.0582514553327887));
#15552=CARTESIAN_POINT('',(0.130218106379812,-0.143339981902084,0.0622514553327886));
#15553=CARTESIAN_POINT('',(0.130218106379812,-0.143339981902084,0.0579913083952325));
#15554=CARTESIAN_POINT('',(0.135218106379812,-0.139838944211035,0.0579913083952326));
#15555=CARTESIAN_POINT('',(0.132326493873855,-0.12045333651886,0.0626622417045157));
#15556=CARTESIAN_POINT('',(0.132326493873855,-0.148453332476596,0.0626622417045149));
#15557=CARTESIAN_POINT('',(0.132326493873855,-0.133371812179342,0.0626622417045153));
#15558=CARTESIAN_POINT('',(0.123938835539854,-0.139244913772737,0.0627514553327888));
#15559=CARTESIAN_POINT('',(0.135218106379812,-0.131347083305089,0.0579913083952328));
#15560=CARTESIAN_POINT('',(0.130218106379812,-0.134848120996137,0.0579913083952327));
#15561=CARTESIAN_POINT('',(0.130218106379812,-0.134848120996137,0.0622514553327889));
#15562=CARTESIAN_POINT('',(0.130218106379812,-0.134848120996137,0.0582514553327889));
#15563=CARTESIAN_POINT('',(0.124282981401664,-0.139003940246053,0.0582514553327888));
#15564=CARTESIAN_POINT('',(0.135218106379812,-0.138483142948968,0.0579913083952326));
#15565=CARTESIAN_POINT('',(0.130218106379812,-0.120453332476596,0.0579913083952331));
#15566=CARTESIAN_POINT('',(0.132215098210328,-0.147085782272465,0.0516198604525272));
#15567=CARTESIAN_POINT('',(0.132326493873855,-0.14700949796444,0.0626622417045149));
#15568=CARTESIAN_POINT('',(0.130218106085213,-0.148453332476596,0.0513140583301177));
#15569=CARTESIAN_POINT('',(0.130218106085212,-0.148453332476596,0.0571856578926578));
#15570=CARTESIAN_POINT('',(0.130218106306162,-0.148453332375724,0.0579913083952323));
#15571=CARTESIAN_POINT('',(0.135218106379812,-0.14502930724508,0.0579913083952324));
#15572=CARTESIAN_POINT('',(0.132326493873855,-0.12045333651886,0.0626622417045157));
#15573=CARTESIAN_POINT('',(0.132326493873855,-0.142596137838545,0.062662241704515));
#15574=CARTESIAN_POINT('',(0.123961553026422,-0.148453332476596,0.054708982650191));
#15575=CARTESIAN_POINT('',(0.132326493873855,-0.148453332476596,0.0626622417045149));
#15576=CARTESIAN_POINT('',(0.122791682667152,-0.149272484520885,0.0627514553327885));
#15577=CARTESIAN_POINT('',(0.122791682667152,-0.149272484520885,0.0582514553327885));
#15578=CARTESIAN_POINT('',(0.123961553026422,-0.148453332476596,0.0582514553327885));
#15579=CARTESIAN_POINT('',(0.130218106379812,-0.144072446655341,0.0582514553327886));
#15580=CARTESIAN_POINT('',(0.123961553026422,-0.148453332476596,0.0627514553327885));
#15581=CARTESIAN_POINT('',(0.135218106379812,-0.140571408964292,0.0579913083952325));
#15582=CARTESIAN_POINT('',(0.130218106379812,-0.144072446655341,0.0579913083952324));
#15583=CARTESIAN_POINT('',(0.130218106379812,-0.144072446655341,0.0622514553327886));
#15584=CARTESIAN_POINT('',(0.135218106379812,-0.138483142948968,0.0579913083952326));
#15585=CARTESIAN_POINT('',(0.130218106379812,-0.120453332476596,0.0579913083952331));
#15586=CARTESIAN_POINT('',(0.125218106379812,-0.154663392812095,0.0637514553327883));
#15587=CARTESIAN_POINT('',(0.126218106379812,-0.154663392812095,0.0627514553327883));
#15588=CARTESIAN_POINT('',(0.129911617882385,-0.114653332476583,0.0597152808949274));
#15589=CARTESIAN_POINT('',(0.129711617882385,-0.114453332476583,0.0597152808949274));
#15590=CARTESIAN_POINT('',(0.129711617882385,-0.114453332476583,0.0627514553327895));
#15591=CARTESIAN_POINT('',(0.129711617882385,-0.114453332476583,0.0601791064570653));
#15592=CARTESIAN_POINT('',(0.137688240006741,-0.122429954600939,0.0627514553327892));
#15593=CARTESIAN_POINT('',(0.130111617882385,-0.114853332476583,0.0627514553327895));
#15594=CARTESIAN_POINT('',(0.130111617882385,-0.114853332476583,0.0597152808949274));
#15595=CARTESIAN_POINT('',(0.130111617882385,-0.114853332476583,0.0601791064570653));
#15596=CARTESIAN_POINT('',(0.130111617882385,-0.114453332476583,0.0601791064570653));
#15597=CARTESIAN_POINT('',(0.130111617882385,-0.134453332476583,0.0627514553327889));
#15598=CARTESIAN_POINT('',(0.130218106379812,-0.148453332476596,0.0622514553327885));
#15599=CARTESIAN_POINT('',(0.130218106379812,-0.134115656242881,0.0622514553327889));
#15600=CARTESIAN_POINT('',(0.130218106379812,-0.13411565624288,0.0582514553327889));
#15601=CARTESIAN_POINT('',(0.130218106379812,-0.141453332476589,0.0582514553327887));
#15602=CARTESIAN_POINT('',(0.130218106379812,-0.141453332476589,0.0582514553327887));
#15603=CARTESIAN_POINT('',(0.130218106379812,-0.148453332476596,0.0622514553327885));
#15604=CARTESIAN_POINT('',(0.130218106379812,-0.148453332476596,0.0627514553327885));
#15605=CARTESIAN_POINT('',(0.130218106379812,-0.15145333247659,0.0627514553327884));
#15606=CARTESIAN_POINT('',(0.130218106379812,-0.120453332827977,0.0627514553327893));
#15607=CARTESIAN_POINT('',(0.130218106379812,-0.120823930165317,0.0585155083837287));
#15608=CARTESIAN_POINT('',(0.130218106379812,-0.148453332476596,0.0627514553327885));
#15609=CARTESIAN_POINT('',(0.128218106379812,-0.148453332476596,0.0582514553327885));
#15610=CARTESIAN_POINT('',(0.121718106379812,-0.148453332476596,0.0627514553327885));
#15611=CARTESIAN_POINT('',(0.132611617882385,-0.117653332476583,0.0602791064570652));
#15612=CARTESIAN_POINT('',(0.132611617882385,-0.117853332476583,0.0602791064570652));
#15613=CARTESIAN_POINT('',(0.134061617882385,-0.117853332476583,0.0602791064570652));
#15614=CARTESIAN_POINT('',(0.132611617882385,-0.114653332476583,0.0601791064570653));
#15615=CARTESIAN_POINT('',(0.132611617882385,-0.114453332476583,0.0601791064570653));
#15616=CARTESIAN_POINT('',(0.126218106379812,-0.134453332476582,0.0582514553327889));
#15617=CARTESIAN_POINT('',(0.123938835539854,-0.13851244901948,0.0582514553327888));
#15618=CARTESIAN_POINT('',(0.126218106379812,-0.134453332476582,0.0582514553327889));
#15619=CARTESIAN_POINT('',(0.132611617882385,-0.114453332476583,0.0602791064570653));
#15620=CARTESIAN_POINT('',(0.132611617882385,-0.120953332476583,0.0602791064570651));
#15621=CARTESIAN_POINT('',(0.134061617882385,-0.120953332476583,0.0602791064570651));
#15622=CARTESIAN_POINT('',(0.132611617882385,-0.120953332476583,0.0576791064570651));
#15623=CARTESIAN_POINT('',(0.156960115677158,-0.114453332476583,0.0621034485240396));
#15624=CARTESIAN_POINT('',(0.156960115677158,-0.123453332476583,0.0621034485240394));
#15625=CARTESIAN_POINT('',(0.132590302619251,-0.123453332476583,0.057779197326805));
#15626=CARTESIAN_POINT('',(0.132218106379812,-0.123453332136067,0.0614554417152893));
#15627=CARTESIAN_POINT('',(0.132218106379812,-0.126453332476583,0.0614554417152892));
#15628=CARTESIAN_POINT('',(0.132590302619251,-0.114453332476583,0.0577791973268052));
#15629=CARTESIAN_POINT('',(0.132218106379812,-0.114453332476583,0.0587514554519987));
#15630=CARTESIAN_POINT('',(0.132218106379812,-0.114453332476583,0.0627514553327902));
#15631=CARTESIAN_POINT('',(0.132218106379822,-0.148203734658883,0.0621034461287529));
#15632=CARTESIAN_POINT('',(0.132218106379812,-0.12345324073993,0.0627479419512491));
#15633=CARTESIAN_POINT('',(0.132218106379812,-0.114453332476583,0.0627479419512494));
#15634=CARTESIAN_POINT('',(0.132218106379812,-0.114453332476583,0.0627514553327902));
#15635=CARTESIAN_POINT('',(0.156960115677158,-0.122453332476583,0.0621034485240394));
#15636=CARTESIAN_POINT('',(0.132590302619251,-0.123453332476583,0.0577791973268051));
#15637=CARTESIAN_POINT('',(0.132897077152726,-0.123151733355226,0.0577765816397689));
#15638=CARTESIAN_POINT('',(0.133489508694395,-0.122550255713486,0.0578802027323308));
#15639=CARTESIAN_POINT('',(0.134304743079902,-0.121664503421766,0.0583569896734759));
#15640=CARTESIAN_POINT('',(0.134959665058862,-0.120888495968679,0.0591847412259314));
#15641=CARTESIAN_POINT('',(0.135224180921794,-0.120486167139307,0.0604657333835336));
#15642=CARTESIAN_POINT('',(0.13477429624587,-0.120884412789322,0.0617082346847775));
#15643=CARTESIAN_POINT('',(0.134003705918918,-0.121660207804547,0.0624284040529615));
#15644=CARTESIAN_POINT('',(0.133128800337484,-0.122543647341396,0.0627814343364586));
#15645=CARTESIAN_POINT('',(0.132521240298486,-0.123151467771403,0.0627962589210515));
#15646=CARTESIAN_POINT('',(0.132218106488547,-0.123453240631683,0.0627479419685806));
#15647=CARTESIAN_POINT('',(0.132611617882385,-0.114453332476583,0.0602791064570653));
#15648=CARTESIAN_POINT('',(0.122218106230801,-0.143497526352283,0.0556178082125401));
#15649=CARTESIAN_POINT('',(0.132218106379812,-0.143498347174178,0.0622510575686077));
#15650=CARTESIAN_POINT('',(0.122811277807131,-0.143497373965291,0.0548004471959617));
#15651=CARTESIAN_POINT('',(0.122218106556827,-0.143497425209363,0.0548004491643571));
#15652=CARTESIAN_POINT('',(0.122415830102928,-0.143497425209363,0.0548004491643571));
#15653=CARTESIAN_POINT('',(0.122613553649028,-0.143497425209363,0.0548004491643571));
#15654=CARTESIAN_POINT('',(0.122811277195129,-0.143497425209363,0.0548004491643571));
#15655=CARTESIAN_POINT('',(0.121482898395291,-0.133216724822204,0.0517017216820037));
#15656=CARTESIAN_POINT('',(0.121482898161287,-0.14364572491198,0.0517004311328046));
#15657=CARTESIAN_POINT('',(0.126501093270945,-0.143645724976361,0.0517004297879421));
#15658=CARTESIAN_POINT('',(0.126498050766625,-0.130316433436032,0.051702080238352));
#15659=CARTESIAN_POINT('',(0.126499911596893,-0.138468158013874,0.0517010694916196));
#15660=CARTESIAN_POINT('',(0.137124084447531,-0.138468157770496,0.0517010645248617));
#15661=CARTESIAN_POINT('',(0.137124084188309,-0.138441052044186,0.0511479033647533));
#15662=CARTESIAN_POINT('',(0.132218106379812,-0.138985123249351,0.0622510575686078));
#15663=CARTESIAN_POINT('',(0.122810798973065,-0.138620322409303,0.0548010653304361));
#15664=CARTESIAN_POINT('',(0.122218106564499,-0.138620063082688,0.0548010780702316));
#15665=CARTESIAN_POINT('',(0.122415670700688,-0.138620063082688,0.0548010780702316));
#15666=CARTESIAN_POINT('',(0.122613234836876,-0.138620063082688,0.0548010780702316));
#15667=CARTESIAN_POINT('',(0.122810798973065,-0.138620063082688,0.0548010780702316));
#15668=CARTESIAN_POINT('',(0.121482898395291,-0.133216724822204,0.0517017216820037));
#15669=CARTESIAN_POINT('',(0.122218104400378,-0.127285348941708,0.0517024553235606));
#15670=CARTESIAN_POINT('',(0.12649735664512,-0.127285348941637,0.0517024553235598));
#15671=CARTESIAN_POINT('',(0.126498050766625,-0.130316433436032,0.051702080238352));
#15672=CARTESIAN_POINT('',(0.126496230625414,-0.122338765696772,0.0517030654444536));
#15673=CARTESIAN_POINT('',(0.139008090055731,-0.122338765408641,0.05170305959521));
#15674=CARTESIAN_POINT('',(0.122218106230801,-0.138620581740236,0.054801052655236));
#15675=CARTESIAN_POINT('',(0.132218106379812,-0.138621503630378,0.0622510575686078));
#15676=CARTESIAN_POINT('',(0.122218106230801,-0.127285833441417,0.0556178082125405));
#15677=CARTESIAN_POINT('',(0.132218106379812,-0.127286654263313,0.062251057568608));
#15678=CARTESIAN_POINT('',(0.122218106230801,-0.122491719488744,0.0548030485407541));
#15679=CARTESIAN_POINT('',(0.132218106379812,-0.122492641131908,0.0622510575686081));
#15680=CARTESIAN_POINT('',(0.122809218682779,-0.122491594683192,0.0548030546701331));
#15681=CARTESIAN_POINT('',(0.122809218682779,-0.122491719488744,0.0548030485407541));
#15682=CARTESIAN_POINT('',(0.122612181335803,-0.122491719488744,0.0548030485407541));
#15683=CARTESIAN_POINT('',(0.122415143988826,-0.122491719488744,0.0548030485407541));
#15684=CARTESIAN_POINT('',(0.12221810664185,-0.122491719488744,0.0548030485407541));
#15685=CARTESIAN_POINT('',(0.131938835688865,-0.132910788609463,0.062751455332789));
#15686=CARTESIAN_POINT('',(0.132326493873855,-0.132639347426085,0.0626622417045153));
#15687=CARTESIAN_POINT('',(0.132326493873855,-0.12045333651886,0.0626622417045157));
#15688=CARTESIAN_POINT('',(0.132326493873855,-0.120461138009806,0.0626622417045157));
#15689=CARTESIAN_POINT('',(0.127717743785499,-0.120938424002229,0.0572068378296756));
#15690=CARTESIAN_POINT('',(0.124467925088567,-0.120453332826005,0.0627514553327893));
#15691=CARTESIAN_POINT('',(0.132218106379812,-0.154453332476583,0.0622510575686074));
#15692=CARTESIAN_POINT('',(0.132218106379812,-0.143140651052623,0.0622510575686077));
#15693=CARTESIAN_POINT('',(0.132218106379812,-0.154453332476583,0.0622510575686074));
#15694=CARTESIAN_POINT('',(0.122218106229451,-0.148223987297565,0.0556178082144824));
#15695=CARTESIAN_POINT('',(0.12296584226388,-0.147552403197311,0.0544905536733775));
#15696=CARTESIAN_POINT('',(0.124355429803853,-0.146582937273952,0.053000589175245));
#15697=CARTESIAN_POINT('',(0.126746781371628,-0.145517436531457,0.0515003424262692));
#15698=CARTESIAN_POINT('',(0.128078203229365,-0.145123791628595,0.0509633974233269));
#15699=CARTESIAN_POINT('',(0.128788942625202,-0.144967127952723,0.0507514560127196));
#15700=CARTESIAN_POINT('',(0.128788942625211,-0.144967127952723,0.0507514560127221));
#15701=CARTESIAN_POINT('',(0.128788942292108,-0.154453332476582,0.0507514561120526));
#15702=CARTESIAN_POINT('',(0.128788941957986,-0.114853332476615,0.0507514562116534));
#15703=CARTESIAN_POINT('',(0.132218106379812,-0.114853328174196,0.0622510575686086));
#15704=CARTESIAN_POINT('',(0.132218106379812,-0.154453332476583,0.0622510575686074));
#15705=CARTESIAN_POINT('',(0.132218106379812,-0.122858354386193,0.0622510575686081));
#15706=CARTESIAN_POINT('',(0.139008090376108,-0.12237244147132,0.0523867058160445));
#15707=CARTESIAN_POINT('',(0.132218106379812,-0.11465333032539,0.0622510575686086));
#15708=CARTESIAN_POINT('',(0.446071847147685,-0.138001264166642,0.0276035243631083));
#15709=CARTESIAN_POINT('',(0.12884781710795,-0.114453332476539,0.0511514562143718));
#15710=CARTESIAN_POINT('',(0.132218106379812,-0.114453332476583,0.0622510575686086));
#15711=CARTESIAN_POINT('',(0.122218106230801,-0.114453332475922,0.0511514562136676));
#15712=CARTESIAN_POINT('',(0.122218106230801,-0.114853332577536,0.0507514561120534));
#15713=CARTESIAN_POINT('',(0.122218106230801,-0.114453332476582,0.0511514562130069));
#15714=CARTESIAN_POINT('',(0.122218106230801,-0.114853332476583,0.0507514561120534));
#15715=CARTESIAN_POINT('',(0.122218106230801,-0.144967127952722,0.0507514560127217));
#15716=CARTESIAN_POINT('',(0.122218106229451,-0.144967127952723,0.0507514560127216));
#15717=CARTESIAN_POINT('',(0.128828367643585,-0.144967127952723,0.0507514560127219));
#15718=CARTESIAN_POINT('',(0.122218106229451,-0.145236058887538,0.0511152774369488));
#15719=CARTESIAN_POINT('',(0.128828367643585,-0.145236058887538,0.0511152774369492));
#15720=CARTESIAN_POINT('',(0.122218106229451,-0.145638598736891,0.0516693964941901));
#15721=CARTESIAN_POINT('',(0.128828367643585,-0.145638598736891,0.0516693964941905));
#15722=CARTESIAN_POINT('',(0.122218106229451,-0.146167154473149,0.0524205676460532));
#15723=CARTESIAN_POINT('',(0.128828367643585,-0.146167154473149,0.0524205676460536));
#15724=CARTESIAN_POINT('',(0.122218106229451,-0.14655768383363,0.0529886824296216));
#15725=CARTESIAN_POINT('',(0.128828367643585,-0.14655768383363,0.052988682429622));
#15726=CARTESIAN_POINT('',(0.122218106229451,-0.146941376657631,0.0535615612993606));
#15727=CARTESIAN_POINT('',(0.128828367643585,-0.146941376657631,0.053561561299361));
#15728=CARTESIAN_POINT('',(0.122218106229451,-0.147251920985825,0.0540383171112484));
#15729=CARTESIAN_POINT('',(0.128828367643585,-0.147251920985825,0.0540383171112487));
#15730=CARTESIAN_POINT('',(0.122218106229451,-0.147498814926539,0.054426963059521));
#15731=CARTESIAN_POINT('',(0.128828367643585,-0.147498814926539,0.0544269630595214));
#15732=CARTESIAN_POINT('',(0.122218106229451,-0.147728110289711,0.0547923788910106));
#15733=CARTESIAN_POINT('',(0.128828367643585,-0.147728110289711,0.054792378891011));
#15734=CARTESIAN_POINT('',(0.122218106229451,-0.147961089198481,0.0551760679350855));
#15735=CARTESIAN_POINT('',(0.128828367643585,-0.147961089198481,0.0551760679350859));
#15736=CARTESIAN_POINT('',(0.122218106229451,-0.148266762542785,0.0556896423979302));
#15737=CARTESIAN_POINT('',(0.128828367643585,-0.148266762542785,0.0556896423979306));
#15738=CARTESIAN_POINT('',(0.133296957333847,-0.143563046487253,0.0534275234331478));
#15739=CARTESIAN_POINT('',(0.132218106379812,-0.154453332476583,0.0622510575686074));
#15740=CARTESIAN_POINT('',(0.132218106379812,-0.114853328174196,0.0622510575686086));
#15741=CARTESIAN_POINT('',(0.120218106379812,-0.114853329249793,0.0622510575686086));
#15742=CARTESIAN_POINT('',(0.121720955091642,-0.114853330752984,0.0564364359045929));
#15743=CARTESIAN_POINT('',(0.121720954625717,-0.154453332476582,0.0564364376281908));
#15744=CARTESIAN_POINT('',(0.120218106379812,-0.154453332476583,0.0622510575686074));
#15745=CARTESIAN_POINT('',(0.121218106379812,-0.154453332476583,0.0627514553327883));
#15746=CARTESIAN_POINT('',(0.120618106386632,-0.114453332476583,0.0627514553327895));
#15747=CARTESIAN_POINT('',(0.120618106379812,-0.114453332476583,0.0627514553327895));
#15748=CARTESIAN_POINT('',(0.120418106379812,-0.114653332476583,0.0627514553327892));
#15749=CARTESIAN_POINT('',(0.120218106384207,-0.114853332472188,0.0627514553327895));
#15750=CARTESIAN_POINT('',(0.120218106379812,-0.154453332476583,0.0627514553327883));
#15751=CARTESIAN_POINT('',(0.120218106379812,-0.154469629755834,0.043251455332789));
#15752=CARTESIAN_POINT('',(0.120218106379812,-0.114853330325401,0.0500014553327898));
#15753=CARTESIAN_POINT('',(0.12923515377279,-0.114453332476583,0.0564364376281917));
#15754=CARTESIAN_POINT('',(0.128976630091202,-0.114853332476583,0.0564364376281917));
#15755=CARTESIAN_POINT('',(0.117885771165293,-0.114653332476583,0.0569242674097739));
#15756=CARTESIAN_POINT('',(0.119619609355579,-0.112919494285985,0.0545025994375946));
#15757=CARTESIAN_POINT('',(0.118085771165257,-0.114453332476583,0.0560364376281917));
#15758=CARTESIAN_POINT('',(0.118085771165257,-0.114453332476583,0.0569242674097739));
#15759=CARTESIAN_POINT('',(0.120418106379812,-0.114653332476582,0.0500014553327898));
#15760=CARTESIAN_POINT('',(0.120618108531017,-0.114453332476582,0.0500014553327898));
#15761=CARTESIAN_POINT('',(0.120618106379797,-0.114453332476583,0.0622510575686086));
#15762=CARTESIAN_POINT('',(0.120618106379789,-0.114453332476583,0.0622510575686086));
#15763=CARTESIAN_POINT('',(0.132218106379812,-0.11465333032539,0.0622510575686086));
#15764=CARTESIAN_POINT('',(0.132218106379812,-0.114453332476583,0.0622510575686086));
#15765=CARTESIAN_POINT('',(0.122423286371425,-0.114453332476583,0.0560364376281917));
#15766=CARTESIAN_POINT('',(0.122423286371425,-0.114453332476583,0.0560364376281917));
#15767=CARTESIAN_POINT('',(0.122185982126961,-0.114583805991614,0.0561669111432235));
#15768=CARTESIAN_POINT('',(0.121951831420187,-0.114717287904181,0.0563003930557904));
#15769=CARTESIAN_POINT('',(0.121720954106224,-0.114853329884573,0.0564364350361825));
#15770=CARTESIAN_POINT('',(0.128976630091202,-0.114653332476583,0.0562364376281917));
#15771=CARTESIAN_POINT('',(0.128976630091202,-0.114453332476583,0.0560364376281917));
#15772=CARTESIAN_POINT('',(0.125539172364915,-0.119453328174196,0.0567078146469808));
#15773=CARTESIAN_POINT('',(0.126805339972193,-0.119453328174197,0.0577514553327892));
#15774=CARTESIAN_POINT('',(0.129155339972193,-0.119453328174197,0.0577514553327892));
#15775=CARTESIAN_POINT('',(0.128718106409615,-0.114453332476583,0.0567514553327895));
#15776=CARTESIAN_POINT('',(0.126805339972193,-0.114453332476583,0.0577514553327894));
#15777=CARTESIAN_POINT('',(0.129555339972193,-0.114453332476583,0.0577514553327894));
#15778=CARTESIAN_POINT('',(0.126805339972193,-0.114453328174197,0.0577514553327894));
#15779=CARTESIAN_POINT('',(0.126805339972193,-0.114853332476583,0.0577514553327894));
#15780=CARTESIAN_POINT('',(0.129155339972193,-0.114853332476583,0.0577514553327894));
#15781=CARTESIAN_POINT('',(0.126805339972193,-0.114653332476583,0.0577514553327894));
#15782=CARTESIAN_POINT('',(0.16321711334539,-0.143929763973843,0.104702165268219));
#15783=CARTESIAN_POINT('',(0.165592097783285,-0.14630474841173,0.10471076987294));
#15784=CARTESIAN_POINT('',(0.16321711334539,-0.143929763973826,0.104702165268219));
#15785=CARTESIAN_POINT('',(0.160312606063183,-0.141025256691643,0.104691642194183));
#15786=CARTESIAN_POINT('',(0.16321711334539,-0.148614574909194,0.104719138409453));
#15787=CARTESIAN_POINT('',(0.16321711334539,-0.141025256691632,0.104691642194183));
#15788=CARTESIAN_POINT('',(0.16321711334539,-0.141025256691643,0.104691642194183));
#15789=CARTESIAN_POINT('',(0.16321711334539,-0.153429764074649,0.104702165268219));
#15790=CARTESIAN_POINT('',(0.160312606063183,-0.147227510383146,0.104691642194183));
#15791=CARTESIAN_POINT('',(0.160312606063198,-0.140429764021512,0.104691642194183));
#15792=CARTESIAN_POINT('',(0.155470779638957,-0.140429764021512,0.104674100183445));
#15793=CARTESIAN_POINT('',(0.16321711334539,-0.140429764021512,0.104702165268219));
#15794=CARTESIAN_POINT('',(0.16321711334539,-0.153429764074649,0.104702165268219));
#15795=CARTESIAN_POINT('',(0.160312606063187,-0.141025256691643,0.104691642194183));
#15796=CARTESIAN_POINT('',(0.154014859704288,-0.140429764021512,0.104691642194183));
#15797=CARTESIAN_POINT('',(0.16321711334539,-0.140429764021512,0.104691642194183));
#15798=CARTESIAN_POINT('',(0.16321711334539,-0.147227510383146,0.104691642194183));
#15799=CARTESIAN_POINT('',(0.16321711334539,-0.153429764074649,0.0687499997466802));
#15800=CARTESIAN_POINT('',(0.16321711334539,-0.140429764021512,0.085507162832411));
#15801=CARTESIAN_POINT('',(0.147717113322618,-0.140429764021512,0.115207162959085));
#15802=MECHANICAL_DESIGN_GEOMETRIC_PRESENTATION_REPRESENTATION('',(#8826),
#15803);
#15803=(
GEOMETRIC_REPRESENTATION_CONTEXT(3)
GLOBAL_UNCERTAINTY_ASSIGNED_CONTEXT((#15804))
GLOBAL_UNIT_ASSIGNED_CONTEXT((#15807,#15806,#15805))
REPRESENTATION_CONTEXT('Duct','TOP_LEVEL_ASSEMBLY_PART')
);
#15804=UNCERTAINTY_MEASURE_WITH_UNIT(LENGTH_MEASURE(3.2109264914272E-5),
#15807,'DISTANCE_ACCURACY_VALUE','Maximum Tolerance applied to model');
#15805=(
NAMED_UNIT(*)
SI_UNIT($,.STERADIAN.)
SOLID_ANGLE_UNIT()
);
#15806=(
NAMED_UNIT(*)
PLANE_ANGLE_UNIT()
SI_UNIT($,.RADIAN.)
);
#15807=(
LENGTH_UNIT()
NAMED_UNIT(*)
SI_UNIT($,.METRE.)
);
#15808=PRODUCT_DEFINITION_SHAPE('','',#15809);
#15809=PRODUCT_DEFINITION('','',#15811,#15810);
#15810=PRODUCT_DEFINITION_CONTEXT('',#15817,'design');
#15811=PRODUCT_DEFINITION_FORMATION_WITH_SPECIFIED_SOURCE('','',#15813,
 .NOT_KNOWN.);
#15812=PRODUCT_RELATED_PRODUCT_CATEGORY('','',(#15813));
#15813=PRODUCT('Duct','Duct','Duct',(#15815));
#15814=PRODUCT_CATEGORY('','');
#15815=PRODUCT_CONTEXT('',#15817,'mechanical');
#15816=APPLICATION_PROTOCOL_DEFINITION('international standard',
'ap242_managed_model_based_3d_engineering',2020,#15817);
#15817=APPLICATION_CONTEXT('managed model based 3d engineering');
ENDSEC;
END-ISO-10303-21;
